global_patch_index,wedge_index,column_index,patch_in_column,is_rectangular,layer_id,hit_index_in_sp,hit_id,x_mm,y_mm,z_mm,r_mm,phi_rad,module_id
0,0,0,0,1,2,0,24303,-31.545,-0.988,154.850,31.560,-3.110,160
0,0,0,0,1,2,1,23724,-32.955,-1.002,161.927,32.970,-3.111,145
0,0,0,0,1,2,2,24285,-31.512,-0.409,163.354,31.515,-3.129,160
0,0,0,0,1,2,3,23723,-33.174,-0.376,171.973,33.176,-3.130,145
0,0,0,0,1,2,4,24278,-31.528,-0.688,186.404,31.536,-3.120,160
0,0,0,0,1,2,5,24305,-31.553,-1.126,191.086,31.573,-3.106,160
0,0,0,0,1,2,6,23704,-33.042,-0.753,195.410,33.051,-3.119,145
0,0,0,0,1,2,7,23728,-32.924,-1.092,199.350,32.942,-3.108,145
0,0,0,0,1,2,8,24707,-31.994,-0.154,228.962,31.994,-3.137,176
0,0,0,0,1,2,9,24337,-33.440,-1.116,230.516,33.459,-3.108,161
0,0,0,0,1,2,10,24705,-32.030,-0.787,231.551,32.039,-3.117,176
0,0,0,0,1,2,11,24323,-33.756,-0.213,241.269,33.756,-3.135,161
0,0,0,0,1,2,12,24715,-32.019,-0.590,273.325,32.024,-3.123,176
0,0,0,0,1,2,13,24703,-32.050,-1.153,278.329,32.071,-3.106,176
0,0,0,0,1,2,14,24735,-33.095,-0.601,282.464,33.101,-3.123,177
0,0,0,0,1,2,15,24738,-32.898,-1.165,285.712,32.919,-3.106,177
0,0,0,0,1,4,0,29780,-72.817,-3.315,81.648,72.892,-3.096,257
0,0,0,0,1,4,1,30498,-71.579,-0.639,99.780,71.582,-3.133,288
0,0,0,0,1,4,2,29777,-73.448,-0.716,102.546,73.451,-3.132,257
0,0,0,0,1,4,3,29779,-73.039,-2.397,104.412,73.079,-3.109,257
0,0,0,0,1,4,4,29771,-72.764,-3.532,122.630,72.850,-3.093,257
0,0,0,0,1,4,5,29785,-73.196,-1.753,136.774,73.217,-3.118,257
0,0,0,0,1,4,6,31044,-71.090,-0.488,141.807,71.091,-3.135,320
0,0,0,0,1,4,7,30520,-72.991,-0.499,145.472,72.993,-3.135,289
0,0,0,0,1,4,8,30522,-72.385,-2.993,150.505,72.447,-3.100,289
0,0,0,0,1,4,9,30537,-72.662,-1.851,182.129,72.686,-3.116,289
0,0,0,0,1,4,10,31052,-73.105,-2.127,241.311,73.136,-3.112,321
0,0,0,0,1,4,11,31057,-72.838,-3.229,246.553,72.909,-3.097,321
0,0,0,0,1,4,12,31053,-73.215,-1.675,251.990,73.234,-3.119,321
0,0,0,0,1,4,13,31454,-72.392,-2.964,280.058,72.453,-3.101,353
0,0,0,0,1,4,14,31452,-72.419,-2.855,315.301,72.475,-3.102,353
0,0,0,0,1,4,15,32057,-71.561,-1.060,355.677,71.569,-3.127,416
0,0,0,0,1,6,0,36375,-116.554,-4.481,71.643,116.640,-3.103,417
0,0,0,0,1,6,1,36374,-116.921,-2.674,102.235,116.952,-3.119,417
0,0,0,0,1,6,2,36373,-116.905,-2.751,130.925,116.937,-3.118,417
0,0,0,0,1,6,3,37004,-116.124,-4.110,149.088,116.197,-3.106,469
0,0,0,0,1,6,4,37002,-116.201,-3.728,166.029,116.261,-3.110,469
0,0,0,0,1,6,5,37011,-116.034,-4.553,192.144,116.123,-3.102,469
0,0,0,0,1,6,6,37883,-115.432,-0.577,218.515,115.433,-3.137,572
0,0,0,0,1,6,7,37509,-117.365,-0.486,222.261,117.366,-3.137,521
0,0,0,0,1,6,8,37881,-115.425,-0.663,227.336,115.427,-3.136,572
0,0,0,0,1,6,9,37512,-117.328,-0.666,231.000,117.330,-3.136,521
0,0,0,0,1,6,10,37507,-117.053,-2.024,238.783,117.071,-3.124,521
0,0,0,0,1,6,11,37895,-115.933,-5.047,279.219,116.043,-3.098,573
0,0,0,0,1,6,12,37514,-116.449,-4.994,280.309,116.556,-3.099,521
0,0,0,0,1,6,13,37896,-116.008,-4.679,285.358,116.102,-3.101,573
0,0,0,0,1,6,14,37897,-115.893,-5.244,299.361,116.012,-3.096,573
0,0,0,0,1,6,15,38225,-117.041,-2.083,387.102,117.060,-3.124,625
0,0,0,0,1,8,0,42879,-171.303,-1.132,101.222,171.307,-3.135,702
0,0,0,0,1,8,1,42359,-173.205,-0.930,102.372,173.207,-3.136,625
0,0,0,0,1,8,2,42358,-172.939,-2.388,106.489,172.955,-3.128,625
0,0,0,0,1,8,3,42885,-171.419,-7.970,140.718,171.604,-3.095,703
0,0,0,0,1,8,4,42888,-171.865,-5.521,148.401,171.954,-3.109,703
0,0,0,0,1,8,5,42889,-172.388,-2.652,153.091,172.408,-3.126,703
0,0,0,0,1,8,6,42887,-172.492,-2.083,207.091,172.505,-3.130,703
0,0,0,0,1,8,7,43344,-172.068,-7.169,220.371,172.217,-3.100,781
0,0,0,0,1,8,8,43343,-172.939,-2.390,221.898,172.956,-3.128,781
0,0,0,0,1,8,9,43738,-172.027,-4.630,281.925,172.089,-3.115,859
0,0,0,0,1,8,10,43744,-171.830,-5.712,282.398,171.925,-3.108,859
0,0,0,0,1,8,11,43740,-172.661,-1.152,312.436,172.665,-3.135,859
0,0,0,0,1,8,12,44039,-170.846,-0.726,334.196,170.848,-3.137,936
0,0,0,0,1,8,13,43741,-172.738,-0.732,337.844,172.740,-3.137,859
0,0,0,0,1,8,14,43739,-171.981,-4.883,346.973,172.050,-3.113,859
0,0,0,0,1,8,15,44395,-171.389,-0.272,417.218,171.389,-3.140,1014
1,0,0,1,1,2,0,24303,-31.545,-0.988,154.850,31.560,-3.110,160
1,0,0,1,1,2,1,23724,-32.955,-1.002,161.927,32.970,-3.111,145
1,0,0,1,1,2,2,24285,-31.512,-0.409,163.354,31.515,-3.129,160
1,0,0,1,1,2,3,23723,-33.174,-0.376,171.973,33.176,-3.130,145
1,0,0,1,1,2,4,24278,-31.528,-0.688,186.404,31.536,-3.120,160
1,0,0,1,1,2,5,24305,-31.553,-1.126,191.086,31.573,-3.106,160
1,0,0,1,1,2,6,23704,-33.042,-0.753,195.410,33.051,-3.119,145
1,0,0,1,1,2,7,23728,-32.924,-1.092,199.350,32.942,-3.108,145
1,0,0,1,1,2,8,24707,-31.994,-0.154,228.962,31.994,-3.137,176
1,0,0,1,1,2,9,24337,-33.440,-1.116,230.516,33.459,-3.108,161
1,0,0,1,1,2,10,24705,-32.030,-0.787,231.551,32.039,-3.117,176
1,0,0,1,1,2,11,24323,-33.756,-0.213,241.269,33.756,-3.135,161
1,0,0,1,1,2,12,24715,-32.019,-0.590,273.325,32.024,-3.123,176
1,0,0,1,1,2,13,24703,-32.050,-1.153,278.329,32.071,-3.106,176
1,0,0,1,1,2,14,24735,-33.095,-0.601,282.464,33.101,-3.123,177
1,0,0,1,1,2,15,24738,-32.898,-1.165,285.712,32.919,-3.106,177
1,0,0,1,1,4,0,28740,-72.278,-3.436,60.982,72.359,-3.094,225
1,0,0,1,1,4,1,29752,-71.066,-1.053,63.768,71.074,-3.127,256
1,0,0,1,1,4,2,28756,-72.845,-1.100,65.258,72.853,-3.126,225
1,0,0,1,1,4,3,30514,-71.573,-0.769,78.186,71.578,-3.131,288
1,0,0,1,1,4,4,29775,-73.473,-0.613,80.328,73.475,-3.133,257
1,0,0,1,1,4,5,29780,-72.817,-3.315,81.648,72.892,-3.096,257
1,0,0,1,1,4,6,30498,-71.579,-0.639,99.780,71.582,-3.133,288
1,0,0,1,1,4,7,29777,-73.448,-0.716,102.546,73.451,-3.132,257
1,0,0,1,1,4,8,29779,-73.039,-2.397,104.412,73.079,-3.109,257
1,0,0,1,1,4,9,29771,-72.764,-3.532,122.630,72.850,-3.093,257
1,0,0,1,1,4,10,29785,-73.196,-1.753,136.774,73.217,-3.118,257
1,0,0,1,1,4,11,31044,-71.090,-0.488,141.807,71.091,-3.135,320
1,0,0,1,1,4,12,30520,-72.991,-0.499,145.472,72.993,-3.135,289
1,0,0,1,1,4,13,30522,-72.385,-2.993,150.505,72.447,-3.100,289
1,0,0,1,1,4,14,30537,-72.662,-1.851,182.129,72.686,-3.116,289
1,0,0,1,1,4,15,31052,-73.105,-2.127,241.311,73.136,-3.112,321
1,0,0,1,1,6,0,34839,-117.083,-1.873,-68.215,117.098,-3.126,313
1,0,0,1,1,6,1,34830,-116.760,-3.466,-64.470,116.811,-3.112,313
1,0,0,1,1,6,2,34837,-116.443,-5.026,-56.883,116.551,-3.098,313
1,0,0,1,1,6,3,34838,-116.546,-4.520,-44.228,116.634,-3.103,313
1,0,0,1,1,6,4,34834,-116.489,-4.799,-6.234,116.588,-3.100,313
1,0,0,1,1,6,5,34841,-116.321,-5.624,-2.234,116.457,-3.093,313
1,0,0,1,1,6,6,35651,-116.310,-3.193,0.772,116.354,-3.114,365
1,0,0,1,1,6,7,34840,-116.796,-3.288,0.803,116.842,-3.113,313
1,0,0,1,1,6,8,35649,-115.914,-5.142,21.191,116.028,-3.097,365
1,0,0,1,1,6,9,35661,-115.943,-5.000,67.825,116.051,-3.098,365
1,0,0,1,1,6,10,36375,-116.554,-4.481,71.643,116.640,-3.103,417
1,0,0,1,1,6,11,36374,-116.921,-2.674,102.235,116.952,-3.119,417
1,0,0,1,1,6,12,36373,-116.905,-2.751,130.925,116.937,-3.118,417
1,0,0,1,1,6,13,37004,-116.124,-4.110,149.088,116.197,-3.106,469
1,0,0,1,1,6,14,37002,-116.201,-3.728,166.029,116.261,-3.110,469
1,0,0,1,1,6,15,37011,-116.034,-4.553,192.144,116.123,-3.102,469
1,0,0,1,1,8,0,40125,-172.926,-2.461,-170.663,172.944,-3.127,313
1,0,0,1,1,8,1,40123,-172.997,-2.069,-156.163,173.009,-3.130,313
1,0,0,1,1,8,2,40124,-172.931,-2.432,-154.352,172.948,-3.128,313
1,0,0,1,1,8,3,40122,-173.271,-0.567,-141.452,173.272,-3.138,313
1,0,0,1,1,8,4,40598,-171.394,-0.222,-139.949,171.394,-3.140,390
1,0,0,1,1,8,5,41153,-170.907,-0.118,-139.567,170.907,-3.141,468
1,0,0,1,1,8,6,40605,-171.515,-7.443,-106.741,171.676,-3.098,391
1,0,0,1,1,8,7,40604,-171.450,-7.799,-96.916,171.627,-3.096,391
1,0,0,1,1,8,8,41161,-171.907,-8.051,-61.075,172.095,-3.095,469
1,0,0,1,1,8,9,41159,-172.305,-5.870,-57.589,172.405,-3.108,469
1,0,0,1,1,8,10,41162,-172.891,-2.655,-1.915,172.911,-3.126,469
1,0,0,1,1,8,11,41794,-172.155,-3.932,8.309,172.200,-3.119,547
1,0,0,1,1,8,12,41792,-172.314,-3.055,27.884,172.341,-3.124,547
1,0,0,1,1,8,13,42362,-171.908,-8.048,88.460,172.096,-3.095,625
1,0,0,1,1,8,14,42361,-171.989,-7.604,90.038,172.157,-3.097,625
1,0,0,1,1,8,15,42879,-171.303,-1.132,101.222,171.307,-3.135,702
2,0,1,0,1,2,0,22674,-31.525,-0.638,65.426,31.532,-3.121,128
2,0,1,0,1,2,1,22724,-31.503,-0.239,65.452,31.504,-3.134,128
2,0,1,0,1,2,2,20784,-33.069,-0.676,68.625,33.076,-3.121,113
2,0,1,0,1,2,3,20827,-33.216,-0.255,68.756,33.217,-3.134,113
2,0,1,0,1,2,4,22761,-33.586,-0.699,69.696,33.593,-3.121,129
2,0,1,0,1,2,5,22790,-33.740,-0.257,69.773,33.741,-3.134,129
2,0,1,0,1,2,6,23677,-32.055,-1.239,104.871,32.079,-3.103,144
2,0,1,0,1,2,7,23693,-32.021,-0.640,107.558,32.028,-3.122,144
2,0,1,0,1,2,8,22800,-33.382,-1.282,109.279,33.407,-3.103,129
2,0,1,0,1,2,9,22778,-33.587,-0.695,112.872,33.594,-3.121,129
2,0,1,0,1,2,10,24313,-31.573,-1.487,139.660,31.608,-3.095,160
2,0,1,0,1,2,11,23645,-32.041,-0.990,140.128,32.056,-3.111,144
2,0,1,0,1,2,12,23716,-32.950,-1.017,144.074,32.966,-3.111,145
2,0,1,0,1,2,13,23696,-32.757,-1.570,145.080,32.794,-3.094,145
2,0,1,0,1,2,14,24304,-31.494,-0.081,145.981,31.494,-3.139,160
2,0,1,0,1,2,15,24303,-31.545,-0.988,154.850,31.560,-3.110,160
2,0,1,0,1,4,0,28740,-72.278,-3.436,60.982,72.359,-3.094,225
2,0,1,0,1,4,1,29752,-71.066,-1.053,63.768,71.074,-3.127,256
2,0,1,0,1,4,2,28756,-72.845,-1.100,65.258,72.853,-3.126,225
2,0,1,0,1,4,3,30514,-71.573,-0.769,78.186,71.578,-3.131,288
2,0,1,0,1,4,4,29775,-73.473,-0.613,80.328,73.475,-3.133,257
2,0,1,0,1,4,5,29780,-72.817,-3.315,81.648,72.892,-3.096,257
2,0,1,0,1,4,6,30498,-71.579,-0.639,99.780,71.582,-3.133,288
2,0,1,0,1,4,7,29777,-73.448,-0.716,102.546,73.451,-3.132,257
2,0,1,0,1,4,8,29779,-73.039,-2.397,104.412,73.079,-3.109,257
2,0,1,0,1,4,9,29771,-72.764,-3.532,122.630,72.850,-3.093,257
2,0,1,0,1,4,10,29785,-73.196,-1.753,136.774,73.217,-3.118,257
2,0,1,0,1,4,11,31044,-71.090,-0.488,141.807,71.091,-3.135,320
2,0,1,0,1,4,12,30520,-72.991,-0.499,145.472,72.993,-3.135,289
2,0,1,0,1,4,13,30522,-72.385,-2.993,150.505,72.447,-3.100,289
2,0,1,0,1,4,14,30537,-72.662,-1.851,182.129,72.686,-3.116,289
2,0,1,0,1,4,15,31052,-73.105,-2.127,241.311,73.136,-3.112,321
2,0,1,0,1,6,0,36375,-116.554,-4.481,71.643,116.640,-3.103,417
2,0,1,0,1,6,1,36374,-116.921,-2.674,102.235,116.952,-3.119,417
2,0,1,0,1,6,2,36373,-116.905,-2.751,130.925,116.937,-3.118,417
2,0,1,0,1,6,3,37004,-116.124,-4.110,149.088,116.197,-3.106,469
2,0,1,0,1,6,4,37002,-116.201,-3.728,166.029,116.261,-3.110,469
2,0,1,0,1,6,5,37011,-116.034,-4.553,192.144,116.123,-3.102,469
2,0,1,0,1,6,6,37883,-115.432,-0.577,218.515,115.433,-3.137,572
2,0,1,0,1,6,7,37509,-117.365,-0.486,222.261,117.366,-3.137,521
2,0,1,0,1,6,8,37881,-115.425,-0.663,227.336,115.427,-3.136,572
2,0,1,0,1,6,9,37512,-117.328,-0.666,231.000,117.330,-3.136,521
2,0,1,0,1,6,10,37507,-117.053,-2.024,238.783,117.071,-3.124,521
2,0,1,0,1,6,11,37895,-115.933,-5.047,279.219,116.043,-3.098,573
2,0,1,0,1,6,12,37514,-116.449,-4.994,280.309,116.556,-3.099,521
2,0,1,0,1,6,13,37896,-116.008,-4.679,285.358,116.102,-3.101,573
2,0,1,0,1,6,14,37897,-115.893,-5.244,299.361,116.012,-3.096,573
2,0,1,0,1,6,15,38225,-117.041,-2.083,387.102,117.060,-3.124,625
2,0,1,0,1,8,0,42879,-171.303,-1.132,101.222,171.307,-3.135,702
2,0,1,0,1,8,1,42359,-173.205,-0.930,102.372,173.207,-3.136,625
2,0,1,0,1,8,2,42358,-172.939,-2.388,106.489,172.955,-3.128,625
2,0,1,0,1,8,3,42885,-171.419,-7.970,140.718,171.604,-3.095,703
2,0,1,0,1,8,4,42888,-171.865,-5.521,148.401,171.954,-3.109,703
2,0,1,0,1,8,5,42889,-172.388,-2.652,153.091,172.408,-3.126,703
2,0,1,0,1,8,6,42887,-172.492,-2.083,207.091,172.505,-3.130,703
2,0,1,0,1,8,7,43344,-172.068,-7.169,220.371,172.217,-3.100,781
2,0,1,0,1,8,8,43343,-172.939,-2.390,221.898,172.956,-3.128,781
2,0,1,0,1,8,9,43738,-172.027,-4.630,281.925,172.089,-3.115,859
2,0,1,0,1,8,10,43744,-171.830,-5.712,282.398,171.925,-3.108,859
2,0,1,0,1,8,11,43740,-172.661,-1.152,312.436,172.665,-3.135,859
2,0,1,0,1,8,12,44039,-170.846,-0.726,334.196,170.848,-3.137,936
2,0,1,0,1,8,13,43741,-172.738,-0.732,337.844,172.740,-3.137,859
2,0,1,0,1,8,14,43739,-171.981,-4.883,346.973,172.050,-3.113,859
2,0,1,0,1,8,15,44395,-171.389,-0.272,417.218,171.389,-3.140,1014
3,0,1,1,1,2,0,22674,-31.525,-0.638,65.426,31.532,-3.121,128
3,0,1,1,1,2,1,22724,-31.503,-0.239,65.452,31.504,-3.134,128
3,0,1,1,1,2,2,20784,-33.069,-0.676,68.625,33.076,-3.121,113
3,0,1,1,1,2,3,20827,-33.216,-0.255,68.756,33.217,-3.134,113
3,0,1,1,1,2,4,22761,-33.586,-0.699,69.696,33.593,-3.121,129
3,0,1,1,1,2,5,22790,-33.740,-0.257,69.773,33.741,-3.134,129
3,0,1,1,1,2,6,23677,-32.055,-1.239,104.871,32.079,-3.103,144
3,0,1,1,1,2,7,23693,-32.021,-0.640,107.558,32.028,-3.122,144
3,0,1,1,1,2,8,22800,-33.382,-1.282,109.279,33.407,-3.103,129
3,0,1,1,1,2,9,22778,-33.587,-0.695,112.872,33.594,-3.121,129
3,0,1,1,1,2,10,24313,-31.573,-1.487,139.660,31.608,-3.095,160
3,0,1,1,1,2,11,23645,-32.041,-0.990,140.128,32.056,-3.111,144
3,0,1,1,1,2,12,23716,-32.950,-1.017,144.074,32.966,-3.111,145
3,0,1,1,1,2,13,23696,-32.757,-1.570,145.080,32.794,-3.094,145
3,0,1,1,1,2,14,24304,-31.494,-0.081,145.981,31.494,-3.139,160
3,0,1,1,1,2,15,24303,-31.545,-0.988,154.850,31.560,-3.110,160
3,0,1,1,1,4,0,27582,-73.374,-1.021,-3.359,73.381,-3.128,193
3,0,1,1,1,4,1,28735,-72.308,-3.312,9.230,72.384,-3.096,225
3,0,1,1,1,4,2,28734,-72.371,-3.053,32.262,72.435,-3.099,225
3,0,1,1,1,4,3,28736,-72.484,-2.586,37.182,72.530,-3.106,225
3,0,1,1,1,4,4,28740,-72.278,-3.436,60.982,72.359,-3.094,225
3,0,1,1,1,4,5,29752,-71.066,-1.053,63.768,71.074,-3.127,256
3,0,1,1,1,4,6,28756,-72.845,-1.100,65.258,72.853,-3.126,225
3,0,1,1,1,4,7,30514,-71.573,-0.769,78.186,71.578,-3.131,288
3,0,1,1,1,4,8,29775,-73.473,-0.613,80.328,73.475,-3.133,257
3,0,1,1,1,4,9,29780,-72.817,-3.315,81.648,72.892,-3.096,257
3,0,1,1,1,4,10,30498,-71.579,-0.639,99.780,71.582,-3.133,288
3,0,1,1,1,4,11,29777,-73.448,-0.716,102.546,73.451,-3.132,257
3,0,1,1,1,4,12,29779,-73.039,-2.397,104.412,73.079,-3.109,257
3,0,1,1,1,4,13,29771,-72.764,-3.532,122.630,72.850,-3.093,257
3,0,1,1,1,4,14,29785,-73.196,-1.753,136.774,73.217,-3.118,257
3,0,1,1,1,4,15,31044,-71.090,-0.488,141.807,71.091,-3.135,320
3,0,1,1,1,6,0,34186,-116.555,-1.984,-119.137,116.572,-3.125,261
3,0,1,1,1,6,1,34187,-115.904,-5.192,-116.944,116.020,-3.097,261
3,0,1,1,1,6,2,34181,-116.076,-4.345,-107.102,116.157,-3.104,261
3,0,1,1,1,6,3,34839,-117.083,-1.873,-68.215,117.098,-3.126,313
3,0,1,1,1,6,4,34830,-116.760,-3.466,-64.470,116.811,-3.112,313
3,0,1,1,1,6,5,34837,-116.443,-5.026,-56.883,116.551,-3.098,313
3,0,1,1,1,6,6,34838,-116.546,-4.520,-44.228,116.634,-3.103,313
3,0,1,1,1,6,7,34834,-116.489,-4.799,-6.234,116.588,-3.100,313
3,0,1,1,1,6,8,34841,-116.321,-5.624,-2.234,116.457,-3.093,313
3,0,1,1,1,6,9,35651,-116.310,-3.193,0.772,116.354,-3.114,365
3,0,1,1,1,6,10,34840,-116.796,-3.288,0.803,116.842,-3.113,313
3,0,1,1,1,6,11,35649,-115.914,-5.142,21.191,116.028,-3.097,365
3,0,1,1,1,6,12,35661,-115.943,-5.000,67.825,116.051,-3.098,365
3,0,1,1,1,6,13,36375,-116.554,-4.481,71.643,116.640,-3.103,417
3,0,1,1,1,6,14,36374,-116.921,-2.674,102.235,116.952,-3.119,417
3,0,1,1,1,6,15,36373,-116.905,-2.751,130.925,116.937,-3.118,417
3,0,1,1,1,8,0,40125,-172.926,-2.461,-170.663,172.944,-3.127,313
3,0,1,1,1,8,1,40123,-172.997,-2.069,-156.163,173.009,-3.130,313
3,0,1,1,1,8,2,40124,-172.931,-2.432,-154.352,172.948,-3.128,313
3,0,1,1,1,8,3,40122,-173.271,-0.567,-141.452,173.272,-3.138,313
3,0,1,1,1,8,4,40598,-171.394,-0.222,-139.949,171.394,-3.140,390
3,0,1,1,1,8,5,41153,-170.907,-0.118,-139.567,170.907,-3.141,468
3,0,1,1,1,8,6,40605,-171.515,-7.443,-106.741,171.676,-3.098,391
3,0,1,1,1,8,7,40604,-171.450,-7.799,-96.916,171.627,-3.096,391
3,0,1,1,1,8,8,41161,-171.907,-8.051,-61.075,172.095,-3.095,469
3,0,1,1,1,8,9,41159,-172.305,-5.870,-57.589,172.405,-3.108,469
3,0,1,1,1,8,10,41162,-172.891,-2.655,-1.915,172.911,-3.126,469
3,0,1,1,1,8,11,41794,-172.155,-3.932,8.309,172.200,-3.119,547
3,0,1,1,1,8,12,41792,-172.314,-3.055,27.884,172.341,-3.124,547
3,0,1,1,1,8,13,42362,-171.908,-8.048,88.460,172.096,-3.095,625
3,0,1,1,1,8,14,42361,-171.989,-7.604,90.038,172.157,-3.097,625
3,0,1,1,1,8,15,42879,-171.303,-1.132,101.222,171.307,-3.135,702
4,0,2,0,1,2,0,20773,-32.929,-1.076,17.300,32.947,-3.109,113
4,0,2,0,1,2,1,22743,-31.520,-0.538,26.172,31.524,-3.125,128
4,0,2,0,1,2,2,20809,-33.102,-0.583,27.525,33.107,-3.124,113
4,0,2,0,1,2,3,22720,-31.504,-0.256,30.644,31.505,-3.133,128
4,0,2,0,1,2,4,20753,-33.206,-0.286,32.073,33.207,-3.133,113
4,0,2,0,1,2,5,22726,-31.549,-1.064,36.529,31.567,-3.108,128
4,0,2,0,1,2,6,22706,-31.553,-1.128,37.393,31.573,-3.106,128
4,0,2,0,1,2,7,20752,-32.906,-1.144,38.405,32.925,-3.107,113
4,0,2,0,1,2,8,20780,-33.052,-0.727,38.859,33.060,-3.120,113
4,0,2,0,1,2,9,22653,-31.492,-0.043,40.329,31.492,-3.140,128
4,0,2,0,1,2,10,22722,-31.568,-1.397,41.450,31.599,-3.097,128
4,0,2,0,1,2,11,20829,-33.295,-0.030,43.004,33.295,-3.141,113
4,0,2,0,1,2,12,20818,-33.154,-0.433,43.049,33.157,-3.129,113
4,0,2,0,1,2,13,22739,-31.565,-1.337,56.286,31.593,-3.099,128
4,0,2,0,1,2,14,20802,-32.822,-1.384,58.705,32.851,-3.099,113
4,0,2,0,1,2,15,22674,-31.525,-0.638,65.426,31.532,-3.121,128
4,0,2,0,1,4,0,28736,-72.484,-2.586,37.182,72.530,-3.106,225
4,0,2,0,1,4,1,28740,-72.278,-3.436,60.982,72.359,-3.094,225
4,0,2,0,1,4,2,29752,-71.066,-1.053,63.768,71.074,-3.127,256
4,0,2,0,1,4,3,28756,-72.845,-1.100,65.258,72.853,-3.126,225
4,0,2,0,1,4,4,30514,-71.573,-0.769,78.186,71.578,-3.131,288
4,0,2,0,1,4,5,29775,-73.473,-0.613,80.328,73.475,-3.133,257
4,0,2,0,1,4,6,29780,-72.817,-3.315,81.648,72.892,-3.096,257
4,0,2,0,1,4,7,30498,-71.579,-0.639,99.780,71.582,-3.133,288
4,0,2,0,1,4,8,29777,-73.448,-0.716,102.546,73.451,-3.132,257
4,0,2,0,1,4,9,29779,-73.039,-2.397,104.412,73.079,-3.109,257
4,0,2,0,1,4,10,29771,-72.764,-3.532,122.630,72.850,-3.093,257
4,0,2,0,1,4,11,29785,-73.196,-1.753,136.774,73.217,-3.118,257
4,0,2,0,1,4,12,31044,-71.090,-0.488,141.807,71.091,-3.135,320
4,0,2,0,1,4,13,30520,-72.991,-0.499,145.472,72.993,-3.135,289
4,0,2,0,1,4,14,30522,-72.385,-2.993,150.505,72.447,-3.100,289
4,0,2,0,1,4,15,30537,-72.662,-1.851,182.129,72.686,-3.116,289
4,0,2,0,1,6,0,35651,-116.310,-3.193,0.772,116.354,-3.114,365
4,0,2,0,1,6,1,34840,-116.796,-3.288,0.803,116.842,-3.113,313
4,0,2,0,1,6,2,35649,-115.914,-5.142,21.191,116.028,-3.097,365
4,0,2,0,1,6,3,35661,-115.943,-5.000,67.825,116.051,-3.098,365
4,0,2,0,1,6,4,36375,-116.554,-4.481,71.643,116.640,-3.103,417
4,0,2,0,1,6,5,36374,-116.921,-2.674,102.235,116.952,-3.119,417
4,0,2,0,1,6,6,36373,-116.905,-2.751,130.925,116.937,-3.118,417
4,0,2,0,1,6,7,37004,-116.124,-4.110,149.088,116.197,-3.106,469
4,0,2,0,1,6,8,37002,-116.201,-3.728,166.029,116.261,-3.110,469
4,0,2,0,1,6,9,37011,-116.034,-4.553,192.144,116.123,-3.102,469
4,0,2,0,1,6,10,37883,-115.432,-0.577,218.515,115.433,-3.137,572
4,0,2,0,1,6,11,37509,-117.365,-0.486,222.261,117.366,-3.137,521
4,0,2,0,1,6,12,37881,-115.425,-0.663,227.336,115.427,-3.136,572
4,0,2,0,1,6,13,37512,-117.328,-0.666,231.000,117.330,-3.136,521
4,0,2,0,1,6,14,37507,-117.053,-2.024,238.783,117.071,-3.124,521
4,0,2,0,1,6,15,37895,-115.933,-5.047,279.219,116.043,-3.098,573
4,0,2,0,1,8,0,42879,-171.303,-1.132,101.222,171.307,-3.135,702
4,0,2,0,1,8,1,42359,-173.205,-0.930,102.372,173.207,-3.136,625
4,0,2,0,1,8,2,42358,-172.939,-2.388,106.489,172.955,-3.128,625
4,0,2,0,1,8,3,42885,-171.419,-7.970,140.718,171.604,-3.095,703
4,0,2,0,1,8,4,42888,-171.865,-5.521,148.401,171.954,-3.109,703
4,0,2,0,1,8,5,42889,-172.388,-2.652,153.091,172.408,-3.126,703
4,0,2,0,1,8,6,42887,-172.492,-2.083,207.091,172.505,-3.130,703
4,0,2,0,1,8,7,43344,-172.068,-7.169,220.371,172.217,-3.100,781
4,0,2,0,1,8,8,43343,-172.939,-2.390,221.898,172.956,-3.128,781
4,0,2,0,1,8,9,43738,-172.027,-4.630,281.925,172.089,-3.115,859
4,0,2,0,1,8,10,43744,-171.830,-5.712,282.398,171.925,-3.108,859
4,0,2,0,1,8,11,43740,-172.661,-1.152,312.436,172.665,-3.135,859
4,0,2,0,1,8,12,44039,-170.846,-0.726,334.196,170.848,-3.137,936
4,0,2,0,1,8,13,43741,-172.738,-0.732,337.844,172.740,-3.137,859
4,0,2,0,1,8,14,43739,-171.981,-4.883,346.973,172.050,-3.113,859
4,0,2,0,1,8,15,44395,-171.389,-0.272,417.218,171.389,-3.140,1014
5,0,2,1,1,2,0,20773,-32.929,-1.076,17.300,32.947,-3.109,113
5,0,2,1,1,2,1,22743,-31.520,-0.538,26.172,31.524,-3.125,128
5,0,2,1,1,2,2,20809,-33.102,-0.583,27.525,33.107,-3.124,113
5,0,2,1,1,2,3,22720,-31.504,-0.256,30.644,31.505,-3.133,128
5,0,2,1,1,2,4,20753,-33.206,-0.286,32.073,33.207,-3.133,113
5,0,2,1,1,2,5,22726,-31.549,-1.064,36.529,31.567,-3.108,128
5,0,2,1,1,2,6,22706,-31.553,-1.128,37.393,31.573,-3.106,128
5,0,2,1,1,2,7,20752,-32.906,-1.144,38.405,32.925,-3.107,113
5,0,2,1,1,2,8,20780,-33.052,-0.727,38.859,33.060,-3.120,113
5,0,2,1,1,2,9,22653,-31.492,-0.043,40.329,31.492,-3.140,128
5,0,2,1,1,2,10,22722,-31.568,-1.397,41.450,31.599,-3.097,128
5,0,2,1,1,2,11,20829,-33.295,-0.030,43.004,33.295,-3.141,113
5,0,2,1,1,2,12,20818,-33.154,-0.433,43.049,33.157,-3.129,113
5,0,2,1,1,2,13,22739,-31.565,-1.337,56.286,31.593,-3.099,128
5,0,2,1,1,2,14,20802,-32.822,-1.384,58.705,32.851,-3.099,113
5,0,2,1,1,2,15,22674,-31.525,-0.638,65.426,31.532,-3.121,128
5,0,2,1,1,4,0,27579,-73.318,-1.251,-38.746,73.328,-3.125,193
5,0,2,1,1,4,1,28711,-71.556,-1.183,-37.703,71.566,-3.125,224
5,0,2,1,1,4,2,27561,-73.426,-0.804,-35.450,73.431,-3.131,193
5,0,2,1,1,4,3,28713,-71.577,-0.694,-34.532,71.580,-3.132,224
5,0,2,1,1,4,4,27573,-73.499,-0.503,-16.563,73.501,-3.135,193
5,0,2,1,1,4,5,28717,-71.583,-0.536,-16.162,71.585,-3.134,224
5,0,2,1,1,4,6,27570,-72.764,-3.533,-11.077,72.849,-3.093,193
5,0,2,1,1,4,7,28691,-71.568,-0.903,-3.416,71.574,-3.129,224
5,0,2,1,1,4,8,27582,-73.374,-1.021,-3.359,73.381,-3.128,193
5,0,2,1,1,4,9,28735,-72.308,-3.312,9.230,72.384,-3.096,225
5,0,2,1,1,4,10,28734,-72.371,-3.053,32.262,72.435,-3.099,225
5,0,2,1,1,4,11,28736,-72.484,-2.586,37.182,72.530,-3.106,225
5,0,2,1,1,4,12,28740,-72.278,-3.436,60.982,72.359,-3.094,225
5,0,2,1,1,4,13,29752,-71.066,-1.053,63.768,71.074,-3.127,256
5,0,2,1,1,4,14,28756,-72.845,-1.100,65.258,72.853,-3.126,225
5,0,2,1,1,4,15,30514,-71.573,-0.769,78.186,71.578,-3.131,288
5,0,2,1,1,6,0,34179,-116.473,-2.389,-128.477,116.498,-3.121,261
5,0,2,1,1,6,1,34186,-116.555,-1.984,-119.137,116.572,-3.125,261
5,0,2,1,1,6,2,34187,-115.904,-5.192,-116.944,116.020,-3.097,261
5,0,2,1,1,6,3,34181,-116.076,-4.345,-107.102,116.157,-3.104,261
5,0,2,1,1,6,4,34839,-117.083,-1.873,-68.215,117.098,-3.126,313
5,0,2,1,1,6,5,34830,-116.760,-3.466,-64.470,116.811,-3.112,313
5,0,2,1,1,6,6,34837,-116.443,-5.026,-56.883,116.551,-3.098,313
5,0,2,1,1,6,7,34838,-116.546,-4.520,-44.228,116.634,-3.103,313
5,0,2,1,1,6,8,34834,-116.489,-4.799,-6.234,116.588,-3.100,313
5,0,2,1,1,6,9,34841,-116.321,-5.624,-2.234,116.457,-3.093,313
5,0,2,1,1,6,10,35651,-116.310,-3.193,0.772,116.354,-3.114,365
5,0,2,1,1,6,11,34840,-116.796,-3.288,0.803,116.842,-3.113,313
5,0,2,1,1,6,12,35649,-115.914,-5.142,21.191,116.028,-3.097,365
5,0,2,1,1,6,13,35661,-115.943,-5.000,67.825,116.051,-3.098,365
5,0,2,1,1,6,14,36375,-116.554,-4.481,71.643,116.640,-3.103,417
5,0,2,1,1,6,15,36374,-116.921,-2.674,102.235,116.952,-3.119,417
5,0,2,1,1,8,0,40125,-172.926,-2.461,-170.663,172.944,-3.127,313
5,0,2,1,1,8,1,40123,-172.997,-2.069,-156.163,173.009,-3.130,313
5,0,2,1,1,8,2,40124,-172.931,-2.432,-154.352,172.948,-3.128,313
5,0,2,1,1,8,3,40122,-173.271,-0.567,-141.452,173.272,-3.138,313
5,0,2,1,1,8,4,40598,-171.394,-0.222,-139.949,171.394,-3.140,390
5,0,2,1,1,8,5,41153,-170.907,-0.118,-139.567,170.907,-3.141,468
5,0,2,1,1,8,6,40605,-171.515,-7.443,-106.741,171.676,-3.098,391
5,0,2,1,1,8,7,40604,-171.450,-7.799,-96.916,171.627,-3.096,391
5,0,2,1,1,8,8,41161,-171.907,-8.051,-61.075,172.095,-3.095,469
5,0,2,1,1,8,9,41159,-172.305,-5.870,-57.589,172.405,-3.108,469
5,0,2,1,1,8,10,41162,-172.891,-2.655,-1.915,172.911,-3.126,469
5,0,2,1,1,8,11,41794,-172.155,-3.932,8.309,172.200,-3.119,547
5,0,2,1,1,8,12,41792,-172.314,-3.055,27.884,172.341,-3.124,547
5,0,2,1,1,8,13,42362,-171.908,-8.048,88.460,172.096,-3.095,625
5,0,2,1,1,8,14,42361,-171.989,-7.604,90.038,172.157,-3.097,625
5,0,2,1,1,8,15,42879,-171.303,-1.132,101.222,171.307,-3.135,702
6,0,3,0,1,2,0,20613,-32.064,-1.389,-1.559,32.094,-3.098,112
6,0,3,0,1,2,1,18563,-33.309,-1.489,-1.503,33.343,-3.097,97
6,0,3,0,1,2,2,18552,-33.291,-1.543,-1.278,33.326,-3.095,97
6,0,3,0,1,2,3,20671,-32.069,-1.489,-1.239,32.104,-3.095,112
6,0,3,0,1,2,4,20666,-31.987,-0.038,0.944,31.987,-3.140,112
6,0,3,0,1,2,5,22655,-31.492,-0.049,1.118,31.492,-3.140,128
6,0,3,0,1,2,6,22691,-31.553,-1.137,4.402,31.574,-3.106,128
6,0,3,0,1,2,7,20817,-32.890,-1.188,4.558,32.912,-3.105,113
6,0,3,0,1,2,8,22701,-31.548,-1.037,13.092,31.565,-3.109,128
6,0,3,0,1,2,9,20840,-32.914,-1.121,13.839,32.933,-3.108,113
6,0,3,0,1,2,10,22693,-31.513,-0.415,14.513,31.515,-3.128,128
6,0,3,0,1,2,11,22664,-31.562,-1.287,14.847,31.588,-3.101,128
6,0,3,0,1,2,12,20755,-33.140,-0.474,15.225,33.143,-3.127,113
6,0,3,0,1,2,13,20846,-32.834,-1.348,15.401,32.862,-3.101,113
6,0,3,0,1,2,14,22659,-31.551,-1.098,16.635,31.570,-3.107,128
6,0,3,0,1,2,15,20773,-32.929,-1.076,17.300,32.947,-3.109,113
6,0,3,0,1,4,0,28691,-71.568,-0.903,-3.416,71.574,-3.129,224
6,0,3,0,1,4,1,27582,-73.374,-1.021,-3.359,73.381,-3.128,193
6,0,3,0,1,4,2,28735,-72.308,-3.312,9.230,72.384,-3.096,225
6,0,3,0,1,4,3,28734,-72.371,-3.053,32.262,72.435,-3.099,225
6,0,3,0,1,4,4,28736,-72.484,-2.586,37.182,72.530,-3.106,225
6,0,3,0,1,4,5,28740,-72.278,-3.436,60.982,72.359,-3.094,225
6,0,3,0,1,4,6,29752,-71.066,-1.053,63.768,71.074,-3.127,256
6,0,3,0,1,4,7,28756,-72.845,-1.100,65.258,72.853,-3.126,225
6,0,3,0,1,4,8,30514,-71.573,-0.769,78.186,71.578,-3.131,288
6,0,3,0,1,4,9,29775,-73.473,-0.613,80.328,73.475,-3.133,257
6,0,3,0,1,4,10,29780,-72.817,-3.315,81.648,72.892,-3.096,257
6,0,3,0,1,4,11,30498,-71.579,-0.639,99.780,71.582,-3.133,288
6,0,3,0,1,4,12,29777,-73.448,-0.716,102.546,73.451,-3.132,257
6,0,3,0,1,4,13,29779,-73.039,-2.397,104.412,73.079,-3.109,257
6,0,3,0,1,4,14,29771,-72.764,-3.532,122.630,72.850,-3.093,257
6,0,3,0,1,4,15,29785,-73.196,-1.753,136.774,73.217,-3.118,257
6,0,3,0,1,6,0,35651,-116.310,-3.193,0.772,116.354,-3.114,365
6,0,3,0,1,6,1,34840,-116.796,-3.288,0.803,116.842,-3.113,313
6,0,3,0,1,6,2,35649,-115.914,-5.142,21.191,116.028,-3.097,365
6,0,3,0,1,6,3,35661,-115.943,-5.000,67.825,116.051,-3.098,365
6,0,3,0,1,6,4,36375,-116.554,-4.481,71.643,116.640,-3.103,417
6,0,3,0,1,6,5,36374,-116.921,-2.674,102.235,116.952,-3.119,417
6,0,3,0,1,6,6,36373,-116.905,-2.751,130.925,116.937,-3.118,417
6,0,3,0,1,6,7,37004,-116.124,-4.110,149.088,116.197,-3.106,469
6,0,3,0,1,6,8,37002,-116.201,-3.728,166.029,116.261,-3.110,469
6,0,3,0,1,6,9,37011,-116.034,-4.553,192.144,116.123,-3.102,469
6,0,3,0,1,6,10,37883,-115.432,-0.577,218.515,115.433,-3.137,572
6,0,3,0,1,6,11,37509,-117.365,-0.486,222.261,117.366,-3.137,521
6,0,3,0,1,6,12,37881,-115.425,-0.663,227.336,115.427,-3.136,572
6,0,3,0,1,6,13,37512,-117.328,-0.666,231.000,117.330,-3.136,521
6,0,3,0,1,6,14,37507,-117.053,-2.024,238.783,117.071,-3.124,521
6,0,3,0,1,6,15,37895,-115.933,-5.047,279.219,116.043,-3.098,573
6,0,3,0,1,8,0,42879,-171.303,-1.132,101.222,171.307,-3.135,702
6,0,3,0,1,8,1,42359,-173.205,-0.930,102.372,173.207,-3.136,625
6,0,3,0,1,8,2,42358,-172.939,-2.388,106.489,172.955,-3.128,625
6,0,3,0,1,8,3,42885,-171.419,-7.970,140.718,171.604,-3.095,703
6,0,3,0,1,8,4,42888,-171.865,-5.521,148.401,171.954,-3.109,703
6,0,3,0,1,8,5,42889,-172.388,-2.652,153.091,172.408,-3.126,703
6,0,3,0,1,8,6,42887,-172.492,-2.083,207.091,172.505,-3.130,703
6,0,3,0,1,8,7,43344,-172.068,-7.169,220.371,172.217,-3.100,781
6,0,3,0,1,8,8,43343,-172.939,-2.390,221.898,172.956,-3.128,781
6,0,3,0,1,8,9,43738,-172.027,-4.630,281.925,172.089,-3.115,859
6,0,3,0,1,8,10,43744,-171.830,-5.712,282.398,171.925,-3.108,859
6,0,3,0,1,8,11,43740,-172.661,-1.152,312.436,172.665,-3.135,859
6,0,3,0,1,8,12,44039,-170.846,-0.726,334.196,170.848,-3.137,936
6,0,3,0,1,8,13,43741,-172.738,-0.732,337.844,172.740,-3.137,859
6,0,3,0,1,8,14,43739,-171.981,-4.883,346.973,172.050,-3.113,859
6,0,3,0,1,8,15,44395,-171.389,-0.272,417.218,171.389,-3.140,1014
7,0,3,1,1,2,0,20613,-32.064,-1.389,-1.559,32.094,-3.098,112
7,0,3,1,1,2,1,18563,-33.309,-1.489,-1.503,33.343,-3.097,97
7,0,3,1,1,2,2,18552,-33.291,-1.543,-1.278,33.326,-3.095,97
7,0,3,1,1,2,3,20671,-32.069,-1.489,-1.239,32.104,-3.095,112
7,0,3,1,1,2,4,20666,-31.987,-0.038,0.944,31.987,-3.140,112
7,0,3,1,1,2,5,22655,-31.492,-0.049,1.118,31.492,-3.140,128
7,0,3,1,1,2,6,22691,-31.553,-1.137,4.402,31.574,-3.106,128
7,0,3,1,1,2,7,20817,-32.890,-1.188,4.558,32.912,-3.105,113
7,0,3,1,1,2,8,22701,-31.548,-1.037,13.092,31.565,-3.109,128
7,0,3,1,1,2,9,20840,-32.914,-1.121,13.839,32.933,-3.108,113
7,0,3,1,1,2,10,22693,-31.513,-0.415,14.513,31.515,-3.128,128
7,0,3,1,1,2,11,22664,-31.562,-1.287,14.847,31.588,-3.101,128
7,0,3,1,1,2,12,20755,-33.140,-0.474,15.225,33.143,-3.127,113
7,0,3,1,1,2,13,20846,-32.834,-1.348,15.401,32.862,-3.101,113
7,0,3,1,1,2,14,22659,-31.551,-1.098,16.635,31.570,-3.107,128
7,0,3,1,1,2,15,20773,-32.929,-1.076,17.300,32.947,-3.109,113
7,0,3,1,1,4,0,27564,-73.075,-2.252,-60.085,73.109,-3.111,193
7,0,3,1,1,4,1,27584,-73.603,-0.074,-47.775,73.604,-3.141,193
7,0,3,1,1,4,2,28709,-71.599,-0.173,-46.670,71.599,-3.139,224
7,0,3,1,1,4,3,27579,-73.318,-1.251,-38.746,73.328,-3.125,193
7,0,3,1,1,4,4,28711,-71.556,-1.183,-37.703,71.566,-3.125,224
7,0,3,1,1,4,5,27561,-73.426,-0.804,-35.450,73.431,-3.131,193
7,0,3,1,1,4,6,28713,-71.577,-0.694,-34.532,71.580,-3.132,224
7,0,3,1,1,4,7,27573,-73.499,-0.503,-16.563,73.501,-3.135,193
7,0,3,1,1,4,8,28717,-71.583,-0.536,-16.162,71.585,-3.134,224
7,0,3,1,1,4,9,27570,-72.764,-3.533,-11.077,72.849,-3.093,193
7,0,3,1,1,4,10,28691,-71.568,-0.903,-3.416,71.574,-3.129,224
7,0,3,1,1,4,11,27582,-73.374,-1.021,-3.359,73.381,-3.128,193
7,0,3,1,1,4,12,28735,-72.308,-3.312,9.230,72.384,-3.096,225
7,0,3,1,1,4,13,28734,-72.371,-3.053,32.262,72.435,-3.099,225
7,0,3,1,1,4,14,28736,-72.484,-2.586,37.182,72.530,-3.106,225
7,0,3,1,1,4,15,28740,-72.278,-3.436,60.982,72.359,-3.094,225
7,0,3,1,1,6,0,33637,-117.194,-1.329,-145.384,117.202,-3.130,209
7,0,3,1,1,6,1,34180,-116.592,-1.803,-133.596,116.606,-3.126,261
7,0,3,1,1,6,2,34179,-116.473,-2.389,-128.477,116.498,-3.121,261
7,0,3,1,1,6,3,34186,-116.555,-1.984,-119.137,116.572,-3.125,261
7,0,3,1,1,6,4,34187,-115.904,-5.192,-116.944,116.020,-3.097,261
7,0,3,1,1,6,5,34181,-116.076,-4.345,-107.102,116.157,-3.104,261
7,0,3,1,1,6,6,34839,-117.083,-1.873,-68.215,117.098,-3.126,313
7,0,3,1,1,6,7,34830,-116.760,-3.466,-64.470,116.811,-3.112,313
7,0,3,1,1,6,8,34837,-116.443,-5.026,-56.883,116.551,-3.098,313
7,0,3,1,1,6,9,34838,-116.546,-4.520,-44.228,116.634,-3.103,313
7,0,3,1,1,6,10,34834,-116.489,-4.799,-6.234,116.588,-3.100,313
7,0,3,1,1,6,11,34841,-116.321,-5.624,-2.234,116.457,-3.093,313
7,0,3,1,1,6,12,35651,-116.310,-3.193,0.772,116.354,-3.114,365
7,0,3,1,1,6,13,34840,-116.796,-3.288,0.803,116.842,-3.113,313
7,0,3,1,1,6,14,35649,-115.914,-5.142,21.191,116.028,-3.097,365
7,0,3,1,1,6,15,35661,-115.943,-5.000,67.825,116.051,-3.098,365
7,0,3,1,1,8,0,40125,-172.926,-2.461,-170.663,172.944,-3.127,313
7,0,3,1,1,8,1,40123,-172.997,-2.069,-156.163,173.009,-3.130,313
7,0,3,1,1,8,2,40124,-172.931,-2.432,-154.352,172.948,-3.128,313
7,0,3,1,1,8,3,40122,-173.271,-0.567,-141.452,173.272,-3.138,313
7,0,3,1,1,8,4,40598,-171.394,-0.222,-139.949,171.394,-3.140,390
7,0,3,1,1,8,5,41153,-170.907,-0.118,-139.567,170.907,-3.141,468
7,0,3,1,1,8,6,40605,-171.515,-7.443,-106.741,171.676,-3.098,391
7,0,3,1,1,8,7,40604,-171.450,-7.799,-96.916,171.627,-3.096,391
7,0,3,1,1,8,8,41161,-171.907,-8.051,-61.075,172.095,-3.095,469
7,0,3,1,1,8,9,41159,-172.305,-5.870,-57.589,172.405,-3.108,469
7,0,3,1,1,8,10,41162,-172.891,-2.655,-1.915,172.911,-3.126,469
7,0,3,1,1,8,11,41794,-172.155,-3.932,8.309,172.200,-3.119,547
7,0,3,1,1,8,12,41792,-172.314,-3.055,27.884,172.341,-3.124,547
7,0,3,1,1,8,13,42362,-171.908,-8.048,88.460,172.096,-3.095,625
7,0,3,1,1,8,14,42361,-171.989,-7.604,90.038,172.157,-3.097,625
7,0,3,1,1,8,15,42879,-171.303,-1.132,101.222,171.307,-3.135,702
8,0,4,0,1,2,0,20717,-32.047,-1.088,-54.106,32.065,-3.108,112
8,0,4,0,1,2,1,18600,-33.632,-0.568,-44.554,33.636,-3.125,97
8,0,4,0,1,2,2,20653,-32.016,-0.541,-42.353,32.020,-3.125,112
8,0,4,0,1,2,3,18560,-33.682,-0.423,-36.972,33.685,-3.129,97
8,0,4,0,1,2,4,20700,-32.005,-0.341,-35.279,32.006,-3.131,112
8,0,4,0,1,2,5,18603,-33.744,-0.246,-29.535,33.745,-3.134,97
8,0,4,0,1,2,6,20677,-31.996,-0.191,-28.180,31.997,-3.136,112
8,0,4,0,1,2,7,18644,-33.482,-0.994,-25.646,33.497,-3.112,97
8,0,4,0,1,2,8,20701,-32.041,-0.990,-24.848,32.056,-3.111,112
8,0,4,0,1,2,9,18631,-33.787,-0.123,-15.365,33.787,-3.138,97
8,0,4,0,1,2,10,20617,-31.990,-0.091,-14.308,31.991,-3.139,112
8,0,4,0,1,2,11,18650,-33.585,-0.702,-8.208,33.592,-3.121,97
8,0,4,0,1,2,12,20678,-32.024,-0.690,-7.878,32.032,-3.120,112
8,0,4,0,1,2,13,18615,-33.398,-1.235,-4.031,33.421,-3.105,97
8,0,4,0,1,2,14,20654,-32.052,-1.190,-3.785,32.074,-3.104,112
8,0,4,0,1,2,15,20613,-32.064,-1.389,-1.559,32.094,-3.098,112
8,0,4,0,1,4,0,27570,-72.764,-3.533,-11.077,72.849,-3.093,193
8,0,4,0,1,4,1,28691,-71.568,-0.903,-3.416,71.574,-3.129,224
8,0,4,0,1,4,2,27582,-73.374,-1.021,-3.359,73.381,-3.128,193
8,0,4,0,1,4,3,28735,-72.308,-3.312,9.230,72.384,-3.096,225
8,0,4,0,1,4,4,28734,-72.371,-3.053,32.262,72.435,-3.099,225
8,0,4,0,1,4,5,28736,-72.484,-2.586,37.182,72.530,-3.106,225
8,0,4,0,1,4,6,28740,-72.278,-3.436,60.982,72.359,-3.094,225
8,0,4,0,1,4,7,29752,-71.066,-1.053,63.768,71.074,-3.127,256
8,0,4,0,1,4,8,28756,-72.845,-1.100,65.258,72.853,-3.126,225
8,0,4,0,1,4,9,30514,-71.573,-0.769,78.186,71.578,-3.131,288
8,0,4,0,1,4,10,29775,-73.473,-0.613,80.328,73.475,-3.133,257
8,0,4,0,1,4,11,29780,-72.817,-3.315,81.648,72.892,-3.096,257
8,0,4,0,1,4,12,30498,-71.579,-0.639,99.780,71.582,-3.133,288
8,0,4,0,1,4,13,29777,-73.448,-0.716,102.546,73.451,-3.132,257
8,0,4,0,1,4,14,29779,-73.039,-2.397,104.412,73.079,-3.109,257
8,0,4,0,1,4,15,29771,-72.764,-3.532,122.630,72.850,-3.093,257
8,0,4,0,1,6,0,35651,-116.310,-3.193,0.772,116.354,-3.114,365
8,0,4,0,1,6,1,34840,-116.796,-3.288,0.803,116.842,-3.113,313
8,0,4,0,1,6,2,35649,-115.914,-5.142,21.191,116.028,-3.097,365
8,0,4,0,1,6,3,35661,-115.943,-5.000,67.825,116.051,-3.098,365
8,0,4,0,1,6,4,36375,-116.554,-4.481,71.643,116.640,-3.103,417
8,0,4,0,1,6,5,36374,-116.921,-2.674,102.235,116.952,-3.119,417
8,0,4,0,1,6,6,36373,-116.905,-2.751,130.925,116.937,-3.118,417
8,0,4,0,1,6,7,37004,-116.124,-4.110,149.088,116.197,-3.106,469
8,0,4,0,1,6,8,37002,-116.201,-3.728,166.029,116.261,-3.110,469
8,0,4,0,1,6,9,37011,-116.034,-4.553,192.144,116.123,-3.102,469
8,0,4,0,1,6,10,37883,-115.432,-0.577,218.515,115.433,-3.137,572
8,0,4,0,1,6,11,37509,-117.365,-0.486,222.261,117.366,-3.137,521
8,0,4,0,1,6,12,37881,-115.425,-0.663,227.336,115.427,-3.136,572
8,0,4,0,1,6,13,37512,-117.328,-0.666,231.000,117.330,-3.136,521
8,0,4,0,1,6,14,37507,-117.053,-2.024,238.783,117.071,-3.124,521
8,0,4,0,1,6,15,37895,-115.933,-5.047,279.219,116.043,-3.098,573
8,0,4,0,1,8,0,42879,-171.303,-1.132,101.222,171.307,-3.135,702
8,0,4,0,1,8,1,42359,-173.205,-0.930,102.372,173.207,-3.136,625
8,0,4,0,1,8,2,42358,-172.939,-2.388,106.489,172.955,-3.128,625
8,0,4,0,1,8,3,42885,-171.419,-7.970,140.718,171.604,-3.095,703
8,0,4,0,1,8,4,42888,-171.865,-5.521,148.401,171.954,-3.109,703
8,0,4,0,1,8,5,42889,-172.388,-2.652,153.091,172.408,-3.126,703
8,0,4,0,1,8,6,42887,-172.492,-2.083,207.091,172.505,-3.130,703
8,0,4,0,1,8,7,43344,-172.068,-7.169,220.371,172.217,-3.100,781
8,0,4,0,1,8,8,43343,-172.939,-2.390,221.898,172.956,-3.128,781
8,0,4,0,1,8,9,43738,-172.027,-4.630,281.925,172.089,-3.115,859
8,0,4,0,1,8,10,43744,-171.830,-5.712,282.398,171.925,-3.108,859
8,0,4,0,1,8,11,43740,-172.661,-1.152,312.436,172.665,-3.135,859
8,0,4,0,1,8,12,44039,-170.846,-0.726,334.196,170.848,-3.137,936
8,0,4,0,1,8,13,43741,-172.738,-0.732,337.844,172.740,-3.137,859
8,0,4,0,1,8,14,43739,-171.981,-4.883,346.973,172.050,-3.113,859
8,0,4,0,1,8,15,44395,-171.389,-0.272,417.218,171.389,-3.140,1014
9,0,4,1,0,2,0,20717,-32.047,-1.088,-54.106,32.065,-3.108,112
9,0,4,1,0,2,1,18600,-33.632,-0.568,-44.554,33.636,-3.125,97
9,0,4,1,0,2,2,20653,-32.016,-0.541,-42.353,32.020,-3.125,112
9,0,4,1,0,2,3,18560,-33.682,-0.423,-36.972,33.685,-3.129,97
9,0,4,1,0,2,4,20700,-32.005,-0.341,-35.279,32.006,-3.131,112
9,0,4,1,0,2,5,18603,-33.744,-0.246,-29.535,33.745,-3.134,97
9,0,4,1,0,2,6,20677,-31.996,-0.191,-28.180,31.997,-3.136,112
9,0,4,1,0,2,7,18644,-33.482,-0.994,-25.646,33.497,-3.112,97
9,0,4,1,0,2,8,20701,-32.041,-0.990,-24.848,32.056,-3.111,112
9,0,4,1,0,2,9,18631,-33.787,-0.123,-15.365,33.787,-3.138,97
9,0,4,1,0,2,10,20617,-31.990,-0.091,-14.308,31.991,-3.139,112
9,0,4,1,0,2,11,18650,-33.585,-0.702,-8.208,33.592,-3.121,97
9,0,4,1,0,2,12,20678,-32.024,-0.690,-7.878,32.032,-3.120,112
9,0,4,1,0,2,13,18615,-33.398,-1.235,-4.031,33.421,-3.105,97
9,0,4,1,0,2,14,20654,-32.052,-1.190,-3.785,32.074,-3.104,112
9,0,4,1,0,2,15,20613,-32.064,-1.389,-1.559,32.094,-3.098,112
9,0,4,1,0,4,0,26766,-72.381,-3.012,-76.295,72.443,-3.100,161
9,0,4,1,0,4,1,27563,-72.781,-3.460,-69.653,72.864,-3.094,193
9,0,4,1,0,4,2,26747,-72.288,-3.394,-69.152,72.368,-3.095,161
9,0,4,1,0,4,3,27564,-73.075,-2.252,-60.085,73.109,-3.111,193
9,0,4,1,0,4,4,27584,-73.603,-0.074,-47.775,73.604,-3.141,193
9,0,4,1,0,4,5,28709,-71.599,-0.173,-46.670,71.599,-3.139,224
9,0,4,1,0,4,6,27579,-73.318,-1.251,-38.746,73.328,-3.125,193
9,0,4,1,0,4,7,28711,-71.556,-1.183,-37.703,71.566,-3.125,224
9,0,4,1,0,4,8,27561,-73.426,-0.804,-35.450,73.431,-3.131,193
9,0,4,1,0,4,9,28713,-71.577,-0.694,-34.532,71.580,-3.132,224
9,0,4,1,0,4,10,27573,-73.499,-0.503,-16.563,73.501,-3.135,193
9,0,4,1,0,4,11,28717,-71.583,-0.536,-16.162,71.585,-3.134,224
9,0,4,1,0,4,12,27570,-72.764,-3.533,-11.077,72.849,-3.093,193
9,0,4,1,0,4,13,28691,-71.568,-0.903,-3.416,71.574,-3.129,224
9,0,4,1,0,4,14,27582,-73.374,-1.021,-3.359,73.381,-3.128,193
9,0,4,1,0,4,15,28735,-72.308,-3.312,9.230,72.384,-3.096,225
9,0,4,1,0,6,0,33637,-117.194,-1.329,-145.384,117.202,-3.130,209
9,0,4,1,0,6,1,34180,-116.592,-1.803,-133.596,116.606,-3.126,261
9,0,4,1,0,6,2,34179,-116.473,-2.389,-128.477,116.498,-3.121,261
9,0,4,1,0,6,3,34186,-116.555,-1.984,-119.137,116.572,-3.125,261
9,0,4,1,0,6,4,34187,-115.904,-5.192,-116.944,116.020,-3.097,261
9,0,4,1,0,6,5,34181,-116.076,-4.345,-107.102,116.157,-3.104,261
9,0,4,1,0,6,6,34839,-117.083,-1.873,-68.215,117.098,-3.126,313
9,0,4,1,0,6,7,34830,-116.760,-3.466,-64.470,116.811,-3.112,313
9,0,4,1,0,6,8,34837,-116.443,-5.026,-56.883,116.551,-3.098,313
9,0,4,1,0,6,9,34838,-116.546,-4.520,-44.228,116.634,-3.103,313
9,0,4,1,0,6,10,34834,-116.489,-4.799,-6.234,116.588,-3.100,313
9,0,4,1,0,6,11,34841,-116.321,-5.624,-2.234,116.457,-3.093,313
9,0,4,1,0,6,12,35651,-116.310,-3.193,0.772,116.354,-3.114,365
9,0,4,1,0,6,13,34840,-116.796,-3.288,0.803,116.842,-3.113,313
9,0,4,1,0,6,14,35649,-115.914,-5.142,21.191,116.028,-3.097,365
9,0,4,1,0,6,15,35661,-115.943,-5.000,67.825,116.051,-3.098,365
9,0,4,1,0,8,0,40125,-172.926,-2.461,-170.663,172.944,-3.127,313
9,0,4,1,0,8,1,40123,-172.997,-2.069,-156.163,173.009,-3.130,313
9,0,4,1,0,8,2,40124,-172.931,-2.432,-154.352,172.948,-3.128,313
9,0,4,1,0,8,3,40122,-173.271,-0.567,-141.452,173.272,-3.138,313
9,0,4,1,0,8,4,40598,-171.394,-0.222,-139.949,171.394,-3.140,390
9,0,4,1,0,8,5,41153,-170.907,-0.118,-139.567,170.907,-3.141,468
9,0,4,1,0,8,6,40605,-171.515,-7.443,-106.741,171.676,-3.098,391
9,0,4,1,0,8,7,40604,-171.450,-7.799,-96.916,171.627,-3.096,391
9,0,4,1,0,8,8,41161,-171.907,-8.051,-61.075,172.095,-3.095,469
9,0,4,1,0,8,9,41159,-172.305,-5.870,-57.589,172.405,-3.108,469
9,0,4,1,0,8,10,41162,-172.891,-2.655,-1.915,172.911,-3.126,469
9,0,4,1,0,8,11,41794,-172.155,-3.932,8.309,172.200,-3.119,547
9,0,4,1,0,8,12,41792,-172.314,-3.055,27.884,172.341,-3.124,547
9,0,4,1,0,8,13,42362,-171.908,-8.048,88.460,172.096,-3.095,625
9,0,4,1,0,8,14,42361,-171.989,-7.604,90.038,172.157,-3.097,625
9,0,4,1,0,8,15,42879,-171.303,-1.132,101.222,171.307,-3.135,702
10,1,0,0,1,2,0,20748,-32.562,-2.128,36.547,32.631,-3.076,113
10,1,0,0,1,2,1,20746,-32.538,-2.194,41.603,32.612,-3.074,113
10,1,0,0,1,2,2,22716,-31.593,-1.836,56.383,31.646,-3.084,128
10,1,0,0,1,2,3,20854,-32.651,-1.873,58.096,32.705,-3.084,113
10,1,0,0,1,2,4,22711,-31.584,-1.686,65.138,31.629,-3.088,128
10,1,0,0,1,2,5,20853,-32.690,-1.761,67.267,32.737,-3.088,113
10,1,0,0,1,2,6,22798,-33.031,-2.285,82.578,33.110,-3.073,129
10,1,0,0,1,2,7,24289,-31.610,-2.136,141.743,31.682,-3.074,160
10,1,0,0,1,2,8,23714,-32.540,-2.189,145.878,32.614,-3.074,145
10,1,0,0,1,2,9,23710,-32.437,-2.485,159.223,32.532,-3.065,145
10,1,0,0,1,2,10,23719,-32.294,-2.895,172.433,32.423,-3.052,145
10,1,0,0,1,2,11,24331,-32.833,-2.853,230.078,32.956,-3.055,161
10,1,0,0,1,2,12,24706,-32.103,-2.088,258.569,32.171,-3.077,176
10,1,0,0,1,2,13,24325,-33.083,-2.137,266.797,33.152,-3.077,161
10,1,0,0,1,2,14,24908,-31.582,-1.652,297.328,31.626,-3.089,192
10,1,0,0,1,2,15,24740,-32.561,-2.129,298.206,32.631,-3.076,177
10,1,0,0,1,4,0,28737,-72.204,-3.741,35.556,72.301,-3.090,225
10,1,0,0,1,4,1,28755,-71.886,-5.049,41.435,72.063,-3.071,225
10,1,0,0,1,4,2,28742,-72.094,-4.192,44.100,72.216,-3.084,225
10,1,0,0,1,4,3,28754,-71.848,-5.205,58.464,72.037,-3.069,225
10,1,0,0,1,4,4,29778,-72.441,-4.862,92.361,72.604,-3.075,257
10,1,0,0,1,4,5,29783,-72.710,-3.752,93.297,72.807,-3.090,257
10,1,0,0,1,4,6,30523,-72.076,-4.269,142.870,72.202,-3.082,289
10,1,0,0,1,4,7,30519,-71.447,-6.856,151.978,71.776,-3.046,289
10,1,0,0,1,4,8,30532,-71.449,-6.850,182.199,71.777,-3.046,289
10,1,0,0,1,4,9,30524,-72.193,-3.785,199.005,72.292,-3.089,289
10,1,0,0,1,4,10,31060,-72.272,-5.558,213.952,72.485,-3.065,321
10,1,0,0,1,4,11,31055,-72.693,-3.824,214.649,72.794,-3.089,321
10,1,0,0,1,4,12,31459,-71.473,-6.751,313.261,71.791,-3.047,353
10,1,0,0,1,4,13,31462,-71.761,-5.564,320.584,71.977,-3.064,353
10,1,0,0,1,4,14,31460,-71.980,-4.661,325.106,72.131,-3.077,353
10,1,0,0,1,4,15,32074,-71.745,-5.629,440.432,71.966,-3.063,417
10,1,0,0,1,6,0,35653,-115.728,-6.059,54.709,115.887,-3.089,365
10,1,0,0,1,6,1,35656,-115.500,-7.178,57.020,115.723,-3.080,365
10,1,0,0,1,6,2,35662,-115.271,-8.309,59.385,115.570,-3.070,365
10,1,0,0,1,6,3,36372,-116.025,-7.084,94.987,116.241,-3.081,417
10,1,0,0,1,6,4,36376,-116.254,-5.958,98.521,116.407,-3.090,417
10,1,0,0,1,6,5,37000,-115.405,-7.648,149.659,115.658,-3.075,469
10,1,0,0,1,6,6,37005,-115.253,-8.395,151.864,115.558,-3.069,469
10,1,0,0,1,6,7,37008,-115.513,-7.116,169.896,115.732,-3.080,469
10,1,0,0,1,6,8,37010,-114.793,-10.662,191.565,115.287,-3.049,469
10,1,0,0,1,6,9,37513,-115.472,-9.806,212.182,115.888,-3.057,521
10,1,0,0,1,6,10,37511,-115.974,-7.333,227.190,116.206,-3.078,521
10,1,0,0,1,6,11,37508,-115.970,-7.352,241.211,116.203,-3.078,521
10,1,0,0,1,6,12,37510,-115.364,-10.335,275.489,115.826,-3.052,521
10,1,0,0,1,6,13,37898,-115.192,-8.697,282.449,115.520,-3.066,573
10,1,0,0,1,6,14,37892,-115.770,-5.852,339.108,115.918,-3.091,573
10,1,0,0,1,6,15,38226,-115.850,-7.946,393.299,116.122,-3.073,625
10,1,0,0,1,8,0,43341,-170.714,-14.598,230.665,171.337,-3.056,781
10,1,0,0,1,8,1,43345,-171.354,-11.087,248.421,171.712,-3.077,781
10,1,0,0,1,8,2,43342,-171.323,-11.258,253.790,171.692,-3.076,781
10,1,0,0,1,8,3,43745,-170.696,-11.936,285.159,171.113,-3.072,859
10,1,0,0,1,8,4,43747,-170.630,-12.297,286.808,171.073,-3.070,859
10,1,0,0,1,8,5,43746,-170.155,-14.900,301.739,170.806,-3.054,859
10,1,0,0,1,8,6,43742,-170.644,-12.221,301.978,171.081,-3.070,859
10,1,0,0,1,8,7,43750,-172.026,-14.977,305.052,172.677,-3.055,860
10,1,0,0,1,8,8,43748,-172.575,-12.918,305.590,173.058,-3.067,860
10,1,0,0,1,8,9,43743,-170.766,-11.550,332.490,171.156,-3.074,859
10,1,0,0,1,8,10,44043,-171.714,-9.108,353.067,171.955,-3.089,937
10,1,0,0,1,8,11,44045,-172.322,-15.787,359.160,173.044,-3.050,938
10,1,0,0,1,8,12,44046,-172.962,-13.389,369.429,173.479,-3.064,938
10,1,0,0,1,8,13,44041,-171.332,-11.206,405.944,171.698,-3.076,937
10,1,0,0,1,8,14,44042,-171.663,-9.388,419.522,171.920,-3.087,937
10,1,0,0,1,8,15,44401,-171.829,-15.716,435.319,172.546,-3.050,1016
11,1,0,1,0,2,0,20748,-32.562,-2.128,36.547,32.631,-3.076,113
11,1,0,1,0,2,1,20746,-32.538,-2.194,41.603,32.612,-3.074,113
11,1,0,1,0,2,2,22716,-31.593,-1.836,56.383,31.646,-3.084,128
11,1,0,1,0,2,3,20854,-32.651,-1.873,58.096,32.705,-3.084,113
11,1,0,1,0,2,4,22711,-31.584,-1.686,65.138,31.629,-3.088,128
11,1,0,1,0,2,5,20853,-32.690,-1.761,67.267,32.737,-3.088,113
11,1,0,1,0,2,6,22798,-33.031,-2.285,82.578,33.110,-3.073,129
11,1,0,1,0,2,7,24289,-31.610,-2.136,141.743,31.682,-3.074,160
11,1,0,1,0,2,8,23714,-32.540,-2.189,145.878,32.614,-3.074,145
11,1,0,1,0,2,9,23710,-32.437,-2.485,159.223,32.532,-3.065,145
11,1,0,1,0,2,10,23719,-32.294,-2.895,172.433,32.423,-3.052,145
11,1,0,1,0,2,11,24331,-32.833,-2.853,230.078,32.956,-3.055,161
11,1,0,1,0,2,12,24706,-32.103,-2.088,258.569,32.171,-3.077,176
11,1,0,1,0,2,13,24325,-33.083,-2.137,266.797,33.152,-3.077,161
11,1,0,1,0,2,14,24908,-31.582,-1.652,297.328,31.626,-3.089,192
11,1,0,1,0,2,15,24740,-32.561,-2.129,298.206,32.631,-3.076,177
11,1,0,1,0,4,0,28738,-71.440,-6.885,24.078,71.771,-3.046,225
11,1,0,1,0,4,1,28745,-72.150,-3.962,28.539,72.259,-3.087,225
11,1,0,1,0,4,2,28746,-72.207,-3.725,32.460,72.304,-3.090,225
11,1,0,1,0,4,3,28737,-72.204,-3.741,35.556,72.301,-3.090,225
11,1,0,1,0,4,4,28755,-71.886,-5.049,41.435,72.063,-3.071,225
11,1,0,1,0,4,5,28742,-72.094,-4.192,44.100,72.216,-3.084,225
11,1,0,1,0,4,6,28754,-71.848,-5.205,58.464,72.037,-3.069,225
11,1,0,1,0,4,7,29778,-72.441,-4.862,92.361,72.604,-3.075,257
11,1,0,1,0,4,8,29783,-72.710,-3.752,93.297,72.807,-3.090,257
11,1,0,1,0,4,9,30523,-72.076,-4.269,142.870,72.202,-3.082,289
11,1,0,1,0,4,10,30519,-71.447,-6.856,151.978,71.776,-3.046,289
11,1,0,1,0,4,11,30532,-71.449,-6.850,182.199,71.777,-3.046,289
11,1,0,1,0,4,12,30524,-72.193,-3.785,199.005,72.292,-3.089,289
11,1,0,1,0,4,13,31060,-72.272,-5.558,213.952,72.485,-3.065,321
11,1,0,1,0,4,14,31055,-72.693,-3.824,214.649,72.794,-3.089,321
11,1,0,1,0,4,15,31459,-71.473,-6.751,313.261,71.791,-3.047,353
11,1,0,1,0,6,0,35652,-115.622,-6.581,14.384,115.809,-3.085,365
11,1,0,1,0,6,1,35663,-115.090,-9.199,41.880,115.457,-3.062,365
11,1,0,1,0,6,2,35660,-115.257,-8.374,50.749,115.561,-3.069,365
11,1,0,1,0,6,3,35655,-115.475,-7.303,51.170,115.706,-3.078,365
11,1,0,1,0,6,4,35653,-115.728,-6.059,54.709,115.887,-3.089,365
11,1,0,1,0,6,5,35656,-115.500,-7.178,57.020,115.723,-3.080,365
11,1,0,1,0,6,6,35662,-115.271,-8.309,59.385,115.570,-3.070,365
11,1,0,1,0,6,7,36372,-116.025,-7.084,94.987,116.241,-3.081,417
11,1,0,1,0,6,8,36376,-116.254,-5.958,98.521,116.407,-3.090,417
11,1,0,1,0,6,9,37000,-115.405,-7.648,149.659,115.658,-3.075,469
11,1,0,1,0,6,10,37005,-115.253,-8.395,151.864,115.558,-3.069,469
11,1,0,1,0,6,11,37008,-115.513,-7.116,169.896,115.732,-3.080,469
11,1,0,1,0,6,12,37010,-114.793,-10.662,191.565,115.287,-3.049,469
11,1,0,1,0,6,13,37513,-115.472,-9.806,212.182,115.888,-3.057,521
11,1,0,1,0,6,14,37511,-115.974,-7.333,227.190,116.206,-3.078,521
11,1,0,1,0,6,15,37508,-115.970,-7.352,241.211,116.203,-3.078,521
11,1,0,1,0,8,0,41800,-171.763,-15.961,-0.859,172.503,-3.049,548
11,1,0,1,0,8,1,41166,-172.246,-16.073,-0.828,172.994,-3.049,470
11,1,0,1,0,8,2,41790,-170.661,-12.129,20.858,171.091,-3.071,547
11,1,0,1,0,8,3,41804,-171.860,-15.600,35.947,172.567,-3.051,548
11,1,0,1,0,8,4,41795,-170.912,-10.751,45.591,171.250,-3.079,547
11,1,0,1,0,8,5,41791,-170.258,-14.339,56.267,170.861,-3.058,547
11,1,0,1,0,8,6,41798,-172.211,-14.284,56.917,172.802,-3.059,548
11,1,0,1,0,8,7,41793,-170.940,-10.598,56.956,171.268,-3.080,547
11,1,0,1,0,8,8,41789,-171.043,-10.033,64.824,171.337,-3.083,547
11,1,0,1,0,8,9,42367,-172.227,-16.142,73.252,172.982,-3.048,626
11,1,0,1,0,8,10,42357,-170.910,-13.519,75.272,171.444,-3.063,625
11,1,0,1,0,8,11,42366,-172.860,-13.771,76.119,173.408,-3.062,626
11,1,0,1,0,8,12,42360,-170.992,-13.070,86.698,171.491,-3.065,625
11,1,0,1,0,8,13,42892,-171.535,-16.815,193.631,172.357,-3.044,704
11,1,0,1,0,8,14,43346,-171.583,-9.832,230.280,171.864,-3.084,781
11,1,0,1,0,8,15,43341,-170.714,-14.598,230.665,171.337,-3.056,781
12,2,0,0,0,2,0,22791,-32.347,-4.241,86.891,32.624,-3.011,129
12,2,0,0,0,2,1,22767,-32.474,-3.879,89.699,32.705,-3.023,129
12,2,0,0,0,2,2,22772,-32.603,-3.509,96.941,32.792,-3.034,129
12,2,0,0,0,2,3,22801,-32.669,-3.322,99.630,32.837,-3.040,129
12,2,0,0,0,2,4,22817,-32.642,-3.398,113.479,32.818,-3.038,129
12,2,0,0,0,2,5,22783,-32.654,-3.363,117.135,32.827,-3.039,129
12,2,0,0,0,2,6,22788,-32.322,-4.313,120.785,32.609,-3.009,129
12,2,0,0,0,2,7,23727,-31.984,-3.779,150.726,32.207,-3.024,145
12,2,0,0,0,2,8,23709,-31.792,-4.329,155.493,32.085,-3.006,145
12,2,0,0,0,2,9,23715,-31.732,-4.501,155.628,32.050,-3.001,145
12,2,0,0,0,2,10,23705,-31.846,-4.175,184.916,32.118,-3.011,145
12,2,0,0,0,2,11,23721,-32.068,-3.539,195.514,32.263,-3.032,145
12,2,0,0,0,2,12,24322,-32.462,-3.911,215.001,32.697,-3.022,161
12,2,0,0,0,2,13,24330,-32.343,-4.252,232.817,32.622,-3.011,161
12,2,0,0,0,2,14,24327,-32.366,-4.188,249.892,32.636,-3.013,161
12,2,0,0,0,2,15,24732,-31.924,-3.952,284.584,32.167,-3.018,177
12,2,0,0,0,4,0,29788,-71.781,-7.579,69.953,72.180,-3.036,257
12,2,0,0,0,4,1,29784,-71.238,-9.817,88.623,71.911,-3.005,257
12,2,0,0,0,4,2,29786,-71.643,-8.150,119.063,72.105,-3.028,257
12,2,0,0,0,4,3,29782,-71.287,-9.613,124.629,71.933,-3.008,257
12,2,0,0,0,4,4,29787,-71.618,-8.250,126.878,72.092,-3.027,257
12,2,0,0,0,4,5,30530,-71.017,-8.627,147.072,71.539,-3.021,289
12,2,0,0,0,4,6,30534,-70.584,-10.412,172.307,71.348,-2.995,289
12,2,0,0,0,4,7,30536,-71.227,-7.762,172.350,71.649,-3.033,289
12,2,0,0,0,4,8,30535,-71.065,-8.432,174.492,71.563,-3.023,289
12,2,0,0,0,4,9,30533,-70.776,-9.622,176.403,71.427,-3.006,289
12,2,0,0,0,4,10,30528,-71.250,-7.668,178.601,71.662,-3.034,289
12,2,0,0,0,4,11,30525,-71.389,-7.098,202.569,71.741,-3.042,289
12,2,0,0,0,4,12,30521,-70.757,-9.698,205.673,71.419,-3.005,289
12,2,0,0,0,4,13,31049,-71.352,-9.346,259.135,71.962,-3.011,321
12,2,0,0,0,4,14,31458,-71.014,-8.642,298.313,71.538,-3.020,353
12,2,0,0,0,4,15,31451,-70.694,-9.958,302.397,71.392,-3.002,353
12,2,0,0,0,6,0,35667,-115.210,-16.789,48.108,116.427,-2.997,366
12,2,0,0,0,6,1,37009,-113.880,-15.155,139.869,114.884,-3.009,469
12,2,0,0,0,6,2,37001,-114.296,-13.108,150.237,115.045,-3.027,469
12,2,0,0,0,6,3,37006,-114.613,-11.548,150.519,115.193,-3.041,469
12,2,0,0,0,6,4,37013,-116.397,-13.221,153.237,117.145,-3.028,470
12,2,0,0,0,6,5,37012,-115.368,-16.315,182.151,116.516,-3.001,470
12,2,0,0,0,6,6,37007,-114.567,-11.771,203.146,115.170,-3.039,469
12,2,0,0,0,6,7,37003,-114.654,-11.343,207.865,115.214,-3.043,469
12,2,0,0,0,6,8,37893,-114.338,-12.900,284.064,115.063,-3.029,573
12,2,0,0,0,6,9,37901,-115.546,-15.781,284.162,116.619,-3.006,574
12,2,0,0,0,6,10,37903,-115.261,-16.636,285.607,116.455,-2.998,574
12,2,0,0,0,6,11,37902,-116.416,-13.167,289.148,117.158,-3.029,574
12,2,0,0,0,6,12,37904,-115.556,-15.751,294.184,116.625,-3.006,574
12,2,0,0,0,6,13,37894,-113.869,-15.211,322.146,114.880,-3.009,573
12,2,0,0,0,6,14,37906,-115.539,-15.802,327.227,116.615,-3.006,574
12,2,0,0,0,6,15,38229,-115.806,-16.565,354.942,116.985,-3.000,626
12,2,0,0,0,8,0,41801,-171.439,-17.174,59.695,172.297,-3.042,548
12,2,0,0,0,8,1,42368,-170.814,-21.438,73.483,172.154,-3.017,626
12,2,0,0,0,8,2,42363,-171.031,-20.625,81.797,172.270,-3.022,626
12,2,0,0,0,8,3,42369,-170.408,-22.960,90.347,171.948,-3.008,626
12,2,0,0,0,8,4,42365,-172.005,-16.974,91.271,172.840,-3.043,626
12,2,0,0,0,8,5,42370,-170.567,-22.361,110.340,172.026,-3.011,626
12,2,0,0,0,8,6,42893,-170.042,-22.411,143.216,171.513,-3.011,704
12,2,0,0,0,8,7,42891,-170.180,-21.893,158.340,171.582,-3.014,704
12,2,0,0,0,8,8,42894,-169.719,-23.621,160.087,171.355,-3.003,704
12,2,0,0,0,8,9,42897,-169.623,-23.980,194.178,171.310,-3.001,704
12,2,0,0,0,8,10,43347,-170.937,-20.977,272.021,172.219,-3.019,782
12,2,0,0,0,8,11,44044,-170.570,-22.350,353.266,172.028,-3.011,938
12,2,0,0,0,8,12,44402,-170.382,-21.135,420.595,171.688,-3.018,1016
12,2,0,0,0,8,13,44404,-169.610,-24.029,421.183,171.304,-3.001,1016
12,2,0,0,0,8,14,44400,-170.571,-20.429,421.923,171.790,-3.022,1016
12,2,0,0,0,8,15,44403,-170.257,-21.604,465.666,171.622,-3.015,1016
13,3,0,0,0,2,0,22812,-31.698,-6.099,82.434,32.279,-2.951,129
13,3,0,0,0,2,1,22806,-31.642,-6.259,108.118,32.255,-2.946,129
13,3,0,0,0,2,2,22815,-31.881,-5.575,110.073,32.365,-2.968,129
13,3,0,0,0,2,3,22762,-32.077,-5.015,111.131,32.466,-2.987,129
13,3,0,0,0,2,4,22766,-31.640,-6.262,133.046,32.254,-2.946,129
13,3,0,0,0,2,5,22769,-32.152,-4.801,134.875,32.508,-2.993,129
13,3,0,0,0,2,6,22799,-31.657,-6.215,137.038,32.261,-2.948,129
13,3,0,0,0,2,7,23700,-31.357,-5.573,145.220,31.848,-2.966,145
13,3,0,0,0,2,8,23726,-31.426,-5.376,160.204,31.882,-2.972,145
13,3,0,0,0,2,9,23706,-31.660,-4.706,165.592,32.008,-2.994,145
13,3,0,0,0,2,10,23702,-31.452,-5.301,181.119,31.896,-2.975,145
13,3,0,0,0,2,11,23701,-31.456,-5.290,201.204,31.898,-2.975,145
13,3,0,0,0,2,12,24324,-31.716,-6.045,234.003,32.287,-2.953,161
13,3,0,0,0,2,13,24736,-31.381,-5.505,287.153,31.860,-2.968,177
13,3,0,0,0,2,14,24730,-31.340,-5.621,290.487,31.840,-2.964,177
13,3,0,0,0,2,15,24739,-31.529,-5.081,335.582,31.936,-2.982,177
13,3,0,0,0,4,0,30526,-70.028,-12.703,139.478,71.171,-2.962,289
13,3,0,0,0,4,1,29772,-70.554,-12.636,139.480,71.676,-2.964,257
13,3,0,0,0,4,2,30518,-70.154,-12.183,179.596,71.204,-2.970,289
13,3,0,0,0,4,3,30527,-70.462,-10.913,184.449,71.302,-2.988,289
13,3,0,0,0,4,4,30531,-70.481,-10.836,190.494,71.309,-2.989,289
13,3,0,0,0,4,5,31056,-70.355,-13.454,214.567,71.630,-2.953,321
13,3,0,0,0,4,6,31073,-72.516,-13.697,221.245,73.798,-2.955,322
13,3,0,0,0,4,7,31054,-70.465,-13.000,244.001,71.654,-2.959,321
13,3,0,0,0,4,8,31058,-71.002,-10.790,246.784,71.817,-2.991,321
13,3,0,0,0,4,9,31072,-72.603,-13.509,251.443,73.849,-2.958,322
13,3,0,0,0,4,10,31050,-71.010,-10.754,258.088,71.820,-2.991,321
13,3,0,0,0,4,11,31063,-72.223,-14.329,264.285,73.630,-2.946,322
13,3,0,0,0,4,12,31051,-70.582,-12.517,267.738,71.684,-2.966,321
13,3,0,0,0,4,13,31457,-70.109,-12.370,290.003,71.192,-2.967,353
13,3,0,0,0,4,14,31456,-69.799,-13.645,304.767,71.120,-2.949,353
13,3,0,0,0,4,15,31466,-71.873,-13.906,313.712,73.206,-2.950,354
13,3,0,0,0,6,0,36377,-115.347,-17.946,74.663,116.735,-2.987,418
13,3,0,0,0,6,1,36380,-114.305,-21.077,90.347,116.232,-2.959,418
13,3,0,0,0,6,2,36378,-115.085,-18.733,114.548,116.600,-2.980,418
13,3,0,0,0,6,3,36387,-114.384,-20.839,128.431,116.267,-2.961,418
13,3,0,0,0,6,4,36382,-114.494,-20.508,134.925,116.316,-2.964,418
13,3,0,0,0,6,5,36379,-114.193,-21.413,137.836,116.183,-2.956,418
13,3,0,0,0,6,6,37017,-114.384,-19.273,152.063,115.996,-2.975,470
13,3,0,0,0,6,7,37016,-115.054,-17.257,188.661,116.341,-2.993,470
13,3,0,0,0,6,8,37018,-114.466,-19.024,189.042,116.036,-2.977,470
13,3,0,0,0,6,9,37019,-114.439,-19.107,199.670,116.023,-2.976,470
13,3,0,0,0,6,10,37519,-114.344,-20.959,218.736,116.249,-2.960,522
13,3,0,0,0,6,11,37517,-114.517,-20.441,219.250,116.327,-2.965,522
13,3,0,0,0,6,12,37516,-115.068,-18.784,242.289,116.591,-2.980,522
13,3,0,0,0,6,13,37520,-115.548,-17.343,253.285,116.842,-2.993,522
13,3,0,0,0,6,14,37900,-114.020,-20.366,309.615,115.825,-2.965,574
13,3,0,0,0,6,15,38232,-114.617,-20.140,415.653,116.373,-2.968,626
13,3,0,0,0,8,0,42371,-169.696,-25.627,134.946,171.620,-2.992,626
13,3,0,0,0,8,1,42374,-171.075,-27.963,140.332,173.345,-2.980,627
13,3,0,0,0,8,2,42896,-168.342,-28.778,166.933,170.784,-2.972,704
13,3,0,0,0,8,3,42899,-170.357,-28.505,168.787,172.725,-2.976,705
13,3,0,0,0,8,4,42890,-168.969,-26.431,176.225,171.024,-2.986,704
13,3,0,0,0,8,5,42903,-168.620,-33.394,176.387,171.895,-2.946,705
13,3,0,0,0,8,6,42900,-170.289,-28.698,184.933,172.690,-2.975,705
13,3,0,0,0,8,7,42895,-168.488,-28.232,185.662,170.837,-2.976,704
13,3,0,0,0,8,8,42898,-169.714,-30.316,202.575,172.400,-2.965,705
13,3,0,0,0,8,9,43348,-169.812,-25.192,228.397,171.671,-2.994,782
13,3,0,0,0,8,10,43349,-169.204,-27.468,262.057,171.419,-2.981,782
13,3,0,0,0,8,11,43752,-169.829,-29.993,303.974,172.457,-2.967,861
13,3,0,0,0,8,12,43749,-168.612,-27.768,321.790,170.883,-2.978,860
13,3,0,0,0,8,13,43757,-170.545,-27.977,325.443,172.825,-2.979,861
13,3,0,0,0,8,14,43751,-169.078,-32.106,339.812,172.099,-2.954,861
13,3,0,0,0,8,15,44047,-170.262,-30.253,387.193,172.929,-2.966,939
14,4,0,0,0,2,0,20795,-31.127,-6.231,40.745,31.745,-2.944,113
14,4,0,0,0,2,1,20826,-30.975,-6.666,59.325,31.684,-2.930,113
14,4,0,0,0,2,2,22758,-31.516,-6.620,81.170,32.203,-2.935,129
14,4,0,0,0,2,3,22814,-31.250,-7.378,92.777,32.110,-2.910,129
14,4,0,0,0,2,4,22779,-31.570,-6.464,97.550,32.225,-2.940,129
14,4,0,0,0,2,5,22787,-31.409,-6.926,117.833,32.163,-2.925,129
14,4,0,0,0,2,6,22760,-31.301,-7.235,118.758,32.126,-2.914,129
14,4,0,0,0,2,7,22773,-31.475,-6.737,119.960,32.188,-2.931,129
14,4,0,0,0,2,8,22813,-31.623,-6.313,129.509,32.247,-2.945,129
14,4,0,0,0,2,9,22784,-31.299,-7.238,130.163,32.125,-2.914,129
14,4,0,0,0,2,10,22804,-31.283,-7.285,137.221,32.120,-2.913,129
14,4,0,0,0,2,11,22802,-31.337,-7.132,138.229,32.138,-2.918,129
14,4,0,0,0,2,12,23722,-30.800,-7.167,144.709,31.623,-2.913,145
14,4,0,0,0,2,13,23698,-30.740,-7.338,147.916,31.604,-2.907,145
14,4,0,0,0,2,14,23708,-30.995,-6.609,153.019,31.692,-2.932,145
14,4,0,0,0,2,15,23711,-30.952,-6.731,195.193,31.676,-2.927,145
14,4,0,0,0,4,0,28759,-69.487,-14.929,53.125,71.073,-2.930,225
14,4,0,0,0,4,1,28774,-71.159,-15.446,54.611,72.816,-2.928,226
14,4,0,0,0,4,2,29810,-70.762,-17.476,71.601,72.888,-2.899,258
14,4,0,0,0,4,3,29811,-70.804,-17.386,79.017,72.907,-2.901,258
14,4,0,0,0,4,4,29798,-70.734,-17.537,94.913,72.875,-2.899,258
14,4,0,0,0,4,5,29796,-71.078,-16.795,115.115,73.035,-2.910,258
14,4,0,0,0,4,6,29807,-71.509,-15.867,116.963,73.248,-2.923,258
14,4,0,0,0,4,7,29773,-69.952,-15.115,127.315,71.566,-2.929,257
14,4,0,0,0,4,8,29781,-70.222,-14.000,134.475,71.604,-2.945,257
14,4,0,0,0,4,9,30540,-70.523,-16.816,143.991,72.500,-2.908,290
14,4,0,0,0,4,10,30529,-69.648,-14.266,150.492,71.094,-2.940,289
14,4,0,0,0,4,11,30548,-71.518,-14.671,154.592,73.007,-2.939,290
14,4,0,0,0,4,12,31069,-71.363,-16.181,219.383,73.174,-2.919,322
14,4,0,0,0,4,13,31074,-71.171,-16.595,229.220,73.080,-2.913,322
14,4,0,0,0,4,14,31059,-70.221,-14.005,257.122,71.604,-2.945,321
14,4,0,0,0,4,15,31068,-71.464,-15.964,264.765,73.225,-2.922,322
14,4,0,0,0,6,0,36384,-113.675,-22.970,74.098,115.973,-2.942,418
14,4,0,0,0,6,1,36385,-113.098,-24.704,81.487,115.765,-2.927,418
14,4,0,0,0,6,2,36383,-112.227,-27.320,86.689,115.505,-2.903,418
14,4,0,0,0,6,3,36394,-114.083,-28.042,88.275,117.479,-2.901,419
14,4,0,0,0,6,4,36381,-113.517,-23.447,90.308,115.913,-2.938,418
14,4,0,0,0,6,5,36386,-112.846,-25.461,116.874,115.683,-2.920,418
14,4,0,0,0,6,6,37015,-112.246,-25.697,168.146,115.150,-2.917,470
14,4,0,0,0,6,7,37014,-112.092,-26.159,198.104,115.104,-2.912,470
14,4,0,0,0,6,8,37020,-112.535,-24.828,203.144,115.241,-2.924,470
14,4,0,0,0,6,9,37518,-112.339,-26.984,226.797,115.534,-2.906,522
14,4,0,0,0,6,10,37526,-114.448,-27.270,230.974,117.652,-2.908,523
14,4,0,0,0,6,11,37515,-113.277,-24.167,246.276,115.826,-2.931,522
14,4,0,0,0,6,12,37905,-112.688,-24.369,297.136,115.293,-2.929,574
14,4,0,0,0,6,13,37899,-111.555,-27.773,343.677,114.960,-2.898,574
14,4,0,0,0,6,14,37908,-113.391,-28.346,349.403,116.880,-2.897,575
14,4,0,0,0,6,15,38237,-113.868,-28.497,350.875,117.380,-2.896,627
14,4,0,0,0,8,0,41178,-167.097,-39.160,0.578,171.624,-2.911,471
14,4,0,0,0,8,1,41809,-166.624,-39.012,0.603,171.130,-2.912,549
14,4,0,0,0,8,2,41807,-167.861,-35.532,26.658,171.580,-2.933,549
14,4,0,0,0,8,3,42373,-167.803,-37.172,104.159,171.871,-2.924,627
14,4,0,0,0,8,4,42372,-166.294,-41.421,138.063,171.375,-2.897,627
14,4,0,0,0,8,5,42901,-167.645,-36.138,152.209,171.496,-2.929,705
14,4,0,0,0,8,6,42902,-166.792,-38.541,170.247,171.187,-2.915,705
14,4,0,0,0,8,7,43350,-168.262,-35.881,223.692,172.045,-2.931,783
14,4,0,0,0,8,8,43351,-166.819,-39.942,243.093,171.534,-2.907,783
14,4,0,0,0,8,9,43755,-166.744,-38.674,290.910,171.170,-2.914,861
14,4,0,0,0,8,10,43754,-168.119,-34.805,294.681,171.684,-2.937,861
14,4,0,0,0,8,11,43753,-168.047,-35.008,296.443,171.655,-2.936,861
14,4,0,0,0,8,12,43756,-166.037,-40.665,342.565,170.944,-2.901,861
14,4,0,0,0,8,13,43761,-168.014,-41.001,346.598,172.944,-2.902,862
14,4,0,0,0,8,14,44048,-167.677,-37.527,366.238,171.825,-2.921,939
14,4,0,0,0,8,15,44407,-167.868,-35.511,458.695,171.583,-2.933,1017
15,5,0,0,0,2,0,18586,-30.671,-9.035,0.128,31.974,-2.855,97
15,5,0,0,0,2,1,20815,-30.553,-7.873,8.056,31.551,-2.889,113
15,5,0,0,0,2,2,20825,-30.490,-8.054,9.560,31.536,-2.883,113
15,5,0,0,0,2,3,20747,-30.606,-7.722,11.354,31.565,-2.894,113
15,5,0,0,0,2,4,20769,-30.210,-8.855,22.421,31.481,-2.856,113
15,5,0,0,0,2,5,20838,-30.570,-7.823,24.242,31.555,-2.891,113
15,5,0,0,0,2,6,20810,-30.444,-8.185,28.096,31.525,-2.879,113
15,5,0,0,0,2,7,20768,-30.569,-7.827,36.158,31.555,-2.891,113
15,5,0,0,0,2,8,20828,-30.442,-8.191,53.242,31.525,-2.879,113
15,5,0,0,0,2,9,20824,-30.185,-8.926,63.667,31.477,-2.854,113
15,5,0,0,0,2,10,22757,-30.970,-8.181,82.325,32.032,-2.883,129
15,5,0,0,0,2,11,22803,-30.800,-8.667,100.162,31.996,-2.867,129
15,5,0,0,0,2,12,22793,-30.902,-8.375,121.178,32.017,-2.877,129
15,5,0,0,0,2,13,22807,-30.805,-8.651,134.210,31.997,-2.868,129
15,5,0,0,0,2,14,24326,-31.012,-8.061,238.056,32.042,-2.887,161
15,5,0,0,0,2,15,24329,-30.659,-9.069,242.514,31.972,-2.854,161
15,5,0,0,0,4,0,28766,-69.831,-18.306,23.154,72.190,-2.885,226
15,5,0,0,0,4,1,28761,-69.815,-18.339,32.461,72.184,-2.885,226
15,5,0,0,0,4,2,28763,-69.299,-19.453,34.924,71.977,-2.868,226
15,5,0,0,0,4,3,28772,-69.339,-19.366,36.161,71.993,-2.869,226
15,5,0,0,0,4,4,28768,-69.663,-18.667,53.908,72.121,-2.880,226
15,5,0,0,0,4,5,28782,-70.069,-17.793,55.110,72.293,-2.893,226
15,5,0,0,0,4,6,28789,-69.968,-18.010,67.917,72.249,-2.890,226
15,5,0,0,0,4,7,29800,-69.389,-20.435,87.666,72.335,-2.855,258
15,5,0,0,0,4,8,29812,-70.304,-18.463,116.635,72.688,-2.885,258
15,5,0,0,0,4,9,29814,-70.633,-17.755,124.808,72.830,-2.895,258
15,5,0,0,0,4,10,29802,-69.858,-19.425,129.505,72.508,-2.870,258
15,5,0,0,0,4,11,30541,-69.353,-19.336,140.883,71.998,-2.870,290
15,5,0,0,0,4,12,30546,-69.116,-19.846,143.686,71.909,-2.862,290
15,5,0,0,0,4,13,31064,-70.072,-18.963,272.720,72.592,-2.877,322
15,5,0,0,0,4,14,31469,-69.149,-19.775,280.527,71.921,-2.863,354
15,5,0,0,0,4,15,31474,-69.806,-18.359,301.085,72.180,-2.884,354
15,5,0,0,0,6,0,35691,-113.279,-28.583,1.953,116.830,-2.894,367
15,5,0,0,0,6,1,35688,-112.643,-29.926,37.969,116.551,-2.882,367
15,5,0,0,0,6,2,35684,-112.367,-30.509,39.007,116.435,-2.876,367
15,5,0,0,0,6,3,35680,-112.594,-30.030,47.218,116.530,-2.881,367
15,5,0,0,0,6,4,36389,-112.347,-31.709,86.573,116.736,-2.867,419
15,5,0,0,0,6,5,36392,-112.603,-31.169,92.353,116.837,-2.872,419
15,5,0,0,0,6,6,36388,-112.043,-32.353,102.135,116.621,-2.860,419
15,5,0,0,0,6,7,36390,-112.393,-31.612,114.147,116.754,-2.867,419
15,5,0,0,0,6,8,37022,-111.740,-31.835,210.300,116.186,-2.864,471
15,5,0,0,0,6,9,37527,-112.236,-31.945,211.228,116.694,-2.864,523
15,5,0,0,0,6,10,37522,-111.851,-32.757,229.089,116.549,-2.857,523
15,5,0,0,0,6,11,37523,-111.456,-33.592,233.167,116.408,-2.849,523
15,5,0,0,0,6,12,37524,-113.033,-30.260,234.228,117.013,-2.880,523
15,5,0,0,0,6,13,37525,-111.829,-32.805,253.102,116.541,-2.856,523
15,5,0,0,0,6,14,38235,-112.921,-30.498,358.928,116.967,-2.878,627
15,5,0,0,0,6,15,38240,-111.854,-32.751,418.604,116.550,-2.857,627
15,5,0,0,0,8,0,42378,-167.685,-42.943,95.364,173.096,-2.891,628
15,5,0,0,0,8,1,42380,-164.786,-49.400,127.179,172.031,-2.850,628
15,5,0,0,0,8,2,42904,-167.558,-42.016,139.270,172.746,-2.896,706
15,5,0,0,0,8,3,42383,-168.011,-42.215,139.697,173.233,-2.895,628
15,5,0,0,0,8,4,42905,-164.120,-49.675,140.750,171.473,-2.848,706
15,5,0,0,0,8,5,42907,-164.618,-48.566,150.586,171.633,-2.855,706
15,5,0,0,0,8,6,42909,-166.387,-44.624,152.620,172.267,-2.880,706
15,5,0,0,0,8,7,43758,-167.223,-42.763,313.442,172.604,-2.891,862
15,5,0,0,0,8,8,43759,-166.966,-43.335,343.335,172.498,-2.888,862
15,5,0,0,0,8,9,44052,-166.865,-44.769,365.608,172.766,-2.879,940
15,5,0,0,0,8,10,44049,-166.349,-45.918,368.470,172.570,-2.872,940
15,5,0,0,0,8,11,44410,-165.754,-46.034,430.398,172.028,-2.871,1018
15,5,0,0,0,8,12,44414,-164.447,-48.948,442.094,171.577,-2.852,1018
15,5,0,0,0,8,13,44415,-165.476,-46.654,442.959,171.927,-2.867,1018
15,5,0,0,0,8,14,44411,-164.329,-49.209,449.541,171.539,-2.851,1018
15,5,0,0,0,8,15,44412,-165.327,-46.986,463.820,171.874,-2.865,1018
16,6,0,0,1,2,0,20759,-29.690,-10.341,16.494,31.439,-2.806,113
16,6,0,0,1,2,1,20813,-29.665,-10.414,22.929,31.439,-2.804,113
16,6,0,0,1,2,2,20751,-29.917,-9.691,24.959,31.448,-2.828,113
16,6,0,0,1,2,3,20787,-30.020,-9.397,25.069,31.457,-2.838,113
16,6,0,0,1,2,4,20785,-30.076,-9.238,33.207,31.462,-2.844,113
16,6,0,0,1,2,5,20767,-30.066,-9.267,44.776,31.461,-2.843,113
16,6,0,0,1,2,6,20807,-29.872,-9.819,55.698,31.445,-2.824,113
16,6,0,0,1,2,7,20803,-29.992,-9.477,60.668,31.454,-2.836,113
16,6,0,0,1,2,8,20852,-30.103,-9.159,62.569,31.466,-2.846,113
16,6,0,0,1,2,9,20847,-29.657,-10.435,64.662,31.439,-2.803,113
16,6,0,0,1,2,10,22796,-30.564,-9.340,96.593,31.960,-2.845,129
16,6,0,0,1,2,11,22795,-30.308,-10.074,111.271,31.938,-2.821,129
16,6,0,0,1,2,12,22810,-30.406,-9.794,123.882,31.944,-2.830,129
16,6,0,0,1,2,13,22768,-30.560,-9.353,132.565,31.959,-2.845,129
16,6,0,0,1,2,14,24332,-30.328,-10.017,258.219,31.939,-2.823,161
16,6,0,0,1,2,15,24333,-30.378,-9.872,271.838,31.942,-2.827,161
16,6,0,0,1,4,0,28764,-67.290,-23.780,25.257,71.369,-2.802,226
16,6,0,0,1,4,1,28779,-68.121,-21.991,31.217,71.582,-2.829,226
16,6,0,0,1,4,2,28784,-67.179,-24.019,55.652,71.344,-2.798,226
16,6,0,0,1,4,3,28762,-67.859,-22.554,57.197,71.509,-2.821,226
16,6,0,0,1,4,4,28765,-68.575,-21.013,61.452,71.722,-2.844,226
16,6,0,0,1,4,5,29795,-67.982,-23.466,87.697,71.918,-2.809,258
16,6,0,0,1,4,6,29797,-67.787,-23.886,111.924,71.872,-2.803,258
16,6,0,0,1,4,7,29804,-69.028,-21.211,130.131,72.214,-2.843,258
16,6,0,0,1,4,8,29801,-68.499,-22.351,136.068,72.054,-2.826,258
16,6,0,0,1,4,9,30542,-68.638,-20.877,177.493,71.742,-2.846,290
16,6,0,0,1,4,10,30544,-67.585,-23.145,198.109,71.438,-2.812,290
16,6,0,0,1,4,11,31067,-68.313,-22.753,219.393,72.003,-2.820,322
16,6,0,0,1,4,12,31065,-68.059,-23.300,249.964,71.937,-2.812,322
16,6,0,0,1,4,13,31066,-68.032,-23.359,258.885,71.930,-2.811,322
16,6,0,0,1,4,14,31061,-68.450,-22.458,260.234,72.040,-2.825,322
16,6,0,0,1,4,15,31471,-68.305,-21.593,331.503,71.637,-2.835,354
16,6,0,0,1,6,0,35679,-110.586,-34.272,18.065,115.775,-2.841,367
16,6,0,0,1,6,1,35678,-109.016,-37.590,21.078,115.315,-2.810,367
16,6,0,0,1,6,2,35681,-108.752,-38.148,35.197,115.249,-2.804,367
16,6,0,0,1,6,3,35685,-110.440,-34.581,49.976,115.728,-2.838,367
16,6,0,0,1,6,4,35689,-110.461,-34.538,60.789,115.735,-2.839,367
16,6,0,0,1,6,5,35686,-109.457,-36.659,62.764,115.433,-2.818,367
16,6,0,0,1,6,6,36393,-108.952,-38.883,92.641,115.682,-2.799,419
16,6,0,0,1,6,7,36391,-110.002,-36.665,93.504,115.951,-2.820,419
16,6,0,0,1,6,8,36397,-109.315,-38.115,102.344,115.769,-2.806,419
16,6,0,0,1,6,9,37023,-109.357,-36.870,142.488,115.405,-2.816,471
16,6,0,0,1,6,10,37021,-109.285,-37.022,184.488,115.386,-2.815,471
16,6,0,0,1,6,11,37026,-110.300,-34.877,196.434,115.683,-2.835,471
16,6,0,0,1,6,12,37907,-108.949,-37.731,282.039,115.297,-2.808,575
16,6,0,0,1,6,13,37910,-110.000,-35.511,289.979,115.590,-2.829,575
16,6,0,0,1,6,14,38234,-109.625,-37.460,362.461,115.848,-2.812,627
16,6,0,0,1,6,15,38233,-109.101,-38.567,401.867,115.717,-2.802,627
16,6,0,0,1,8,0,42911,-162.519,-57.392,141.474,172.355,-2.802,707
16,6,0,0,1,8,1,42908,-163.185,-51.758,164.437,171.196,-2.834,706
16,6,0,0,1,8,2,42906,-161.954,-54.500,165.632,170.878,-2.817,706
16,6,0,0,1,8,3,42912,-163.829,-55.008,167.458,172.817,-2.818,707
16,6,0,0,1,8,4,43354,-162.231,-55.092,236.075,171.330,-2.814,784
16,6,0,0,1,8,5,43356,-164.233,-55.301,238.899,173.294,-2.817,785
16,6,0,0,1,8,6,43357,-162.872,-57.778,259.191,172.817,-2.801,785
16,6,0,0,1,8,7,43352,-162.533,-54.418,264.833,171.401,-2.819,784
16,6,0,0,1,8,8,43359,-164.493,-54.827,267.963,173.390,-2.820,785
16,6,0,0,1,8,9,43353,-163.419,-52.445,278.603,171.628,-2.831,784
16,6,0,0,1,8,10,43763,-163.114,-56.309,287.029,172.560,-2.809,863
16,6,0,0,1,8,11,43760,-163.198,-51.728,302.363,171.200,-2.835,862
16,6,0,0,1,8,12,43762,-163.023,-56.475,309.955,172.528,-2.808,863
16,6,0,0,1,8,13,44050,-164.199,-50.709,360.499,171.851,-2.842,940
16,6,0,0,1,8,14,44051,-163.136,-53.077,376.471,171.553,-2.827,940
16,6,0,0,1,8,15,44417,-164.014,-54.670,423.754,172.886,-2.820,1019
17,6,0,1,0,2,0,20759,-29.690,-10.341,16.494,31.439,-2.806,113
17,6,0,1,0,2,1,20813,-29.665,-10.414,22.929,31.439,-2.804,113
17,6,0,1,0,2,2,20751,-29.917,-9.691,24.959,31.448,-2.828,113
17,6,0,1,0,2,3,20787,-30.020,-9.397,25.069,31.457,-2.838,113
17,6,0,1,0,2,4,20785,-30.076,-9.238,33.207,31.462,-2.844,113
17,6,0,1,0,2,5,20767,-30.066,-9.267,44.776,31.461,-2.843,113
17,6,0,1,0,2,6,20807,-29.872,-9.819,55.698,31.445,-2.824,113
17,6,0,1,0,2,7,20803,-29.992,-9.477,60.668,31.454,-2.836,113
17,6,0,1,0,2,8,20852,-30.103,-9.159,62.569,31.466,-2.846,113
17,6,0,1,0,2,9,20847,-29.657,-10.435,64.662,31.439,-2.803,113
17,6,0,1,0,2,10,22796,-30.564,-9.340,96.593,31.960,-2.845,129
17,6,0,1,0,2,11,22795,-30.308,-10.074,111.271,31.938,-2.821,129
17,6,0,1,0,2,12,22810,-30.406,-9.794,123.882,31.944,-2.830,129
17,6,0,1,0,2,13,22768,-30.560,-9.353,132.565,31.959,-2.845,129
17,6,0,1,0,2,14,24332,-30.328,-10.017,258.219,31.939,-2.823,161
17,6,0,1,0,2,15,24333,-30.378,-9.872,271.838,31.942,-2.827,161
17,6,0,1,0,4,0,27604,-68.511,-22.326,-22.015,72.057,-2.827,194
17,6,0,1,0,4,1,27590,-68.181,-23.037,-10.843,71.968,-2.816,194
17,6,0,1,0,4,2,27609,-68.460,-22.437,-9.611,72.043,-2.825,194
17,6,0,1,0,4,3,28767,-68.459,-21.262,13.249,71.685,-2.840,226
17,6,0,1,0,4,4,28764,-67.290,-23.780,25.257,71.369,-2.802,226
17,6,0,1,0,4,5,28779,-68.121,-21.991,31.217,71.582,-2.829,226
17,6,0,1,0,4,6,28784,-67.179,-24.019,55.652,71.344,-2.798,226
17,6,0,1,0,4,7,28762,-67.859,-22.554,57.197,71.509,-2.821,226
17,6,0,1,0,4,8,28765,-68.575,-21.013,61.452,71.722,-2.844,226
17,6,0,1,0,4,9,29795,-67.982,-23.466,87.697,71.918,-2.809,258
17,6,0,1,0,4,10,29797,-67.787,-23.886,111.924,71.872,-2.803,258
17,6,0,1,0,4,11,29804,-69.028,-21.211,130.131,72.214,-2.843,258
17,6,0,1,0,4,12,29801,-68.499,-22.351,136.068,72.054,-2.826,258
17,6,0,1,0,4,13,30542,-68.638,-20.877,177.493,71.742,-2.846,290
17,6,0,1,0,4,14,30544,-67.585,-23.145,198.109,71.438,-2.812,290
17,6,0,1,0,4,15,31067,-68.313,-22.753,219.393,72.003,-2.820,322
17,6,0,1,0,6,0,34854,-111.100,-34.345,-30.111,116.288,-2.842,315
17,6,0,1,0,6,1,34857,-111.034,-34.483,-26.267,116.265,-2.840,315
17,6,0,1,0,6,2,34860,-109.449,-37.832,-23.918,115.803,-2.809,315
17,6,0,1,0,6,3,34863,-111.099,-34.346,-21.298,116.287,-2.842,315
17,6,0,1,0,6,4,34864,-110.904,-34.760,-16.300,116.224,-2.838,315
17,6,0,1,0,6,5,35679,-110.586,-34.272,18.065,115.775,-2.841,367
17,6,0,1,0,6,6,35678,-109.016,-37.590,21.078,115.315,-2.810,367
17,6,0,1,0,6,7,35681,-108.752,-38.148,35.197,115.249,-2.804,367
17,6,0,1,0,6,8,35685,-110.440,-34.581,49.976,115.728,-2.838,367
17,6,0,1,0,6,9,35689,-110.461,-34.538,60.789,115.735,-2.839,367
17,6,0,1,0,6,10,35686,-109.457,-36.659,62.764,115.433,-2.818,367
17,6,0,1,0,6,11,36393,-108.952,-38.883,92.641,115.682,-2.799,419
17,6,0,1,0,6,12,36391,-110.002,-36.665,93.504,115.951,-2.820,419
17,6,0,1,0,6,13,36397,-109.315,-38.115,102.344,115.769,-2.806,419
17,6,0,1,0,6,14,37023,-109.357,-36.870,142.488,115.405,-2.816,471
17,6,0,1,0,6,15,37021,-109.285,-37.022,184.488,115.386,-2.815,471
17,6,0,1,0,8,0,40149,-164.571,-54.685,-142.840,173.419,-2.821,317
17,6,0,1,0,8,1,40139,-162.748,-53.941,-141.222,171.454,-2.822,316
17,6,0,1,0,8,2,40615,-162.288,-53.756,-140.807,170.959,-2.822,394
17,6,0,1,0,8,3,41191,-163.148,-57.274,-32.312,172.909,-2.804,473
17,6,0,1,0,8,4,41185,-163.303,-52.704,-22.590,171.597,-2.829,472
17,6,0,1,0,8,5,41824,-164.136,-54.450,4.051,172.932,-2.821,551
17,6,0,1,0,8,6,41813,-163.407,-51.264,33.473,171.260,-2.838,550
17,6,0,1,0,8,7,42381,-164.191,-50.726,69.969,171.848,-2.842,628
17,6,0,1,0,8,8,42386,-163.033,-57.485,74.166,172.871,-2.803,629
17,6,0,1,0,8,9,42376,-162.218,-55.121,94.798,171.327,-2.814,628
17,6,0,1,0,8,10,42387,-162.903,-57.721,94.860,172.827,-2.801,629
17,6,0,1,0,8,11,42385,-163.491,-56.651,96.282,173.028,-2.808,629
17,6,0,1,0,8,12,42379,-163.363,-52.569,119.233,171.613,-2.830,628
17,6,0,1,0,8,13,42393,-163.598,-56.457,129.960,173.065,-2.809,629
17,6,0,1,0,8,14,42382,-164.112,-50.901,131.924,171.824,-2.841,628
17,6,0,1,0,8,15,42911,-162.519,-57.392,141.474,172.355,-2.802,707
18,7,0,0,0,2,0,22775,-29.754,-11.659,98.673,31.956,-2.768,129
18,7,0,0,0,2,1,22868,-31.748,-12.394,105.338,34.082,-2.769,130
18,7,0,0,0,2,2,22818,-29.688,-11.847,105.858,31.964,-2.762,129
18,7,0,0,0,2,3,22845,-31.598,-12.562,112.746,34.004,-2.763,130
18,7,0,0,0,2,4,22770,-30.031,-10.867,114.063,31.936,-2.794,129
18,7,0,0,0,2,5,22780,-30.054,-10.799,117.948,31.936,-2.797,129
18,7,0,0,0,2,6,22820,-32.362,-11.707,122.905,34.414,-2.794,130
18,7,0,0,0,2,7,23725,-29.451,-11.024,149.171,31.447,-2.783,145
18,7,0,0,0,2,8,23741,-30.904,-12.596,154.437,33.372,-2.755,146
18,7,0,0,0,2,9,23713,-29.346,-11.325,154.506,31.455,-2.773,145
18,7,0,0,0,2,10,23757,-31.664,-11.745,160.029,33.772,-2.786,146
18,7,0,0,0,2,11,23751,-31.397,-12.044,165.477,33.628,-2.775,146
18,7,0,0,0,2,12,24360,-32.086,-12.015,214.909,34.262,-2.783,162
18,7,0,0,0,2,13,24334,-29.625,-12.029,217.249,31.973,-2.756,161
18,7,0,0,0,2,14,24357,-31.460,-12.717,230.754,33.933,-2.757,162
18,7,0,0,0,2,15,24328,-29.603,-12.091,255.946,31.977,-2.754,161
18,7,0,0,0,4,0,29792,-66.208,-27.288,108.447,71.611,-2.751,258
18,7,0,0,0,4,1,29818,-68.156,-27.984,111.680,73.677,-2.752,259
18,7,0,0,0,4,2,29794,-66.158,-27.395,114.667,71.606,-2.749,258
18,7,0,0,0,4,3,29822,-68.078,-28.091,118.167,73.646,-2.750,259
18,7,0,0,0,4,4,29813,-66.952,-25.684,123.183,71.710,-2.775,258
18,7,0,0,0,4,5,29806,-66.171,-27.369,131.486,71.607,-2.749,258
18,7,0,0,0,4,6,29817,-68.076,-28.093,135.309,73.645,-2.750,259
18,7,0,0,0,4,7,29808,-67.272,-24.997,138.951,71.766,-2.786,258
18,7,0,0,0,4,8,30539,-66.541,-25.395,158.620,71.222,-2.777,290
18,7,0,0,0,4,9,30545,-67.094,-24.202,179.140,71.326,-2.795,290
18,7,0,0,0,4,10,30547,-66.065,-26.421,209.005,71.152,-2.761,290
18,7,0,0,0,4,11,31070,-66.538,-26.578,210.391,71.650,-2.762,322
18,7,0,0,0,4,12,31087,-68.638,-27.324,216.483,73.877,-2.763,323
18,7,0,0,0,4,13,31071,-67.374,-24.776,223.628,71.785,-2.789,322
18,7,0,0,0,4,14,31479,-67.789,-27.647,282.433,73.210,-2.754,355
18,7,0,0,0,4,15,31467,-66.654,-25.150,294.190,71.241,-2.781,354
18,7,0,0,0,6,0,36398,-110.039,-41.324,113.674,117.542,-2.782,420
18,7,0,0,0,6,1,37025,-107.800,-40.160,155.265,115.038,-2.785,471
18,7,0,0,0,6,2,37029,-108.464,-42.891,172.763,116.637,-2.765,472
18,7,0,0,0,6,3,37027,-107.561,-40.664,176.105,114.991,-2.780,471
18,7,0,0,0,6,4,37030,-109.510,-41.233,179.259,117.015,-2.781,472
18,7,0,0,0,6,5,37024,-107.313,-41.188,188.689,114.946,-2.775,471
18,7,0,0,0,6,6,37033,-109.179,-41.758,192.008,116.892,-2.776,472
18,7,0,0,0,6,7,37521,-108.863,-39.071,213.699,115.662,-2.797,523
18,7,0,0,0,6,8,37529,-109.028,-42.925,216.937,117.174,-2.767,524
18,7,0,0,0,6,9,37528,-107.426,-42.107,219.316,115.383,-2.768,523
18,7,0,0,0,6,10,37531,-109.078,-42.846,222.648,117.191,-2.767,524
18,7,0,0,0,6,11,37911,-107.744,-40.278,309.282,115.027,-2.784,575
18,7,0,0,0,6,12,37914,-109.959,-40.522,311.719,117.188,-2.789,576
18,7,0,0,0,6,13,37918,-109.856,-40.685,315.069,117.148,-2.787,576
18,7,0,0,0,6,14,37909,-108.247,-39.215,317.100,115.131,-2.794,575
18,7,0,0,0,6,15,37912,-108.181,-39.353,332.026,115.117,-2.793,575
18,7,0,0,0,8,0,42388,-161.480,-60.311,92.965,172.375,-2.784,629
18,7,0,0,0,8,1,42384,-160.448,-62.189,120.379,172.078,-2.772,629
18,7,0,0,0,8,2,42389,-160.351,-62.365,137.783,172.052,-2.771,629
18,7,0,0,0,8,3,42910,-160.174,-61.658,167.686,171.632,-2.774,707
18,7,0,0,0,8,4,42913,-160.737,-60.634,187.522,171.793,-2.781,707
18,7,0,0,0,8,5,43360,-159.832,-63.309,214.937,171.914,-2.764,785
18,7,0,0,0,8,6,43362,-160.329,-62.405,236.859,172.046,-2.770,785
18,7,0,0,0,8,7,43361,-161.449,-60.366,250.162,172.365,-2.784,785
18,7,0,0,0,8,8,43355,-160.559,-61.986,275.333,172.109,-2.773,785
18,7,0,0,0,8,9,43765,-161.137,-59.907,286.570,171.913,-2.786,863
18,7,0,0,0,8,10,43764,-159.371,-63.119,301.391,171.415,-2.764,863
18,7,0,0,0,8,11,43769,-158.714,-64.315,313.502,171.250,-2.757,863
18,7,0,0,0,8,12,43766,-161.314,-59.584,319.506,171.967,-2.788,863
18,7,0,0,0,8,13,43768,-160.303,-61.423,344.888,171.668,-2.776,863
18,7,0,0,0,8,14,44054,-162.586,-58.297,411.100,172.722,-2.797,941
18,7,0,0,0,8,15,44055,-159.302,-64.273,417.427,171.780,-2.758,941
19,8,0,0,1,2,0,23744,-30.271,-13.304,144.903,33.066,-2.728,146
19,8,0,0,1,2,1,23707,-28.771,-12.970,155.295,31.559,-2.718,145
19,8,0,0,1,2,2,23712,-28.815,-12.842,155.534,31.548,-2.722,145
19,8,0,0,1,2,3,23742,-29.996,-13.613,161.762,32.940,-2.716,146
19,8,0,0,1,2,4,23730,-30.116,-13.478,162.741,32.995,-2.721,146
19,8,0,0,1,2,5,23718,-28.601,-13.456,165.405,31.608,-2.702,145
19,8,0,0,1,2,6,23750,-29.738,-13.901,171.821,32.827,-2.704,146
19,8,0,0,1,2,7,23729,-28.700,-13.173,191.293,31.579,-2.711,145
19,8,0,0,1,2,8,23746,-29.881,-13.741,199.292,32.889,-2.711,146
19,8,0,0,1,2,9,24336,-29.058,-13.648,242.466,32.104,-2.702,161
19,8,0,0,1,2,10,24350,-30.199,-14.128,252.094,33.341,-2.704,162
19,8,0,0,1,2,11,24733,-28.683,-13.220,294.114,31.583,-2.710,177
19,8,0,0,1,2,12,24734,-28.981,-12.370,298.856,31.510,-2.738,177
19,8,0,0,1,2,13,24753,-29.835,-13.793,305.925,32.869,-2.709,178
19,8,0,0,1,2,14,24742,-29.787,-13.846,308.928,32.848,-2.706,178
19,8,0,0,1,2,15,24731,-29.083,-12.077,311.021,31.491,-2.748,177
19,8,0,0,1,4,0,29809,-65.622,-28.550,102.754,71.564,-2.731,258
19,8,0,0,1,4,1,29803,-65.799,-28.171,103.784,71.575,-2.737,258
19,8,0,0,1,4,2,29827,-67.212,-29.276,105.303,73.311,-2.731,259
19,8,0,0,1,4,3,29843,-67.535,-28.834,106.628,73.433,-2.738,259
19,8,0,0,1,4,4,29825,-66.125,-30.764,108.186,72.931,-2.706,259
19,8,0,0,1,4,5,29841,-67.303,-29.151,117.676,73.345,-2.733,259
19,8,0,0,1,4,6,29819,-66.781,-29.866,123.972,73.155,-2.721,259
19,8,0,0,1,4,7,30552,-66.375,-29.583,194.475,72.669,-2.722,291
19,8,0,0,1,4,8,30558,-65.590,-30.657,202.287,72.401,-2.704,291
19,8,0,0,1,4,9,30543,-65.148,-28.396,203.024,71.068,-2.731,290
19,8,0,0,1,4,10,30566,-66.674,-29.173,207.948,72.777,-2.729,291
19,8,0,0,1,4,11,31088,-67.123,-29.398,209.413,73.278,-2.729,323
19,8,0,0,1,4,12,31062,-66.069,-27.588,268.787,71.597,-2.746,322
19,8,0,0,1,4,13,31076,-67.830,-28.430,275.444,73.547,-2.745,323
19,8,0,0,1,4,14,31478,-66.495,-29.418,283.454,72.712,-2.725,355
19,8,0,0,1,4,15,31813,-66.151,-30.729,399.813,72.940,-2.707,387
19,8,0,0,1,6,0,35709,-105.183,-48.091,8.703,115.656,-2.713,368
19,8,0,0,1,6,1,35708,-104.681,-48.887,12.416,115.534,-2.705,368
19,8,0,0,1,6,2,35707,-106.063,-46.696,13.740,115.887,-2.727,368
19,8,0,0,1,6,3,35693,-105.260,-47.969,38.498,115.675,-2.714,368
19,8,0,0,1,6,4,35700,-104.522,-49.138,39.558,115.496,-2.702,368
19,8,0,0,1,6,5,36406,-106.514,-46.908,85.111,116.386,-2.727,420
19,8,0,0,1,6,6,37039,-107.058,-45.118,157.336,116.177,-2.743,472
19,8,0,0,1,6,7,37041,-105.926,-46.913,160.284,115.850,-2.725,472
19,8,0,0,1,6,8,37032,-105.739,-47.209,167.355,115.799,-2.722,472
19,8,0,0,1,6,9,37034,-105.537,-47.529,173.137,115.746,-2.718,472
19,8,0,0,1,6,10,37038,-105.966,-46.850,189.791,115.861,-2.725,472
19,8,0,0,1,6,11,37037,-106.911,-45.353,201.430,116.133,-2.740,472
19,8,0,0,1,6,12,37915,-106.043,-46.727,293.460,115.882,-2.727,576
19,8,0,0,1,6,13,38245,-106.145,-47.493,369.319,116.286,-2.721,628
19,8,0,0,1,6,14,38246,-106.713,-46.594,374.174,116.442,-2.730,628
19,8,0,0,1,6,15,38543,-106.478,-46.038,419.967,116.005,-2.733,680
19,8,0,0,1,8,0,42392,-157.231,-68.043,128.922,171.323,-2.733,629
19,8,0,0,1,8,1,42394,-158.975,-68.755,130.426,173.206,-2.733,630
19,8,0,0,1,8,2,42918,-156.111,-72.198,161.261,171.997,-2.708,708
19,8,0,0,1,8,3,42917,-157.755,-69.705,171.237,172.469,-2.726,708
19,8,0,0,1,8,4,43363,-159.973,-67.242,214.945,173.530,-2.744,786
19,8,0,0,1,8,5,43364,-156.678,-72.237,250.248,172.529,-2.710,786
19,8,0,0,1,8,6,43358,-157.400,-67.734,257.691,171.356,-2.735,785
19,8,0,0,1,8,7,43368,-159.206,-68.403,260.610,173.279,-2.736,786
19,8,0,0,1,8,8,43772,-155.700,-72.821,294.906,171.888,-2.704,864
19,8,0,0,1,8,9,43767,-157.729,-66.107,321.972,171.022,-2.745,863
19,8,0,0,1,8,10,43773,-159.531,-67.013,325.680,173.034,-2.744,864
19,8,0,0,1,8,11,43770,-156.654,-68.065,328.997,170.802,-2.732,863
19,8,0,0,1,8,12,43774,-158.546,-68.505,332.706,172.713,-2.734,864
19,8,0,0,1,8,13,44053,-157.708,-67.173,379.424,171.418,-2.739,941
19,8,0,0,1,8,14,44057,-159.863,-67.408,384.159,173.493,-2.743,942
19,8,0,0,1,8,15,44416,-156.622,-68.123,438.125,170.796,-2.731,1019
20,8,0,1,1,2,0,23744,-30.271,-13.304,144.903,33.066,-2.728,146
20,8,0,1,1,2,1,23707,-28.771,-12.970,155.295,31.559,-2.718,145
20,8,0,1,1,2,2,23712,-28.815,-12.842,155.534,31.548,-2.722,145
20,8,0,1,1,2,3,23742,-29.996,-13.613,161.762,32.940,-2.716,146
20,8,0,1,1,2,4,23730,-30.116,-13.478,162.741,32.995,-2.721,146
20,8,0,1,1,2,5,23718,-28.601,-13.456,165.405,31.608,-2.702,145
20,8,0,1,1,2,6,23750,-29.738,-13.901,171.821,32.827,-2.704,146
20,8,0,1,1,2,7,23729,-28.700,-13.173,191.293,31.579,-2.711,145
20,8,0,1,1,2,8,23746,-29.881,-13.741,199.292,32.889,-2.711,146
20,8,0,1,1,2,9,24336,-29.058,-13.648,242.466,32.104,-2.702,161
20,8,0,1,1,2,10,24350,-30.199,-14.128,252.094,33.341,-2.704,162
20,8,0,1,1,2,11,24733,-28.683,-13.220,294.114,31.583,-2.710,177
20,8,0,1,1,2,12,24734,-28.981,-12.370,298.856,31.510,-2.738,177
20,8,0,1,1,2,13,24753,-29.835,-13.793,305.925,32.869,-2.709,178
20,8,0,1,1,2,14,24742,-29.787,-13.846,308.928,32.848,-2.706,178
20,8,0,1,1,2,15,24731,-29.083,-12.077,311.021,31.491,-2.748,177
20,8,0,1,1,4,0,29837,-67.635,-28.697,72.166,73.471,-2.740,259
20,8,0,1,1,4,1,29793,-65.669,-28.450,94.402,71.567,-2.733,258
20,8,0,1,1,4,2,29830,-67.243,-29.234,96.785,73.323,-2.731,259
20,8,0,1,1,4,3,29809,-65.622,-28.550,102.754,71.564,-2.731,258
20,8,0,1,1,4,4,29803,-65.799,-28.171,103.784,71.575,-2.737,258
20,8,0,1,1,4,5,29827,-67.212,-29.276,105.303,73.311,-2.731,259
20,8,0,1,1,4,6,29843,-67.535,-28.834,106.628,73.433,-2.738,259
20,8,0,1,1,4,7,29825,-66.125,-30.764,108.186,72.931,-2.706,259
20,8,0,1,1,4,8,29841,-67.303,-29.151,117.676,73.345,-2.733,259
20,8,0,1,1,4,9,29819,-66.781,-29.866,123.972,73.155,-2.721,259
20,8,0,1,1,4,10,30552,-66.375,-29.583,194.475,72.669,-2.722,291
20,8,0,1,1,4,11,30558,-65.590,-30.657,202.287,72.401,-2.704,291
20,8,0,1,1,4,12,30543,-65.148,-28.396,203.024,71.068,-2.731,290
20,8,0,1,1,4,13,30566,-66.674,-29.173,207.948,72.777,-2.729,291
20,8,0,1,1,4,14,31088,-67.123,-29.398,209.413,73.278,-2.729,323
20,8,0,1,1,4,15,31062,-66.069,-27.588,268.787,71.597,-2.746,322
20,8,0,1,1,6,0,34872,-106.823,-46.420,-17.759,116.473,-2.732,316
20,8,0,1,1,6,1,34875,-106.988,-46.158,-8.319,116.520,-2.734,316
20,8,0,1,1,6,2,35695,-105.468,-47.639,3.584,115.728,-2.717,368
20,8,0,1,1,6,3,35709,-105.183,-48.091,8.703,115.656,-2.713,368
20,8,0,1,1,6,4,35708,-104.681,-48.887,12.416,115.534,-2.705,368
20,8,0,1,1,6,5,35707,-106.063,-46.696,13.740,115.887,-2.727,368
20,8,0,1,1,6,6,35693,-105.260,-47.969,38.498,115.675,-2.714,368
20,8,0,1,1,6,7,35700,-104.522,-49.138,39.558,115.496,-2.702,368
20,8,0,1,1,6,8,36406,-106.514,-46.908,85.111,116.386,-2.727,420
20,8,0,1,1,6,9,37039,-107.058,-45.118,157.336,116.177,-2.743,472
20,8,0,1,1,6,10,37041,-105.926,-46.913,160.284,115.850,-2.725,472
20,8,0,1,1,6,11,37032,-105.739,-47.209,167.355,115.799,-2.722,472
20,8,0,1,1,6,12,37034,-105.537,-47.529,173.137,115.746,-2.718,472
20,8,0,1,1,6,13,37038,-105.966,-46.850,189.791,115.861,-2.725,472
20,8,0,1,1,6,14,37037,-106.911,-45.353,201.430,116.133,-2.740,472
20,8,0,1,1,6,15,37915,-106.043,-46.727,293.460,115.882,-2.727,576
20,8,0,1,1,8,0,41187,-157.133,-68.221,-66.517,171.303,-2.732,473
20,8,0,1,1,8,1,41199,-159.888,-67.371,-28.337,173.502,-2.743,474
20,8,0,1,1,8,2,41188,-158.194,-66.290,-27.521,171.522,-2.745,473
20,8,0,1,1,8,3,41201,-158.193,-69.941,-12.641,172.964,-2.725,474
20,8,0,1,1,8,4,41837,-157.895,-69.493,22.579,172.511,-2.727,552
20,8,0,1,1,8,5,41829,-156.508,-71.595,23.662,172.107,-2.713,552
20,8,0,1,1,8,6,41823,-157.929,-65.743,31.382,171.067,-2.747,551
20,8,0,1,1,8,7,41836,-156.908,-70.990,35.489,172.220,-2.717,552
20,8,0,1,1,8,8,41835,-157.490,-70.106,53.540,172.389,-2.723,552
20,8,0,1,1,8,9,41826,-157.919,-65.761,53.686,171.064,-2.747,551
20,8,0,1,1,8,10,41828,-157.109,-70.685,61.816,172.278,-2.719,552
20,8,0,1,1,8,11,41821,-157.606,-66.331,63.232,170.995,-2.743,551
20,8,0,1,1,8,12,41831,-159.351,-67.285,63.992,172.974,-2.742,552
20,8,0,1,1,8,13,42391,-157.111,-68.261,85.737,171.299,-2.732,629
20,8,0,1,1,8,14,42395,-157.335,-71.241,109.449,172.713,-2.716,630
20,8,0,1,1,8,15,42392,-157.231,-68.043,128.922,171.323,-2.733,629
21,8,0,2,0,2,0,23744,-30.271,-13.304,144.903,33.066,-2.728,146
21,8,0,2,0,2,1,23707,-28.771,-12.970,155.295,31.559,-2.718,145
21,8,0,2,0,2,2,23712,-28.815,-12.842,155.534,31.548,-2.722,145
21,8,0,2,0,2,3,23742,-29.996,-13.613,161.762,32.940,-2.716,146
21,8,0,2,0,2,4,23730,-30.116,-13.478,162.741,32.995,-2.721,146
21,8,0,2,0,2,5,23718,-28.601,-13.456,165.405,31.608,-2.702,145
21,8,0,2,0,2,6,23750,-29.738,-13.901,171.821,32.827,-2.704,146
21,8,0,2,0,2,7,23729,-28.700,-13.173,191.293,31.579,-2.711,145
21,8,0,2,0,2,8,23746,-29.881,-13.741,199.292,32.889,-2.711,146
21,8,0,2,0,2,9,24336,-29.058,-13.648,242.466,32.104,-2.702,161
21,8,0,2,0,2,10,24350,-30.199,-14.128,252.094,33.341,-2.704,162
21,8,0,2,0,2,11,24733,-28.683,-13.220,294.114,31.583,-2.710,177
21,8,0,2,0,2,12,24734,-28.981,-12.370,298.856,31.510,-2.738,177
21,8,0,2,0,2,13,24753,-29.835,-13.793,305.925,32.869,-2.709,178
21,8,0,2,0,2,14,24742,-29.787,-13.846,308.928,32.848,-2.706,178
21,8,0,2,0,2,15,24731,-29.083,-12.077,311.021,31.491,-2.748,177
21,8,0,2,0,4,0,28775,-65.569,-27.489,61.464,71.098,-2.745,226
21,8,0,2,0,4,1,28799,-67.232,-28.410,63.293,72.988,-2.742,227
21,8,0,2,0,4,2,28777,-65.373,-27.912,69.919,71.082,-2.738,226
21,8,0,2,0,4,3,29789,-65.845,-28.071,70.390,71.579,-2.739,258
21,8,0,2,0,4,4,29837,-67.635,-28.697,72.166,73.471,-2.740,259
21,8,0,2,0,4,5,29793,-65.669,-28.450,94.402,71.567,-2.733,258
21,8,0,2,0,4,6,29830,-67.243,-29.234,96.785,73.323,-2.731,259
21,8,0,2,0,4,7,29809,-65.622,-28.550,102.754,71.564,-2.731,258
21,8,0,2,0,4,8,29803,-65.799,-28.171,103.784,71.575,-2.737,258
21,8,0,2,0,4,9,29827,-67.212,-29.276,105.303,73.311,-2.731,259
21,8,0,2,0,4,10,29843,-67.535,-28.834,106.628,73.433,-2.738,259
21,8,0,2,0,4,11,29825,-66.125,-30.764,108.186,72.931,-2.706,259
21,8,0,2,0,4,12,29841,-67.303,-29.151,117.676,73.345,-2.733,259
21,8,0,2,0,4,13,29819,-66.781,-29.866,123.972,73.155,-2.721,259
21,8,0,2,0,4,14,30552,-66.375,-29.583,194.475,72.669,-2.722,291
21,8,0,2,0,4,15,30558,-65.590,-30.657,202.287,72.401,-2.704,291
21,8,0,2,0,6,0,34217,-105.860,-47.018,-108.912,115.832,-2.724,264
21,8,0,2,0,6,1,34220,-106.507,-45.992,-102.349,116.013,-2.734,264
21,8,0,2,0,6,2,34227,-104.905,-48.531,-101.336,115.587,-2.708,264
21,8,0,2,0,6,3,34869,-107.299,-45.666,-70.864,116.612,-2.739,316
21,8,0,2,0,6,4,34213,-106.859,-45.434,-70.584,116.117,-2.740,264
21,8,0,2,0,6,5,34877,-105.551,-48.435,-63.164,116.134,-2.711,316
21,8,0,2,0,6,6,34874,-107.703,-45.025,-46.189,116.736,-2.746,316
21,8,0,2,0,6,7,34872,-106.823,-46.420,-17.759,116.473,-2.732,316
21,8,0,2,0,6,8,34875,-106.988,-46.158,-8.319,116.520,-2.734,316
21,8,0,2,0,6,9,35695,-105.468,-47.639,3.584,115.728,-2.717,368
21,8,0,2,0,6,10,35709,-105.183,-48.091,8.703,115.656,-2.713,368
21,8,0,2,0,6,11,35708,-104.681,-48.887,12.416,115.534,-2.705,368
21,8,0,2,0,6,12,35707,-106.063,-46.696,13.740,115.887,-2.727,368
21,8,0,2,0,6,13,35693,-105.260,-47.969,38.498,115.675,-2.714,368
21,8,0,2,0,6,14,35700,-104.522,-49.138,39.558,115.496,-2.702,368
21,8,0,2,0,6,15,36406,-106.514,-46.908,85.111,116.386,-2.727,420
21,8,0,2,0,8,0,39371,-157.875,-70.422,-298.878,172.869,-2.722,162
21,8,0,2,0,8,1,39725,-157.451,-66.613,-276.934,170.962,-2.741,239
21,8,0,2,0,8,2,39729,-158.161,-69.089,-225.258,172.592,-2.730,240
21,8,0,2,0,8,3,39724,-156.595,-68.171,-222.897,170.790,-2.731,239
21,8,0,2,0,8,4,39723,-157.931,-65.741,-212.145,171.067,-2.747,239
21,8,0,2,0,8,5,40154,-159.266,-68.312,-190.342,173.298,-2.736,318
21,8,0,2,0,8,6,40156,-156.567,-72.406,-188.492,172.499,-2.708,318
21,8,0,2,0,8,7,40151,-157.536,-67.487,-188.120,171.383,-2.737,317
21,8,0,2,0,8,8,40157,-156.251,-72.885,-177.304,172.414,-2.705,318
21,8,0,2,0,8,9,40153,-157.753,-70.608,-155.731,172.834,-2.721,318
21,8,0,2,0,8,10,40155,-159.919,-67.323,-146.687,173.512,-2.743,318
21,8,0,2,0,8,11,40146,-158.126,-66.414,-144.955,171.507,-2.744,317
21,8,0,2,0,8,12,40625,-158.311,-68.862,-99.496,172.639,-2.731,396
21,8,0,2,0,8,13,40628,-158.540,-68.515,-95.757,172.711,-2.734,396
21,8,0,2,0,8,14,41197,-158.795,-69.027,-67.201,173.149,-2.732,474
21,8,0,2,0,8,15,41187,-157.133,-68.221,-66.517,171.303,-2.732,473
22,9,0,0,0,2,0,20954,-28.631,-15.140,45.606,32.388,-2.655,114
22,9,0,0,0,2,1,20882,-29.503,-14.164,47.067,32.727,-2.694,114
22,9,0,0,0,2,2,20932,-29.605,-14.050,49.853,32.770,-2.698,114
22,9,0,0,0,2,3,20765,-28.576,-13.526,49.902,31.616,-2.700,113
22,9,0,0,0,2,4,20774,-28.419,-13.975,50.775,31.670,-2.685,113
22,9,0,0,0,2,5,20975,-29.280,-14.414,52.284,32.636,-2.684,114
22,9,0,0,0,2,6,20891,-28.833,-14.914,63.247,32.462,-2.664,114
22,9,0,0,0,2,7,20888,-29.377,-14.306,67.393,32.675,-2.688,114
22,9,0,0,0,2,8,22836,-29.043,-15.423,79.547,32.884,-2.653,130
22,9,0,0,0,2,9,22867,-29.323,-15.109,88.547,32.987,-2.666,130
22,9,0,0,0,2,10,22777,-29.009,-13.790,109.634,32.120,-2.698,129
22,9,0,0,0,2,11,22830,-30.024,-14.324,113.593,33.266,-2.696,130
22,9,0,0,0,2,12,22873,-29.695,-14.692,128.449,33.131,-2.682,130
22,9,0,0,0,2,13,23732,-28.649,-15.120,174.316,32.394,-2.656,146
22,9,0,0,0,2,14,24359,-29.013,-15.456,235.301,32.873,-2.652,162
22,9,0,0,0,2,15,24737,-28.515,-13.702,302.366,31.636,-2.694,177
22,9,0,0,0,4,0,29823,-65.338,-31.842,101.070,72.684,-2.688,259
22,9,0,0,0,4,1,29820,-64.173,-33.437,111.878,72.361,-2.661,259
22,9,0,0,0,4,2,29815,-65.762,-31.262,113.552,72.814,-2.698,259
22,9,0,0,0,4,3,29816,-63.819,-33.922,114.044,72.274,-2.653,259
22,9,0,0,0,4,4,29836,-64.877,-32.473,115.580,72.550,-2.678,259
22,9,0,0,0,4,5,29832,-63.723,-34.052,119.835,72.251,-2.651,259
22,9,0,0,0,4,6,29845,-65.060,-32.222,120.097,72.602,-2.682,259
22,9,0,0,0,4,7,30564,-65.101,-31.327,154.580,72.246,-2.693,291
22,9,0,0,0,4,8,30550,-64.249,-32.492,191.450,71.998,-2.673,291
22,9,0,0,0,4,9,30561,-63.910,-32.957,199.553,71.908,-2.665,291
22,9,0,0,0,4,10,30551,-64.999,-31.466,203.644,72.215,-2.691,291
22,9,0,0,0,4,11,30555,-64.068,-32.741,207.403,71.949,-2.669,291
22,9,0,0,0,4,12,31085,-65.507,-31.610,231.974,72.735,-2.692,323
22,9,0,0,0,4,13,31083,-64.505,-32.983,249.515,72.448,-2.669,323
22,9,0,0,0,4,14,31480,-65.039,-31.412,321.611,72.227,-2.692,355
22,9,0,0,0,4,15,31482,-64.006,-32.826,344.318,71.933,-2.668,355
22,9,0,0,0,6,0,36416,-104.306,-54.224,126.223,117.558,-2.662,421
22,9,0,0,0,6,1,36399,-102.612,-53.093,127.952,115.534,-2.664,420
22,9,0,0,0,6,2,36417,-104.512,-53.971,130.525,117.625,-2.665,421
22,9,0,0,0,6,3,37031,-104.286,-49.512,153.720,115.443,-2.698,472
22,9,0,0,0,6,4,37036,-102.654,-52.099,180.361,115.118,-2.672,472
22,9,0,0,0,6,5,37035,-102.889,-51.726,184.346,115.160,-2.676,472
22,9,0,0,0,6,6,37028,-102.471,-52.389,191.566,115.086,-2.669,472
22,9,0,0,0,6,7,37530,-103.150,-52.241,221.953,115.625,-2.673,524
22,9,0,0,0,6,8,37917,-104.221,-49.615,315.868,115.428,-2.697,576
22,9,0,0,0,6,9,37919,-103.194,-51.244,326.433,115.217,-2.681,576
22,9,0,0,0,6,10,37913,-103.822,-50.248,331.688,115.342,-2.691,576
22,9,0,0,0,6,11,38241,-103.778,-51.245,364.156,115.741,-2.683,628
22,9,0,0,0,6,12,38242,-102.837,-52.737,367.992,115.571,-2.668,628
22,9,0,0,0,6,13,38250,-104.636,-53.819,374.654,117.666,-2.667,629
22,9,0,0,0,6,14,38243,-104.663,-49.842,392.470,115.925,-2.697,628
22,9,0,0,0,6,15,38244,-102.397,-53.434,410.998,115.501,-2.661,628
22,9,0,0,0,8,0,42920,-153.874,-79.308,206.336,173.110,-2.666,709
22,9,0,0,0,8,1,43365,-152.822,-78.084,216.566,171.615,-2.669,786
22,9,0,0,0,8,2,43366,-151.439,-80.180,229.575,171.355,-2.655,786
22,9,0,0,0,8,3,43374,-152.975,-81.263,232.104,173.219,-2.653,787
22,9,0,0,0,8,4,43370,-152.609,-78.407,256.140,171.573,-2.667,786
22,9,0,0,0,8,5,43375,-152.811,-81.472,259.132,173.173,-2.652,787
22,9,0,0,0,8,6,43367,-153.067,-77.712,266.069,171.664,-2.672,786
22,9,0,0,0,8,7,43771,-154.712,-74.318,285.920,171.636,-2.694,864
22,9,0,0,0,8,8,43775,-151.561,-79.097,333.715,170.959,-2.661,864
22,9,0,0,0,8,9,44059,-154.631,-75.340,360.916,172.008,-2.688,942
22,9,0,0,0,8,10,44056,-151.234,-80.491,375.814,171.320,-2.652,942
22,9,0,0,0,8,11,44060,-152.808,-81.475,379.948,173.172,-2.652,943
22,9,0,0,0,8,12,44058,-151.977,-79.365,410.675,171.452,-2.660,942
22,9,0,0,0,8,13,44062,-153.825,-80.175,415.497,173.465,-2.661,943
22,9,0,0,0,8,14,44419,-151.626,-78.997,430.748,170.971,-2.661,1020
22,9,0,0,0,8,15,44420,-152.923,-77.031,458.706,171.228,-2.675,1020
23,10,0,0,0,2,0,22843,-28.100,-16.479,77.984,32.575,-2.611,130
23,10,0,0,0,2,1,22858,-28.602,-15.916,79.262,32.732,-2.634,130
23,10,0,0,0,2,2,22819,-28.017,-16.572,79.478,32.551,-2.607,130
23,10,0,0,0,2,3,22827,-27.933,-16.665,93.669,32.527,-2.604,130
23,10,0,0,0,2,4,22877,-28.817,-15.675,94.475,32.805,-2.643,130
23,10,0,0,0,2,5,22824,-28.032,-16.555,98.072,32.555,-2.608,130
23,10,0,0,0,2,6,22847,-28.026,-16.562,102.605,32.553,-2.608,130
23,10,0,0,0,2,7,22821,-28.231,-16.332,108.479,32.615,-2.617,130
23,10,0,0,0,2,8,22831,-28.819,-15.673,120.294,32.805,-2.643,130
23,10,0,0,0,2,9,23745,-28.309,-15.502,139.410,32.275,-2.641,146
23,10,0,0,0,2,10,23748,-28.008,-15.838,174.160,32.176,-2.627,146
23,10,0,0,0,2,11,24346,-27.931,-16.668,252.092,32.526,-2.604,162
23,10,0,0,0,2,12,24748,-28.044,-15.798,279.871,32.187,-2.629,178
23,10,0,0,0,2,13,24752,-27.618,-16.275,281.827,32.056,-2.609,178
23,10,0,0,0,2,14,24749,-28.178,-15.648,299.282,32.231,-2.635,178
23,10,0,0,0,2,15,24746,-27.590,-16.306,301.476,32.048,-2.608,178
23,10,0,0,0,4,0,28806,-62.355,-35.086,47.418,71.548,-2.629,227
23,10,0,0,0,4,1,29826,-63.582,-34.245,74.583,72.218,-2.648,259
23,10,0,0,0,4,2,29824,-63.536,-34.309,75.071,72.207,-2.646,259
23,10,0,0,0,4,3,29839,-63.038,-34.991,90.076,72.098,-2.635,259
23,10,0,0,0,4,4,29821,-61.838,-36.633,117.655,71.874,-2.607,259
23,10,0,0,0,4,5,29828,-62.876,-35.212,138.241,72.065,-2.631,259
23,10,0,0,0,4,6,29840,-62.162,-36.190,140.052,71.929,-2.614,259
23,10,0,0,0,4,7,30554,-61.273,-36.567,140.725,71.355,-2.604,291
23,10,0,0,0,4,8,30565,-62.051,-35.503,171.937,71.489,-2.622,291
23,10,0,0,0,4,9,30556,-61.696,-35.988,183.767,71.425,-2.614,291
23,10,0,0,0,4,10,30562,-62.132,-35.392,195.953,71.505,-2.624,291
23,10,0,0,0,4,11,31079,-62.027,-36.375,221.081,71.906,-2.611,323
23,10,0,0,0,4,12,31082,-62.894,-35.187,245.151,72.068,-2.632,323
23,10,0,0,0,4,13,31077,-62.184,-36.160,263.580,71.933,-2.615,323
23,10,0,0,0,4,14,31477,-63.207,-33.920,322.786,71.733,-2.649,355
23,10,0,0,0,4,15,31812,-62.356,-35.925,395.696,71.964,-2.619,387
23,10,0,0,0,6,0,36409,-100.755,-58.581,137.287,116.547,-2.615,421
23,10,0,0,0,6,1,37043,-100.661,-57.913,143.698,116.132,-2.620,473
23,10,0,0,0,6,2,37044,-100.246,-58.422,170.814,116.028,-2.614,473
23,10,0,0,0,6,3,37049,-100.976,-57.526,181.166,116.213,-2.624,473
23,10,0,0,0,6,4,37050,-100.769,-57.781,181.490,116.160,-2.621,473
23,10,0,0,0,6,5,37045,-100.619,-57.965,182.617,116.121,-2.619,473
23,10,0,0,0,6,6,37040,-101.118,-54.533,193.207,114.886,-2.647,472
23,10,0,0,0,6,7,37048,-102.597,-55.537,196.280,116.664,-2.645,473
23,10,0,0,0,6,8,37534,-103.175,-55.612,257.437,117.208,-2.647,525
23,10,0,0,0,6,9,37927,-102.122,-56.120,279.365,116.526,-2.639,577
23,10,0,0,0,6,10,37537,-102.578,-56.345,280.577,117.034,-2.639,525
23,10,0,0,0,6,11,37916,-101.080,-54.593,310.250,114.881,-2.646,576
23,10,0,0,0,6,12,37926,-102.730,-55.373,314.930,116.703,-2.647,577
23,10,0,0,0,6,13,37923,-102.328,-55.868,346.255,116.586,-2.642,577
23,10,0,0,0,6,14,37925,-99.562,-59.262,346.540,115.864,-2.605,577
23,10,0,0,0,6,15,38251,-100.767,-58.567,355.574,116.551,-2.615,629
23,10,0,0,0,8,0,41840,-148.055,-86.751,13.372,171.598,-2.612,553
23,10,0,0,0,8,1,41842,-148.679,-85.953,42.148,171.736,-2.617,553
23,10,0,0,0,8,2,41841,-149.734,-84.603,57.645,171.982,-2.627,553
23,10,0,0,0,8,3,42397,-152.518,-81.846,116.193,173.091,-2.649,631
23,10,0,0,0,8,4,42922,-149.739,-84.597,161.145,171.984,-2.627,709
23,10,0,0,0,8,5,42919,-147.266,-87.760,162.533,171.433,-2.604,709
23,10,0,0,0,8,6,42921,-148.777,-85.827,183.357,171.758,-2.618,709
23,10,0,0,0,8,7,42923,-149.607,-84.766,189.533,171.952,-2.626,709
23,10,0,0,0,8,8,43376,-147.684,-88.029,222.142,171.929,-2.604,787
23,10,0,0,0,8,9,43378,-147.508,-88.254,238.474,171.894,-2.602,787
23,10,0,0,0,8,10,43369,-151.047,-80.775,256.213,171.289,-2.651,786
23,10,0,0,0,8,11,43373,-148.111,-87.484,266.579,172.018,-2.608,787
23,10,0,0,0,8,12,43379,-151.114,-83.642,271.701,172.718,-2.636,787
23,10,0,0,0,8,13,43776,-147.326,-87.683,309.289,171.444,-2.605,865
23,10,0,0,0,8,14,44061,-148.992,-86.356,416.924,172.209,-2.616,943
23,10,0,0,0,8,15,44421,-149.259,-85.211,446.785,171.870,-2.623,1021
24,11,0,0,0,2,0,20885,-26.946,-17.027,59.970,31.875,-2.578,114
24,11,0,0,0,2,1,20986,-26.865,-17.118,60.701,31.855,-2.574,114
24,11,0,0,0,2,2,20924,-27.149,-16.800,61.674,31.926,-2.587,114
24,11,0,0,0,2,3,22832,-27.312,-17.360,97.457,32.363,-2.575,130
24,11,0,0,0,2,4,22861,-27.231,-17.451,111.687,32.343,-2.572,130
24,11,0,0,0,2,5,22848,-27.171,-17.519,112.266,32.329,-2.569,130
24,11,0,0,0,2,6,22839,-27.668,-16.962,131.618,32.453,-2.592,130
24,11,0,0,0,2,7,23761,-26.567,-17.452,151.419,31.786,-2.560,146
24,11,0,0,0,2,8,23749,-26.720,-17.280,158.201,31.821,-2.568,146
24,11,0,0,0,2,9,23735,-26.928,-17.048,188.170,31.870,-2.577,146
24,11,0,0,0,2,10,23759,-27.444,-16.469,201.315,32.007,-2.601,146
24,11,0,0,0,2,11,23762,-27.034,-16.929,202.848,31.897,-2.582,146
24,11,0,0,0,2,12,24342,-27.732,-16.890,257.163,32.471,-2.595,162
24,11,0,0,0,2,13,24344,-26.992,-17.718,264.755,32.288,-2.561,162
24,11,0,0,0,2,14,24750,-27.032,-16.931,305.751,31.896,-2.582,178
24,11,0,0,0,2,15,24747,-27.053,-16.908,311.470,31.902,-2.583,178
24,11,0,0,0,4,0,30570,-61.422,-40.038,141.053,73.319,-2.564,292
24,11,0,0,0,4,1,30563,-59.833,-38.539,156.695,71.170,-2.569,291
24,11,0,0,0,4,2,30549,-60.038,-38.258,169.193,71.192,-2.574,291
24,11,0,0,0,4,3,30560,-59.637,-38.807,203.492,71.152,-2.565,291
24,11,0,0,0,4,4,30557,-60.124,-38.141,209.489,71.201,-2.576,291
24,11,0,0,0,4,5,30567,-61.547,-39.923,209.730,73.361,-2.566,292
24,11,0,0,0,4,6,31080,-60.574,-38.364,210.982,71.701,-2.577,323
24,11,0,0,0,4,7,31093,-61.985,-40.193,211.090,73.876,-2.566,324
24,11,0,0,0,4,8,31086,-60.116,-38.990,214.360,71.653,-2.566,323
24,11,0,0,0,4,9,31078,-61.513,-37.078,217.501,71.824,-2.599,323
24,11,0,0,0,4,10,31100,-61.948,-40.226,220.940,73.863,-2.566,324
24,11,0,0,0,4,11,31094,-61.846,-40.321,244.964,73.829,-2.564,324
24,11,0,0,0,4,12,31103,-61.271,-40.850,247.281,73.640,-2.554,324
24,11,0,0,0,4,13,31084,-59.771,-39.463,257.978,71.623,-2.558,323
24,11,0,0,0,4,14,31090,-61.489,-40.649,265.713,73.710,-2.557,324
24,11,0,0,0,4,15,31481,-61.060,-36.859,287.807,71.323,-2.598,355
24,11,0,0,0,6,0,36421,-97.786,-62.225,92.372,115.905,-2.575,421
24,11,0,0,0,6,1,36419,-97.374,-62.731,110.547,115.831,-2.569,421
24,11,0,0,0,6,2,36407,-98.552,-61.285,125.917,116.053,-2.585,421
24,11,0,0,0,6,3,36412,-98.938,-60.811,131.672,116.132,-2.590,421
24,11,0,0,0,6,4,37046,-97.844,-61.370,149.530,115.498,-2.581,473
24,11,0,0,0,6,5,37042,-96.671,-62.810,171.990,115.284,-2.565,473
24,11,0,0,0,6,6,37532,-98.794,-60.988,258.494,116.103,-2.589,525
24,11,0,0,0,6,7,37928,-98.465,-60.608,303.698,115.623,-2.590,577
24,11,0,0,0,6,8,37921,-97.161,-62.209,320.320,115.369,-2.572,577
24,11,0,0,0,6,9,37920,-98.861,-60.122,329.309,115.707,-2.595,577
24,11,0,0,0,6,10,37929,-97.917,-61.281,341.388,115.512,-2.582,577
24,11,0,0,0,6,11,37924,-95.923,-63.728,343.956,115.163,-2.555,577
24,11,0,0,0,6,12,37922,-98.415,-60.670,350.665,115.613,-2.589,577
24,11,0,0,0,6,13,38248,-98.838,-60.934,352.301,116.112,-2.589,629
24,11,0,0,0,6,14,38253,-98.966,-60.777,376.383,116.138,-2.591,629
24,11,0,0,0,6,15,38247,-98.146,-61.784,389.774,115.973,-2.580,629
24,11,0,0,0,8,0,42399,-144.472,-92.138,97.878,171.352,-2.574,631
24,11,0,0,0,8,1,42406,-144.730,-94.622,103.070,172.917,-2.563,632
24,11,0,0,0,8,2,42405,-145.230,-94.079,107.615,173.039,-2.567,632
24,11,0,0,0,8,3,42927,-143.908,-94.784,140.235,172.318,-2.559,710
24,11,0,0,0,8,4,42409,-144.313,-95.075,140.658,172.816,-2.559,632
24,11,0,0,0,8,5,43377,-144.928,-91.554,222.289,171.424,-2.578,787
24,11,0,0,0,8,6,43380,-145.402,-90.947,262.829,171.503,-2.583,787
24,11,0,0,0,8,7,43372,-144.847,-91.658,268.877,171.411,-2.577,787
24,11,0,0,0,8,8,43371,-144.619,-91.949,269.557,171.375,-2.575,787
24,11,0,0,0,8,9,43384,-146.310,-92.906,271.919,173.315,-2.576,788
24,11,0,0,0,8,10,43383,-146.066,-93.171,272.520,173.252,-2.574,788
24,11,0,0,0,8,11,43779,-143.153,-95.604,280.522,172.142,-2.553,866
24,11,0,0,0,8,12,43777,-146.709,-88.473,291.639,171.321,-2.599,865
24,11,0,0,0,8,13,44424,-146.094,-92.410,429.302,172.867,-2.578,1022
24,11,0,0,0,8,14,44428,-143.957,-94.731,458.035,172.330,-2.560,1022
24,11,0,0,0,8,15,44426,-143.363,-95.376,467.329,172.190,-2.555,1022
25,12,0,0,0,2,0,22826,-26.387,-18.396,89.097,32.167,-2.533,130
25,12,0,0,0,2,1,22838,-26.118,-18.697,92.513,32.121,-2.520,130
25,12,0,0,0,2,2,22871,-26.506,-18.262,93.303,32.189,-2.538,130
25,12,0,0,0,2,3,22856,-26.534,-18.232,95.055,32.194,-2.540,130
25,12,0,0,0,2,4,22823,-26.010,-18.818,95.162,32.104,-2.515,130
25,12,0,0,0,2,5,22866,-26.211,-18.593,107.583,32.136,-2.525,130
25,12,0,0,0,2,6,23756,-25.704,-18.417,144.378,31.621,-2.520,146
25,12,0,0,0,2,7,23737,-25.521,-18.622,160.913,31.593,-2.511,146
25,12,0,0,0,2,8,23743,-25.447,-18.706,189.240,31.582,-2.508,146
25,12,0,0,0,2,9,23747,-25.598,-18.537,192.718,31.605,-2.515,146
25,12,0,0,0,2,10,23731,-26.117,-17.955,195.633,31.694,-2.539,146
25,12,0,0,0,2,11,24356,-26.403,-18.378,216.817,32.170,-2.534,162
25,12,0,0,0,2,12,24339,-26.165,-18.645,222.440,32.128,-2.522,162
25,12,0,0,0,2,13,24358,-26.291,-18.504,276.735,32.150,-2.528,162
25,12,0,0,0,2,14,24741,-25.829,-18.278,287.956,31.642,-2.526,178
25,12,0,0,0,2,15,24754,-25.759,-18.356,308.660,31.630,-2.522,178
25,12,0,0,0,4,0,29861,-61.150,-40.960,77.898,73.601,-2.551,260
25,12,0,0,0,4,1,29856,-58.927,-43.005,85.641,72.951,-2.511,260
25,12,0,0,0,4,2,29857,-59.621,-42.367,93.363,73.141,-2.524,260
25,12,0,0,0,4,3,29859,-58.525,-43.375,122.685,72.846,-2.504,260
25,12,0,0,0,4,4,30575,-58.813,-42.437,167.632,72.525,-2.517,292
25,12,0,0,0,4,5,30553,-59.052,-39.608,197.270,71.105,-2.551,291
25,12,0,0,0,4,6,30568,-60.746,-40.660,202.831,73.098,-2.552,292
25,12,0,0,0,4,7,30559,-58.806,-39.945,210.053,71.090,-2.545,291
25,12,0,0,0,4,8,31075,-59.229,-40.205,211.513,71.586,-2.545,323
25,12,0,0,0,4,9,31102,-60.895,-41.195,217.230,73.520,-2.547,324
25,12,0,0,0,4,10,31092,-59.040,-42.901,217.738,72.981,-2.513,324
25,12,0,0,0,4,11,31081,-59.524,-39.802,240.421,71.605,-2.552,323
25,12,0,0,0,4,12,31491,-59.133,-42.144,333.351,72.614,-2.522,356
25,12,0,0,0,4,13,31484,-59.169,-42.110,336.433,72.624,-2.523,356
25,12,0,0,0,4,14,31818,-59.940,-42.073,352.639,73.232,-2.530,388
25,12,0,0,0,4,15,31809,-59.120,-40.354,365.684,71.580,-2.543,387
25,12,0,0,0,6,0,36425,-96.401,-66.987,106.348,117.390,-2.534,422
25,12,0,0,0,6,1,37056,-96.732,-65.981,139.886,117.092,-2.543,474
25,12,0,0,0,6,2,37058,-95.392,-67.270,162.762,116.726,-2.527,474
25,12,0,0,0,6,3,37047,-94.667,-65.269,175.280,114.986,-2.538,473
25,12,0,0,0,6,4,37055,-96.182,-66.510,178.271,116.939,-2.537,474
25,12,0,0,0,6,5,37054,-95.238,-67.419,192.366,116.686,-2.526,474
25,12,0,0,0,6,6,37057,-95.147,-67.506,202.324,116.662,-2.525,474
25,12,0,0,0,6,7,37535,-96.034,-64.376,223.848,115.614,-2.551,525
25,12,0,0,0,6,8,37533,-94.264,-66.547,268.958,115.387,-2.527,525
25,12,0,0,0,6,9,37538,-95.596,-67.761,270.174,117.176,-2.525,526
25,12,0,0,0,6,10,37539,-95.775,-67.589,272.978,117.223,-2.527,526
25,12,0,0,0,6,11,37536,-94.499,-66.259,273.968,115.414,-2.530,525
25,12,0,0,0,6,12,37540,-95.888,-67.480,278.323,117.252,-2.528,526
25,12,0,0,0,6,13,37934,-95.186,-67.469,342.371,116.672,-2.525,578
25,12,0,0,0,6,14,38258,-93.983,-69.313,355.147,116.778,-2.506,630
25,12,0,0,0,6,15,38257,-94.066,-69.234,388.318,116.798,-2.507,630
25,12,0,0,0,8,0,42402,-142.904,-96.605,69.809,172.494,-2.547,632
25,12,0,0,0,8,1,42410,-139.100,-100.737,135.185,171.746,-2.515,632
25,12,0,0,0,8,2,42928,-141.509,-97.389,140.386,171.783,-2.539,710
25,12,0,0,0,8,3,42403,-141.885,-97.712,140.807,172.276,-2.539,632
25,12,0,0,0,8,4,42925,-137.707,-101.519,141.515,171.083,-2.506,710
25,12,0,0,0,8,5,42929,-142.275,-96.558,157.328,171.946,-2.545,710
25,12,0,0,0,8,6,42924,-137.951,-101.254,177.989,171.122,-2.508,710
25,12,0,0,0,8,7,42926,-138.609,-100.539,183.806,171.232,-2.514,710
25,12,0,0,0,8,8,43382,-138.840,-101.019,267.000,171.701,-2.513,788
25,12,0,0,0,8,9,43778,-140.763,-98.200,333.647,171.632,-2.532,866
25,12,0,0,0,8,10,44063,-140.512,-99.204,383.558,172.003,-2.527,944
25,12,0,0,0,8,11,44065,-141.672,-97.944,393.527,172.232,-2.537,944
25,12,0,0,0,8,12,44064,-141.476,-98.156,396.524,172.192,-2.535,944
25,12,0,0,0,8,13,44423,-139.463,-99.612,427.108,171.384,-2.521,1022
25,12,0,0,0,8,14,44427,-142.744,-96.048,459.840,172.050,-2.549,1022
25,12,0,0,0,8,15,44425,-142.199,-96.641,470.251,171.930,-2.545,1022
26,13,0,0,0,2,0,20968,-24.936,-19.278,56.958,31.519,-2.483,114
26,13,0,0,0,2,1,22840,-25.304,-19.609,83.019,32.012,-2.482,130
26,13,0,0,0,2,2,22828,-25.006,-19.943,85.730,31.984,-2.468,130
26,13,0,0,0,2,3,22880,-25.748,-19.111,93.379,32.066,-2.503,130
26,13,0,0,0,2,4,22850,-24.770,-20.207,97.256,31.966,-2.457,130
26,13,0,0,0,2,5,22872,-25.464,-19.429,107.669,32.030,-2.490,130
26,13,0,0,0,2,6,22869,-24.804,-20.169,118.174,31.969,-2.459,130
26,13,0,0,0,2,7,22870,-24.938,-20.018,133.283,31.979,-2.465,130
26,13,0,0,0,2,8,23755,-24.779,-19.453,151.772,31.503,-2.476,146
26,13,0,0,0,2,9,23736,-25.107,-19.086,167.803,31.538,-2.492,146
26,13,0,0,0,2,10,23733,-24.875,-19.346,173.227,31.512,-2.481,146
26,13,0,0,0,2,11,23739,-24.935,-19.278,177.950,31.519,-2.483,146
26,13,0,0,0,2,12,24348,-25.012,-19.936,239.242,31.985,-2.469,162
26,13,0,0,0,2,13,24354,-24.954,-20.000,253.757,31.980,-2.466,162
26,13,0,0,0,2,14,24352,-25.632,-19.241,276.707,32.051,-2.498,162
26,13,0,0,0,2,15,24751,-24.549,-19.710,308.790,31.483,-2.465,178
26,13,0,0,0,4,0,28850,-55.932,-45.087,17.898,71.842,-2.463,228
26,13,0,0,0,4,1,28858,-57.285,-43.843,20.984,72.137,-2.488,228
26,13,0,0,0,4,2,28857,-57.682,-43.477,21.797,72.232,-2.496,228
26,13,0,0,0,4,3,28847,-57.216,-43.906,28.520,72.121,-2.487,228
26,13,0,0,0,4,4,28848,-56.402,-44.655,41.285,71.939,-2.472,228
26,13,0,0,0,4,5,28840,-56.661,-44.417,50.899,71.995,-2.477,228
26,13,0,0,0,4,6,29849,-57.709,-44.125,84.609,72.646,-2.489,260
26,13,0,0,0,4,7,29860,-56.355,-45.371,102.565,72.349,-2.464,260
26,13,0,0,0,4,8,29864,-56.060,-45.641,112.293,72.290,-2.458,260
26,13,0,0,0,4,9,30574,-56.027,-44.999,159.699,71.861,-2.465,292
26,13,0,0,0,4,10,30576,-57.625,-43.530,160.468,72.218,-2.495,292
26,13,0,0,0,4,11,30577,-56.493,-44.571,182.826,71.958,-2.474,292
26,13,0,0,0,4,12,30578,-55.594,-45.398,184.962,71.775,-2.457,292
26,13,0,0,0,4,13,31104,-57.751,-44.087,214.581,72.655,-2.490,324
26,13,0,0,0,4,14,31101,-56.503,-45.234,243.914,72.379,-2.467,324
26,13,0,0,0,4,15,32096,-57.361,-43.773,438.694,72.155,-2.490,420
26,13,0,0,0,6,0,35733,-93.103,-69.473,48.185,116.167,-2.501,370
26,13,0,0,0,6,1,36434,-89.888,-73.254,85.365,115.957,-2.458,422
26,13,0,0,0,6,2,36428,-92.502,-70.739,91.369,116.450,-2.489,422
26,13,0,0,0,6,3,36423,-90.241,-72.915,136.022,116.017,-2.462,422
26,13,0,0,0,6,4,36426,-93.238,-70.030,137.366,116.609,-2.497,422
26,13,0,0,0,6,5,36431,-90.738,-72.437,138.718,116.105,-2.468,422
26,13,0,0,0,6,6,37051,-91.543,-70.975,180.076,115.834,-2.482,474
26,13,0,0,0,6,7,37541,-92.748,-70.502,259.198,116.502,-2.492,526
26,13,0,0,0,6,8,37542,-91.501,-71.702,259.517,116.248,-2.477,526
26,13,0,0,0,6,9,37933,-92.517,-70.037,290.542,116.037,-2.494,578
26,13,0,0,0,6,10,37932,-92.177,-70.365,294.196,115.965,-2.490,578
26,13,0,0,0,6,11,37935,-92.796,-69.769,331.054,116.098,-2.497,578
26,13,0,0,0,6,12,37931,-91.716,-70.808,346.351,115.869,-2.484,578
26,13,0,0,0,6,13,38260,-93.402,-69.873,359.170,116.645,-2.499,630
26,13,0,0,0,6,14,38261,-92.011,-71.212,360.476,116.349,-2.483,630
26,13,0,0,0,6,15,38256,-91.450,-71.751,368.898,116.238,-2.476,630
26,13,0,0,0,8,0,41858,-135.358,-106.479,50.731,172.220,-2.475,555
26,13,0,0,0,8,1,41865,-132.997,-108.661,51.125,171.742,-2.457,555
26,13,0,0,0,8,2,41851,-135.675,-103.726,65.234,170.783,-2.489,554
26,13,0,0,0,8,3,42415,-134.809,-107.660,72.700,172.523,-2.468,633
26,13,0,0,0,8,4,42407,-136.496,-103.566,106.969,171.339,-2.493,632
26,13,0,0,0,8,5,42411,-137.835,-104.864,108.145,173.190,-2.491,633
26,13,0,0,0,8,6,42413,-134.357,-108.078,136.903,172.432,-2.464,633
26,13,0,0,0,8,7,42930,-135.832,-103.556,154.267,170.805,-2.490,710
26,13,0,0,0,8,8,42932,-137.028,-104.935,155.908,172.592,-2.488,711
26,13,0,0,0,8,9,42931,-135.889,-105.988,203.423,172.335,-2.479,711
26,13,0,0,0,8,10,43381,-137.225,-102.773,262.094,171.444,-2.499,788
26,13,0,0,0,8,11,43388,-138.633,-104.126,265.072,173.382,-2.497,789
26,13,0,0,0,8,12,43389,-134.176,-108.245,268.220,172.395,-2.463,789
26,13,0,0,0,8,13,43780,-133.836,-107.885,306.354,171.905,-2.463,867
26,13,0,0,0,8,14,44067,-136.296,-106.286,352.365,172.839,-2.479,945
26,13,0,0,0,8,15,44068,-135.707,-106.830,410.921,172.711,-2.475,945
27,14,0,0,0,2,0,20970,-23.882,-20.458,24.113,31.446,-2.433,114
27,14,0,0,0,2,1,20939,-23.606,-20.767,31.295,31.440,-2.420,114
27,14,0,0,0,2,2,20972,-24.293,-19.998,32.048,31.465,-2.453,114
27,14,0,0,0,2,3,20886,-23.867,-20.475,46.501,31.446,-2.433,114
27,14,0,0,0,2,4,20965,-23.939,-20.394,48.976,31.448,-2.436,114
27,14,0,0,0,2,5,20857,-23.789,-20.562,55.408,31.444,-2.429,114
27,14,0,0,0,2,6,20902,-23.806,-20.543,69.263,31.444,-2.430,114
27,14,0,0,0,2,7,20872,-24.032,-20.289,69.891,31.452,-2.440,114
27,14,0,0,0,2,8,22844,-24.172,-20.875,70.451,31.939,-2.429,130
27,14,0,0,0,2,9,22860,-24.418,-20.601,71.000,31.947,-2.441,130
27,14,0,0,0,2,10,22865,-24.355,-20.672,73.158,31.945,-2.438,130
27,14,0,0,0,2,11,22851,-24.036,-21.029,88.183,31.936,-2.423,130
27,14,0,0,0,2,12,23754,-23.996,-20.330,178.811,31.450,-2.439,146
27,14,0,0,0,2,13,24340,-23.933,-21.144,221.740,31.935,-2.418,162
27,14,0,0,0,2,14,24351,-24.631,-20.362,230.145,31.958,-2.451,162
27,14,0,0,0,2,15,24353,-23.788,-21.305,253.720,31.935,-2.411,162
27,14,0,0,0,4,0,28846,-53.975,-46.887,4.238,71.496,-2.426,228
27,14,0,0,0,4,1,28835,-54.270,-46.615,7.128,71.542,-2.432,228
27,14,0,0,0,4,2,28832,-54.197,-46.682,12.860,71.530,-2.431,228
27,14,0,0,0,4,3,28830,-54.966,-45.975,21.027,71.659,-2.445,228
27,14,0,0,0,4,4,28866,-52.895,-47.880,39.660,71.347,-2.406,228
27,14,0,0,0,4,5,28852,-54.275,-46.610,67.627,71.543,-2.432,228
27,14,0,0,0,4,6,29854,-53.411,-48.078,107.245,71.863,-2.409,260
27,14,0,0,0,4,7,29865,-53.758,-47.759,115.673,71.908,-2.415,260
27,14,0,0,0,4,8,29848,-54.956,-46.657,128.160,72.091,-2.438,260
27,14,0,0,0,4,9,30573,-53.476,-47.346,155.949,71.423,-2.417,292
27,14,0,0,0,4,10,30569,-55.299,-45.669,188.280,71.719,-2.451,292
27,14,0,0,0,4,11,31095,-55.814,-45.868,219.791,72.243,-2.454,324
27,14,0,0,0,4,12,31098,-53.901,-47.627,227.939,71.928,-2.418,324
27,14,0,0,0,4,13,31096,-53.410,-48.079,267.136,71.862,-2.409,324
27,14,0,0,0,4,14,31089,-55.051,-46.569,276.596,72.107,-2.439,324
27,14,0,0,0,4,15,31489,-53.356,-47.456,309.525,71.407,-2.415,356
27,14,0,0,0,6,0,35732,-86.869,-75.473,57.914,115.076,-2.426,370
27,14,0,0,0,6,1,35752,-88.297,-76.992,58.715,117.150,-2.424,371
27,14,0,0,0,6,2,35728,-85.789,-76.512,68.966,114.952,-2.413,370
27,14,0,0,0,6,3,36433,-86.185,-76.818,69.284,115.451,-2.414,422
27,14,0,0,0,6,4,35759,-87.333,-77.717,70.207,116.906,-2.414,371
27,14,0,0,0,6,5,36435,-87.739,-78.031,70.528,117.418,-2.415,423
27,14,0,0,0,6,6,36427,-89.209,-73.908,81.107,115.848,-2.450,422
27,14,0,0,0,6,7,36424,-86.765,-76.260,90.753,115.515,-2.421,422
27,14,0,0,0,6,8,36436,-88.620,-77.368,92.431,117.641,-2.424,423
27,14,0,0,0,6,9,36432,-85.913,-77.080,107.000,115.423,-2.410,422
27,14,0,0,0,6,10,36444,-87.234,-78.412,108.685,117.295,-2.409,423
27,14,0,0,0,6,11,37053,-86.356,-75.966,170.768,115.014,-2.420,474
27,14,0,0,0,6,12,37065,-87.932,-77.266,173.773,117.056,-2.421,475
27,14,0,0,0,6,13,37052,-88.757,-73.656,205.339,115.339,-2.449,474
27,14,0,0,0,6,14,37930,-86.291,-76.029,303.459,115.007,-2.419,578
27,14,0,0,0,6,15,37940,-87.661,-77.471,308.753,116.987,-2.418,579
27,14,0,0,0,8,0,41863,-128.881,-112.465,40.516,171.052,-2.424,555
27,14,0,0,0,8,1,41870,-130.267,-113.951,41.076,173.073,-2.423,556
27,14,0,0,0,8,2,41860,-129.564,-111.834,53.527,171.154,-2.430,555
27,14,0,0,0,8,3,41866,-128.165,-113.127,54.748,170.950,-2.418,555
27,14,0,0,0,8,4,41869,-129.888,-114.248,55.315,172.984,-2.420,556
27,14,0,0,0,8,5,41859,-129.971,-111.457,62.361,171.217,-2.433,555
27,14,0,0,0,8,6,42412,-132.199,-110.073,105.360,172.025,-2.447,633
27,14,0,0,0,8,7,42414,-130.617,-111.534,128.950,171.757,-2.435,633
27,14,0,0,0,8,8,42934,-127.642,-113.610,177.992,170.879,-2.414,711
27,14,0,0,0,8,9,42936,-129.235,-114.761,179.894,172.835,-2.415,712
27,14,0,0,0,8,10,42933,-131.120,-110.396,207.663,171.405,-2.442,711
27,14,0,0,0,8,11,43387,-129.534,-112.536,219.724,171.591,-2.426,789
27,14,0,0,0,8,12,43385,-130.609,-111.542,254.351,171.757,-2.435,789
27,14,0,0,0,8,13,43386,-132.888,-109.436,270.110,172.150,-2.453,789
27,14,0,0,0,8,14,44066,-133.096,-109.243,385.875,172.188,-2.454,945
27,14,0,0,0,8,15,44429,-128.461,-115.369,425.765,172.662,-2.410,1024
28,15,0,0,1,2,0,23771,-24.326,-23.177,143.949,33.599,-2.380,147
28,15,0,0,1,2,1,23752,-23.150,-21.277,163.171,31.443,-2.398,146
28,15,0,0,1,2,2,23798,-24.993,-22.856,174.860,33.868,-2.401,147
28,15,0,0,1,2,3,23758,-22.740,-21.736,182.352,31.457,-2.379,146
28,15,0,0,1,2,4,23753,-22.558,-21.940,191.694,31.468,-2.370,146
28,15,0,0,1,2,5,23774,-24.215,-23.230,194.477,33.556,-2.377,147
28,15,0,0,1,2,6,23799,-24.035,-23.317,203.912,33.487,-2.371,147
28,15,0,0,1,2,7,24345,-23.490,-21.639,223.023,31.938,-2.397,162
28,15,0,0,1,2,8,24355,-23.249,-21.909,233.438,31.946,-2.386,162
28,15,0,0,1,2,9,24366,-24.944,-23.429,250.527,34.221,-2.388,163
28,15,0,0,1,2,10,24349,-23.445,-21.689,254.033,31.939,-2.395,162
28,15,0,0,1,2,11,24338,-23.272,-21.883,259.390,31.945,-2.387,162
28,15,0,0,1,2,12,24387,-25.351,-23.233,273.052,34.386,-2.400,163
28,15,0,0,1,2,13,24378,-25.407,-23.206,275.405,34.409,-2.401,163
28,15,0,0,1,2,14,24745,-22.740,-21.736,282.856,31.457,-2.379,178
28,15,0,0,1,2,15,24755,-24.209,-23.233,302.101,33.554,-2.377,179
28,15,0,0,1,4,0,28851,-51.703,-48.976,50.544,71.217,-2.383,228
28,15,0,0,1,4,1,29883,-52.082,-52.044,83.722,73.628,-2.357,261
28,15,0,0,1,4,2,29851,-51.476,-49.858,86.314,71.663,-2.372,260
28,15,0,0,1,4,3,29867,-52.926,-51.530,89.338,73.868,-2.370,261
28,15,0,0,1,4,4,29863,-50.937,-50.353,89.969,71.624,-2.362,260
28,15,0,0,1,4,5,29850,-52.800,-48.639,91.770,71.789,-2.397,260
28,15,0,0,1,4,6,29875,-52.310,-51.905,92.557,73.691,-2.360,261
28,15,0,0,1,4,7,30572,-50.795,-49.812,162.676,71.143,-2.366,292
28,15,0,0,1,4,8,30579,-52.095,-51.456,167.600,73.223,-2.362,293
28,15,0,0,1,4,9,30571,-50.433,-50.144,196.658,71.119,-2.359,292
28,15,0,0,1,4,10,30587,-51.766,-51.657,202.483,73.131,-2.357,293
28,15,0,0,1,4,11,31091,-51.943,-49.428,226.046,71.702,-2.381,324
28,15,0,0,1,4,12,31483,-50.396,-50.178,302.441,71.117,-2.358,356
28,15,0,0,1,4,13,31501,-51.765,-51.657,310.950,73.130,-2.357,357
28,15,0,0,1,4,14,31488,-50.781,-49.824,340.421,71.142,-2.366,356
28,15,0,0,1,4,15,31500,-52.436,-51.248,350.572,73.321,-2.368,357
28,15,0,0,1,6,0,34928,-82.769,-81.773,-4.203,116.351,-2.362,319
28,15,0,0,1,6,1,35756,-82.325,-81.488,-0.916,115.835,-2.361,371
28,15,0,0,1,6,2,34931,-82.719,-81.811,-0.893,116.342,-2.362,319
28,15,0,0,1,6,3,35747,-84.402,-79.924,37.589,116.239,-2.383,371
28,15,0,0,1,6,4,35758,-83.294,-80.759,39.437,116.016,-2.372,371
28,15,0,0,1,6,5,35760,-82.416,-81.419,39.980,115.851,-2.362,371
28,15,0,0,1,6,6,35751,-83.707,-80.447,57.452,116.098,-2.376,371
28,15,0,0,1,6,7,35748,-85.447,-79.138,68.406,116.464,-2.395,371
28,15,0,0,1,6,8,36437,-82.629,-81.879,72.741,116.326,-2.361,423
28,15,0,0,1,6,9,36441,-84.717,-80.307,125.429,116.731,-2.383,423
28,15,0,0,1,6,10,37062,-83.572,-80.549,181.611,116.071,-2.375,475
28,15,0,0,1,6,11,37068,-85.522,-79.081,191.954,116.481,-2.395,475
28,15,0,0,1,6,12,37544,-85.732,-79.543,251.416,116.949,-2.394,527
28,15,0,0,1,6,13,37938,-83.091,-80.911,300.718,115.978,-2.369,579
28,15,0,0,1,6,14,37936,-84.216,-80.064,331.566,116.201,-2.381,579
28,15,0,0,1,6,15,38264,-85.246,-79.909,419.017,116.843,-2.388,631
28,15,0,0,1,8,0,41868,-127.476,-116.142,55.785,172.450,-2.403,556
28,15,0,0,1,8,1,42416,-125.530,-118.299,79.993,172.489,-2.386,634
28,15,0,0,1,8,2,42420,-123.625,-119.794,104.850,172.145,-2.372,634
28,15,0,0,1,8,3,42418,-128.174,-116.223,105.185,173.021,-2.405,634
28,15,0,0,1,8,4,42417,-124.626,-119.009,115.550,172.322,-2.379,634
28,15,0,0,1,8,5,42935,-124.819,-118.228,157.799,171.923,-2.383,712
28,15,0,0,1,8,6,43391,-124.687,-118.961,219.298,172.333,-2.380,790
28,15,0,0,1,8,7,43390,-121.599,-121.385,219.948,171.816,-2.357,790
28,15,0,0,1,8,8,43393,-123.478,-119.910,242.960,172.120,-2.371,790
28,15,0,0,1,8,9,43392,-122.157,-120.947,250.516,171.903,-2.361,790
28,15,0,0,1,8,10,43782,-123.132,-119.552,286.179,171.622,-2.371,868
28,15,0,0,1,8,11,43781,-123.361,-119.373,302.681,171.662,-2.373,868
28,15,0,0,1,8,12,44069,-122.461,-120.708,366.561,171.951,-2.363,946
28,15,0,0,1,8,13,44071,-122.856,-120.398,410.911,172.015,-2.366,946
28,15,0,0,1,8,14,44431,-124.061,-118.822,455.110,171.784,-2.378,1024
28,15,0,0,1,8,15,44430,-122.666,-119.918,456.228,171.544,-2.368,1024
29,15,0,1,0,2,0,23771,-24.326,-23.177,143.949,33.599,-2.380,147
29,15,0,1,0,2,1,23752,-23.150,-21.277,163.171,31.443,-2.398,146
29,15,0,1,0,2,2,23798,-24.993,-22.856,174.860,33.868,-2.401,147
29,15,0,1,0,2,3,23758,-22.740,-21.736,182.352,31.457,-2.379,146
29,15,0,1,0,2,4,23753,-22.558,-21.940,191.694,31.468,-2.370,146
29,15,0,1,0,2,5,23774,-24.215,-23.230,194.477,33.556,-2.377,147
29,15,0,1,0,2,6,23799,-24.035,-23.317,203.912,33.487,-2.371,147
29,15,0,1,0,2,7,24345,-23.490,-21.639,223.023,31.938,-2.397,162
29,15,0,1,0,2,8,24355,-23.249,-21.909,233.438,31.946,-2.386,162
29,15,0,1,0,2,9,24366,-24.944,-23.429,250.527,34.221,-2.388,163
29,15,0,1,0,2,10,24349,-23.445,-21.689,254.033,31.939,-2.395,162
29,15,0,1,0,2,11,24338,-23.272,-21.883,259.390,31.945,-2.387,162
29,15,0,1,0,2,12,24387,-25.351,-23.233,273.052,34.386,-2.400,163
29,15,0,1,0,2,13,24378,-25.407,-23.206,275.405,34.409,-2.401,163
29,15,0,1,0,2,14,24745,-22.740,-21.736,282.856,31.457,-2.379,178
29,15,0,1,0,2,15,24755,-24.209,-23.233,302.101,33.554,-2.377,179
29,15,0,1,0,4,0,28864,-51.882,-48.811,39.102,71.234,-2.387,228
29,15,0,1,0,4,1,28845,-51.952,-48.747,41.341,71.241,-2.388,228
29,15,0,1,0,4,2,28841,-51.876,-48.817,45.361,71.233,-2.387,228
29,15,0,1,0,4,3,28851,-51.703,-48.976,50.544,71.217,-2.383,228
29,15,0,1,0,4,4,29883,-52.082,-52.044,83.722,73.628,-2.357,261
29,15,0,1,0,4,5,29851,-51.476,-49.858,86.314,71.663,-2.372,260
29,15,0,1,0,4,6,29867,-52.926,-51.530,89.338,73.868,-2.370,261
29,15,0,1,0,4,7,29863,-50.937,-50.353,89.969,71.624,-2.362,260
29,15,0,1,0,4,8,29850,-52.800,-48.639,91.770,71.789,-2.397,260
29,15,0,1,0,4,9,29875,-52.310,-51.905,92.557,73.691,-2.360,261
29,15,0,1,0,4,10,30572,-50.795,-49.812,162.676,71.143,-2.366,292
29,15,0,1,0,4,11,30579,-52.095,-51.456,167.600,73.223,-2.362,293
29,15,0,1,0,4,12,30571,-50.433,-50.144,196.658,71.119,-2.359,292
29,15,0,1,0,4,13,30587,-51.766,-51.657,202.483,73.131,-2.357,293
29,15,0,1,0,4,14,31091,-51.943,-49.428,226.046,71.702,-2.381,324
29,15,0,1,0,4,15,31483,-50.396,-50.178,302.441,71.117,-2.358,356
29,15,0,1,0,6,0,34927,-85.641,-79.611,-61.645,116.929,-2.393,319
29,15,0,1,0,6,1,34926,-84.351,-80.582,-56.677,116.656,-2.379,319
29,15,0,1,0,6,2,34930,-86.562,-78.918,-36.073,117.137,-2.402,319
29,15,0,1,0,6,3,34921,-83.840,-80.967,-35.066,116.554,-2.374,319
29,15,0,1,0,6,4,34919,-84.507,-80.465,-30.003,116.688,-2.381,319
29,15,0,1,0,6,5,34933,-85.560,-79.672,-16.047,116.911,-2.392,319
29,15,0,1,0,6,6,34928,-82.769,-81.773,-4.203,116.351,-2.362,319
29,15,0,1,0,6,7,35756,-82.325,-81.488,-0.916,115.835,-2.361,371
29,15,0,1,0,6,8,34931,-82.719,-81.811,-0.893,116.342,-2.362,319
29,15,0,1,0,6,9,35747,-84.402,-79.924,37.589,116.239,-2.383,371
29,15,0,1,0,6,10,35758,-83.294,-80.759,39.437,116.016,-2.372,371
29,15,0,1,0,6,11,35760,-82.416,-81.419,39.980,115.851,-2.362,371
29,15,0,1,0,6,12,35751,-83.707,-80.447,57.452,116.098,-2.376,371
29,15,0,1,0,6,13,35748,-85.447,-79.138,68.406,116.464,-2.395,371
29,15,0,1,0,6,14,36437,-82.629,-81.879,72.741,116.326,-2.361,423
29,15,0,1,0,6,15,36441,-84.717,-80.307,125.429,116.731,-2.383,423
29,15,0,1,0,8,0,40185,-125.409,-118.394,-194.732,172.466,-2.385,322
29,15,0,1,0,8,1,40184,-123.860,-119.610,-186.178,172.186,-2.374,322
29,15,0,1,0,8,2,40188,-125.458,-118.355,-142.259,172.475,-2.385,322
29,15,0,1,0,8,3,40183,-127.340,-116.878,-141.376,172.847,-2.399,322
29,15,0,1,0,8,4,40653,-127.097,-116.439,-140.930,172.371,-2.400,400
29,15,0,1,0,8,5,40659,-127.788,-115.897,-106.181,172.516,-2.405,400
29,15,0,1,0,8,6,40652,-121.993,-120.446,-72.289,171.434,-2.363,400
29,15,0,1,0,8,7,41233,-122.722,-120.504,-53.850,171.994,-2.365,478
29,15,0,1,0,8,8,41237,-123.033,-120.259,-35.374,172.045,-2.368,478
29,15,0,1,0,8,9,41231,-125.927,-117.987,-29.282,172.565,-2.389,478
29,15,0,1,0,8,10,41230,-127.905,-116.435,-16.859,172.965,-2.403,478
29,15,0,1,0,8,11,41232,-127.970,-116.384,0.078,172.978,-2.404,478
29,15,0,1,0,8,12,41874,-127.544,-116.089,0.097,172.465,-2.403,556
29,15,0,1,0,8,13,41871,-127.054,-116.473,13.203,172.362,-2.400,556
29,15,0,1,0,8,14,41875,-123.908,-118.943,38.797,171.757,-2.377,556
29,15,0,1,0,8,15,41868,-127.476,-116.142,55.785,172.450,-2.403,556
30,16,0,0,0,2,0,22862,-22.390,-22.872,114.226,32.006,-2.346,130
30,16,0,0,0,2,1,22910,-22.872,-24.427,118.067,33.464,-2.323,131
30,16,0,0,0,2,2,22926,-23.596,-24.078,120.797,33.713,-2.346,131
30,16,0,0,0,2,3,23760,-22.074,-22.482,144.082,31.507,-2.347,146
30,16,0,0,0,2,4,23734,-21.578,-23.037,150.784,31.564,-2.324,146
30,16,0,0,0,2,5,23772,-23.276,-23.683,151.504,33.206,-2.348,147
30,16,0,0,0,2,6,23785,-22.580,-24.018,157.499,32.966,-2.325,147
30,16,0,0,0,2,7,23740,-21.474,-23.153,194.008,31.579,-2.319,146
30,16,0,0,0,2,8,23797,-22.398,-24.106,201.803,32.905,-2.319,147
30,16,0,0,0,2,9,24380,-22.833,-24.446,210.655,33.451,-2.322,163
30,16,0,0,0,2,10,24343,-22.390,-22.872,252.434,32.006,-2.346,162
30,16,0,0,0,2,11,24341,-22.023,-23.282,260.508,32.048,-2.328,162
30,16,0,0,0,2,12,24389,-23.611,-24.071,266.326,33.718,-2.347,163
30,16,0,0,0,2,13,24383,-23.002,-24.365,272.143,33.507,-2.327,163
30,16,0,0,0,2,14,24744,-21.707,-22.892,283.641,31.548,-2.330,178
30,16,0,0,0,2,15,24743,-21.741,-22.855,291.759,31.544,-2.331,178
30,16,0,0,0,4,0,29847,-50.590,-50.672,81.778,71.603,-2.355,260
30,16,0,0,0,4,1,29876,-49.773,-53.451,86.478,73.036,-2.321,261
30,16,0,0,0,4,2,29852,-49.988,-51.226,103.092,71.574,-2.344,260
30,16,0,0,0,4,3,29878,-51.291,-52.526,105.798,73.415,-2.344,261
30,16,0,0,0,4,4,29868,-49.556,-53.583,115.551,72.986,-2.317,261
30,16,0,0,0,4,5,30591,-49.774,-52.870,166.430,72.613,-2.326,293
30,16,0,0,0,4,6,31112,-50.176,-53.205,232.987,73.133,-2.327,325
30,16,0,0,0,4,7,31097,-50.463,-50.789,255.009,71.596,-2.353,324
30,16,0,0,0,4,8,31110,-51.948,-52.125,262.155,73.591,-2.354,325
30,16,0,0,0,4,9,31099,-50.543,-50.716,266.499,71.601,-2.354,324
30,16,0,0,0,4,10,31105,-51.980,-52.106,274.201,73.600,-2.355,325
30,16,0,0,0,4,11,31498,-49.492,-53.042,280.200,72.546,-2.322,357
30,16,0,0,0,4,12,31487,-50.238,-50.324,295.118,71.108,-2.355,356
30,16,0,0,0,4,13,31495,-51.522,-51.805,303.398,73.064,-2.353,357
30,16,0,0,0,4,14,31485,-49.900,-50.635,317.082,71.090,-2.349,356
30,16,0,0,0,4,15,31499,-51.224,-51.987,325.360,72.983,-2.349,357
30,16,0,0,0,6,0,35744,-79.706,-83.460,8.678,115.406,-2.333,371
30,16,0,0,0,6,1,35761,-79.840,-83.359,14.331,115.426,-2.335,371
30,16,0,0,0,6,2,35746,-77.972,-84.766,22.267,115.173,-2.314,371
30,16,0,0,0,6,3,35749,-78.930,-84.044,27.526,115.297,-2.325,371
30,16,0,0,0,6,4,35753,-80.695,-82.716,66.625,115.558,-2.344,371
30,16,0,0,0,6,5,36442,-78.971,-84.633,81.560,115.755,-2.322,423
30,16,0,0,0,6,6,36438,-79.549,-84.198,85.383,115.833,-2.328,423
30,16,0,0,0,6,7,37066,-78.897,-84.069,144.539,115.293,-2.324,475
30,16,0,0,0,6,8,37064,-78.634,-84.267,144.666,115.257,-2.322,475
30,16,0,0,0,6,9,37069,-78.378,-84.460,145.727,115.224,-2.319,475
30,16,0,0,0,6,10,37063,-81.315,-82.249,150.965,115.659,-2.350,475
30,16,0,0,0,6,11,37067,-81.391,-82.191,155.120,115.672,-2.351,475
30,16,0,0,0,6,12,37060,-81.410,-82.177,167.892,115.675,-2.352,475
30,16,0,0,0,6,13,37546,-81.056,-83.063,269.532,116.059,-2.344,527
30,16,0,0,0,6,14,37941,-78.241,-84.563,325.013,115.207,-2.317,579
30,16,0,0,0,6,15,38262,-78.551,-84.950,368.983,115.701,-2.317,631
30,16,0,0,0,8,0,40668,-117.459,-126.194,-71.227,172.399,-2.320,401
30,16,0,0,0,8,1,41241,-118.794,-125.904,-51.752,173.101,-2.327,479
30,16,0,0,0,8,2,41234,-117.743,-124.412,-51.214,171.294,-2.329,478
30,16,0,0,0,8,3,41236,-120.100,-122.562,-37.711,171.597,-2.346,478
30,16,0,0,0,8,4,41235,-119.268,-123.215,-1.109,171.484,-2.340,478
30,16,0,0,0,8,5,41872,-117.973,-123.602,41.373,170.866,-2.333,556
30,16,0,0,0,8,6,41878,-118.941,-125.212,41.803,172.699,-2.331,557
30,16,0,0,0,8,7,41873,-119.862,-122.119,47.746,171.114,-2.347,556
30,16,0,0,0,8,8,42419,-119.159,-123.300,79.700,171.469,-2.339,634
30,16,0,0,0,8,9,42422,-120.356,-124.869,80.492,173.430,-2.338,635
30,16,0,0,0,8,10,43396,-118.509,-126.092,211.729,173.042,-2.325,791
30,16,0,0,0,8,11,44073,-117.957,-126.458,377.001,172.932,-2.321,947
30,16,0,0,0,8,12,44075,-118.060,-126.390,378.369,172.953,-2.322,947
30,16,0,0,0,8,13,44072,-119.411,-125.495,389.952,173.228,-2.331,947
30,16,0,0,0,8,14,44070,-117.659,-124.478,391.285,171.285,-2.328,946
30,16,0,0,0,8,15,44433,-117.693,-126.039,460.842,172.446,-2.322,1025
31,17,0,0,0,2,0,21024,-20.767,-24.892,54.285,32.417,-2.266,115
31,17,0,0,0,2,1,22921,-21.262,-25.203,77.324,32.974,-2.272,131
31,17,0,0,0,2,2,22889,-21.263,-25.203,86.792,32.974,-2.272,131
31,17,0,0,0,2,3,22849,-21.290,-24.102,91.593,32.159,-2.294,130
31,17,0,0,0,2,4,22919,-21.943,-24.875,94.483,33.170,-2.294,131
31,17,0,0,0,2,5,22916,-21.150,-25.257,103.177,32.943,-2.268,131
31,17,0,0,0,2,6,22890,-21.598,-25.041,104.045,33.069,-2.283,131
31,17,0,0,0,2,7,23738,-21.075,-23.601,144.637,31.641,-2.300,146
31,17,0,0,0,2,8,23790,-21.123,-24.720,149.183,32.516,-2.278,147
31,17,0,0,0,2,9,23789,-21.720,-24.433,149.205,32.691,-2.297,147
31,17,0,0,0,2,10,24347,-21.424,-23.953,236.749,32.136,-2.301,162
31,17,0,0,0,2,11,24376,-22.174,-24.764,245.148,33.240,-2.301,163
31,17,0,0,0,2,12,24373,-21.303,-25.183,248.189,32.985,-2.273,163
31,17,0,0,0,2,13,24370,-21.135,-25.264,248.725,32.939,-2.267,163
31,17,0,0,0,2,14,24363,-21.041,-25.309,267.712,32.914,-2.264,163
31,17,0,0,0,2,15,24758,-20.587,-24.979,287.822,32.369,-2.260,179
31,17,0,0,0,4,0,28882,-46.760,-54.706,5.216,71.967,-2.278,229
31,17,0,0,0,4,1,28873,-46.743,-54.717,20.453,71.964,-2.278,229
31,17,0,0,0,4,2,28889,-45.982,-55.181,21.978,71.828,-2.266,229
31,17,0,0,0,4,3,28877,-46.492,-54.870,25.544,71.918,-2.274,229
31,17,0,0,0,4,4,29885,-46.409,-55.500,95.664,72.347,-2.267,261
31,17,0,0,0,4,5,29884,-46.967,-55.160,108.097,72.447,-2.276,261
31,17,0,0,0,4,6,29882,-48.616,-54.155,110.592,72.776,-2.302,261
31,17,0,0,0,4,7,30580,-47.805,-54.070,164.693,72.172,-2.295,293
31,17,0,0,0,4,8,30584,-46.168,-55.067,169.521,71.860,-2.269,293
31,17,0,0,0,4,9,30589,-47.241,-54.413,191.689,72.059,-2.286,293
31,17,0,0,0,4,10,30585,-46.955,-54.588,206.069,72.004,-2.281,293
31,17,0,0,0,4,11,31108,-47.698,-54.715,227.408,72.587,-2.288,325
31,17,0,0,0,4,12,31492,-47.585,-54.204,321.620,72.128,-2.291,357
31,17,0,0,0,4,13,31496,-48.559,-53.611,330.014,72.333,-2.307,357
31,17,0,0,0,4,14,31493,-47.328,-54.360,330.966,72.076,-2.287,357
31,17,0,0,0,4,15,31832,-47.715,-54.705,380.771,72.590,-2.288,389
31,17,0,0,0,6,0,37059,-75.185,-86.865,208.995,114.883,-2.284,475
31,17,0,0,0,6,1,37543,-75.589,-87.180,209.108,115.386,-2.285,527
31,17,0,0,0,6,2,37072,-76.679,-88.053,209.380,116.761,-2.287,476
31,17,0,0,0,6,3,37549,-77.098,-88.383,209.490,117.284,-2.288,528
31,17,0,0,0,6,4,37550,-75.751,-89.162,259.976,116.996,-2.275,528
31,17,0,0,0,6,5,37548,-75.580,-89.261,267.552,116.961,-2.273,528
31,17,0,0,0,6,6,37545,-75.936,-86.919,268.238,115.417,-2.289,527
31,17,0,0,0,6,7,37552,-76.850,-88.527,272.590,117.230,-2.286,528
31,17,0,0,0,6,8,37547,-74.769,-89.731,276.114,116.799,-2.265,528
31,17,0,0,0,6,9,37937,-75.705,-86.473,303.727,114.929,-2.290,579
31,17,0,0,0,6,10,37939,-76.820,-85.633,306.945,115.041,-2.302,579
31,17,0,0,0,6,11,37946,-77.228,-87.736,308.921,116.883,-2.293,580
31,17,0,0,0,6,12,37943,-78.279,-87.127,312.531,117.127,-2.303,580
31,17,0,0,0,6,13,37944,-74.508,-89.310,333.350,116.308,-2.266,580
31,17,0,0,0,6,14,38265,-76.312,-86.636,361.062,115.452,-2.293,631
31,17,0,0,0,6,15,38270,-77.621,-88.081,367.146,117.402,-2.293,632
31,17,0,0,0,8,0,41244,-114.199,-128.947,-45.693,172.246,-2.296,479
31,17,0,0,0,8,1,41239,-113.543,-129.381,-33.325,172.138,-2.291,479
31,17,0,0,0,8,2,41246,-114.642,-128.653,-14.272,172.321,-2.299,479
31,17,0,0,0,8,3,41877,-112.827,-129.262,41.351,171.577,-2.288,557
31,17,0,0,0,8,4,41876,-111.548,-130.108,55.566,171.380,-2.280,557
31,17,0,0,0,8,5,42421,-114.120,-128.999,136.042,172.233,-2.295,635
31,17,0,0,0,8,6,42942,-115.002,-127.821,142.757,171.941,-2.303,713
31,17,0,0,0,8,7,42941,-112.233,-129.655,142.782,171.484,-2.284,713
31,17,0,0,0,8,8,42939,-112.412,-129.537,168.651,171.512,-2.286,713
31,17,0,0,0,8,9,42938,-109.228,-131.645,171.816,171.059,-2.263,713
31,17,0,0,0,8,10,42943,-110.381,-133.328,173.839,173.090,-2.262,714
31,17,0,0,0,8,11,42937,-109.512,-131.457,184.565,171.096,-2.265,713
31,17,0,0,0,8,12,43394,-111.235,-130.910,215.418,171.787,-2.275,791
31,17,0,0,0,8,13,44074,-109.347,-132.160,405.993,171.531,-2.262,947
31,17,0,0,0,8,14,44081,-110.640,-133.750,410.861,173.581,-2.262,948
31,17,0,0,0,8,15,44434,-108.803,-131.927,447.497,171.005,-2.260,1025
32,18,0,0,1,2,0,22928,-20.414,-25.611,72.440,32.752,-2.244,131
32,18,0,0,1,2,1,22920,-19.790,-25.913,76.994,32.605,-2.223,131
32,18,0,0,1,2,2,22906,-20.805,-25.423,96.364,32.851,-2.257,131
32,18,0,0,1,2,3,22911,-19.938,-25.841,109.852,32.639,-2.228,131
32,18,0,0,1,2,4,23766,-20.493,-25.024,151.694,32.345,-2.257,147
32,18,0,0,1,2,5,23784,-19.113,-25.689,163.749,32.019,-2.210,147
32,18,0,0,1,2,6,23801,-19.088,-25.701,170.525,32.014,-2.210,147
32,18,0,0,1,2,7,23768,-20.457,-25.041,187.337,32.335,-2.256,147
32,18,0,0,1,2,8,23794,-19.311,-25.593,191.847,32.062,-2.217,147
32,18,0,0,1,2,9,23767,-20.476,-25.032,206.942,32.340,-2.256,147
32,18,0,0,1,2,10,23800,-19.593,-25.458,208.279,32.124,-2.227,147
32,18,0,0,1,2,11,24362,-20.792,-25.430,209.993,32.848,-2.256,163
32,18,0,0,1,2,12,24382,-19.905,-25.857,211.543,32.631,-2.227,163
32,18,0,0,1,2,13,24368,-19.907,-25.856,220.093,32.632,-2.227,163
32,18,0,0,1,2,14,24361,-20.261,-25.685,235.613,32.715,-2.239,163
32,18,0,0,1,2,15,24390,-19.789,-25.913,279.097,32.605,-2.223,163
32,18,0,0,1,4,0,29874,-45.437,-56.092,69.321,72.186,-2.252,261
32,18,0,0,1,4,1,29879,-44.989,-56.365,88.200,72.119,-2.244,261
32,18,0,0,1,4,2,29872,-44.861,-56.444,89.850,72.100,-2.242,261
32,18,0,0,1,4,3,29880,-44.930,-56.401,90.104,72.110,-2.243,261
32,18,0,0,1,4,4,29877,-44.915,-56.411,124.634,72.108,-2.243,261
32,18,0,0,1,4,5,30582,-43.766,-56.531,143.662,71.493,-2.230,293
32,18,0,0,1,4,6,30588,-44.138,-56.304,164.317,71.543,-2.236,293
32,18,0,0,1,4,7,30586,-43.735,-56.550,188.715,71.489,-2.229,293
32,18,0,0,1,4,8,30581,-43.286,-56.823,199.878,71.432,-2.222,293
32,18,0,0,1,4,9,31107,-44.121,-56.894,220.544,71.997,-2.230,325
32,18,0,0,1,4,10,31115,-42.955,-57.605,224.703,71.857,-2.212,325
32,18,0,0,1,4,11,31111,-43.792,-57.095,226.924,71.955,-2.225,325
32,18,0,0,1,4,12,31114,-45.605,-55.990,243.306,72.213,-2.254,325
32,18,0,0,1,4,13,31109,-45.315,-56.167,244.840,72.168,-2.250,325
32,18,0,0,1,4,14,31106,-44.162,-56.869,270.523,72.003,-2.231,325
32,18,0,0,1,4,15,31494,-44.736,-55.940,332.257,71.628,-2.245,357
32,18,0,0,1,6,0,35763,-71.348,-91.138,32.840,115.744,-2.235,372
32,18,0,0,1,6,1,35769,-72.961,-90.205,40.201,116.018,-2.251,372
32,18,0,0,1,6,2,35771,-70.289,-91.751,58.320,115.580,-2.225,372
32,18,0,0,1,6,3,36454,-73.752,-90.319,96.140,116.606,-2.256,424
32,18,0,0,1,6,4,36456,-70.604,-92.141,105.900,116.081,-2.225,424
32,18,0,0,1,6,5,36446,-70.461,-92.224,109.365,116.060,-2.223,424
32,18,0,0,1,6,6,37076,-70.687,-91.520,139.959,115.640,-2.228,476
32,18,0,0,1,6,7,36449,-71.076,-91.867,140.578,116.153,-2.229,424
32,18,0,0,1,6,8,37071,-71.187,-91.231,145.390,115.718,-2.233,476
32,18,0,0,1,6,9,37075,-72.027,-90.745,147.883,115.856,-2.242,476
32,18,0,0,1,6,10,37073,-69.730,-92.075,201.538,115.499,-2.219,476
32,18,0,0,1,6,11,37551,-69.547,-92.752,225.396,115.930,-2.214,528
32,18,0,0,1,6,12,37942,-72.939,-90.218,335.298,116.014,-2.251,580
32,18,0,0,1,6,13,38266,-70.097,-92.434,369.830,116.007,-2.220,632
32,18,0,0,1,6,14,38272,-72.047,-91.305,372.766,116.308,-2.239,632
32,18,0,0,1,6,15,38269,-72.144,-91.249,400.921,116.324,-2.240,632
32,18,0,0,1,8,0,42425,-105.361,-136.664,133.656,172.563,-2.228,636
32,18,0,0,1,8,1,42940,-107.795,-132.594,156.742,170.883,-2.253,713
32,18,0,0,1,8,2,43398,-104.229,-137.289,214.486,172.372,-2.220,792
32,18,0,0,1,8,3,43404,-104.267,-137.269,217.412,172.379,-2.220,792
32,18,0,0,1,8,4,43395,-107.434,-133.427,222.451,171.303,-2.249,791
32,18,0,0,1,8,5,43402,-107.961,-135.229,222.733,173.039,-2.245,792
32,18,0,0,1,8,6,43399,-108.255,-135.067,224.929,173.096,-2.246,792
32,18,0,0,1,8,7,43403,-106.761,-135.892,257.798,172.814,-2.237,792
32,18,0,0,1,8,8,43401,-109.302,-134.488,265.683,173.303,-2.253,792
32,18,0,0,1,8,9,44077,-109.251,-134.517,352.717,173.293,-2.253,948
32,18,0,0,1,8,10,44079,-108.099,-135.153,364.176,173.066,-2.245,948
32,18,0,0,1,8,11,44080,-103.486,-137.700,388.938,172.252,-2.215,948
32,18,0,0,1,8,12,44076,-107.441,-133.423,392.518,171.305,-2.249,947
32,18,0,0,1,8,13,44082,-108.484,-134.940,396.748,173.140,-2.248,948
32,18,0,0,1,8,14,44437,-109.487,-133.821,452.662,172.903,-2.257,1026
32,18,0,0,1,8,15,44439,-107.866,-134.716,458.586,172.579,-2.246,1026
33,18,0,1,0,2,0,22928,-20.414,-25.611,72.440,32.752,-2.244,131
33,18,0,1,0,2,1,22920,-19.790,-25.913,76.994,32.605,-2.223,131
33,18,0,1,0,2,2,22906,-20.805,-25.423,96.364,32.851,-2.257,131
33,18,0,1,0,2,3,22911,-19.938,-25.841,109.852,32.639,-2.228,131
33,18,0,1,0,2,4,23766,-20.493,-25.024,151.694,32.345,-2.257,147
33,18,0,1,0,2,5,23784,-19.113,-25.689,163.749,32.019,-2.210,147
33,18,0,1,0,2,6,23801,-19.088,-25.701,170.525,32.014,-2.210,147
33,18,0,1,0,2,7,23768,-20.457,-25.041,187.337,32.335,-2.256,147
33,18,0,1,0,2,8,23794,-19.311,-25.593,191.847,32.062,-2.217,147
33,18,0,1,0,2,9,23767,-20.476,-25.032,206.942,32.340,-2.256,147
33,18,0,1,0,2,10,23800,-19.593,-25.458,208.279,32.124,-2.227,147
33,18,0,1,0,2,11,24362,-20.792,-25.430,209.993,32.848,-2.256,163
33,18,0,1,0,2,12,24382,-19.905,-25.857,211.543,32.631,-2.227,163
33,18,0,1,0,2,13,24368,-19.907,-25.856,220.093,32.632,-2.227,163
33,18,0,1,0,2,14,24361,-20.261,-25.685,235.613,32.715,-2.239,163
33,18,0,1,0,2,15,24390,-19.789,-25.913,279.097,32.605,-2.223,163
33,18,0,1,0,4,0,27707,-44.404,-56.722,-24.976,72.035,-2.235,197
33,18,0,1,0,4,1,28885,-44.507,-56.079,41.029,71.594,-2.242,229
33,18,0,1,0,4,2,28880,-43.069,-56.956,58.986,71.406,-2.218,229
33,18,0,1,0,4,3,28888,-45.115,-55.709,68.818,71.686,-2.252,229
33,18,0,1,0,4,4,29874,-45.437,-56.092,69.321,72.186,-2.252,261
33,18,0,1,0,4,5,29879,-44.989,-56.365,88.200,72.119,-2.244,261
33,18,0,1,0,4,6,29872,-44.861,-56.444,89.850,72.100,-2.242,261
33,18,0,1,0,4,7,29880,-44.930,-56.401,90.104,72.110,-2.243,261
33,18,0,1,0,4,8,29877,-44.915,-56.411,124.634,72.108,-2.243,261
33,18,0,1,0,4,9,30582,-43.766,-56.531,143.662,71.493,-2.230,293
33,18,0,1,0,4,10,30588,-44.138,-56.304,164.317,71.543,-2.236,293
33,18,0,1,0,4,11,30586,-43.735,-56.550,188.715,71.489,-2.229,293
33,18,0,1,0,4,12,30581,-43.286,-56.823,199.878,71.432,-2.222,293
33,18,0,1,0,4,13,31107,-44.121,-56.894,220.544,71.997,-2.230,325
33,18,0,1,0,4,14,31115,-42.955,-57.605,224.703,71.857,-2.212,325
33,18,0,1,0,4,15,31111,-43.792,-57.095,226.924,71.955,-2.225,325
33,18,0,1,0,6,0,34938,-73.352,-90.551,-42.816,116.533,-2.252,320
33,18,0,1,0,6,1,34941,-69.204,-92.951,-37.297,115.884,-2.211,320
33,18,0,1,0,6,2,34939,-71.267,-91.757,-5.384,116.182,-2.231,320
33,18,0,1,0,6,3,35773,-70.533,-91.609,4.917,115.617,-2.227,372
33,18,0,1,0,6,4,35766,-70.366,-91.706,19.391,115.592,-2.225,372
33,18,0,1,0,6,5,35763,-71.348,-91.138,32.840,115.744,-2.235,372
33,18,0,1,0,6,6,35769,-72.961,-90.205,40.201,116.018,-2.251,372
33,18,0,1,0,6,7,35771,-70.289,-91.751,58.320,115.580,-2.225,372
33,18,0,1,0,6,8,36454,-73.752,-90.319,96.140,116.606,-2.256,424
33,18,0,1,0,6,9,36456,-70.604,-92.141,105.900,116.081,-2.225,424
33,18,0,1,0,6,10,36446,-70.461,-92.224,109.365,116.060,-2.223,424
33,18,0,1,0,6,11,37076,-70.687,-91.520,139.959,115.640,-2.228,476
33,18,0,1,0,6,12,36449,-71.076,-91.867,140.578,116.153,-2.229,424
33,18,0,1,0,6,13,37071,-71.187,-91.231,145.390,115.718,-2.233,476
33,18,0,1,0,6,14,37075,-72.027,-90.745,147.883,115.856,-2.242,476
33,18,0,1,0,6,15,37073,-69.730,-92.075,201.538,115.499,-2.219,476
33,18,0,1,0,8,0,41249,-107.025,-135.746,-69.243,172.862,-2.238,480
33,18,0,1,0,8,1,40669,-106.763,-135.325,-69.059,172.369,-2.239,402
33,18,0,1,0,8,2,41251,-106.328,-136.130,-61.191,172.734,-2.234,480
33,18,0,1,0,8,3,41250,-109.495,-134.382,-50.090,173.343,-2.254,480
33,18,0,1,0,8,4,41252,-103.088,-137.919,-18.596,172.188,-2.213,480
33,18,0,1,0,8,5,41247,-105.587,-136.539,-15.391,172.602,-2.229,480
33,18,0,1,0,8,6,41880,-102.826,-137.498,12.359,171.694,-2.213,558
33,18,0,1,0,8,7,41884,-107.723,-134.795,15.678,172.551,-2.245,558
33,18,0,1,0,8,8,41882,-103.870,-136.922,23.759,171.862,-2.220,558
33,18,0,1,0,8,9,41883,-104.540,-136.552,56.232,171.974,-2.224,558
33,18,0,1,0,8,10,41881,-104.940,-136.331,58.764,172.042,-2.227,558
33,18,0,1,0,8,11,42424,-107.237,-133.558,88.121,171.282,-2.247,635
33,18,0,1,0,8,12,42427,-108.487,-134.939,89.074,173.141,-2.248,636
33,18,0,1,0,8,13,42423,-107.517,-133.372,120.157,171.313,-2.249,635
33,18,0,1,0,8,14,42429,-108.299,-135.042,121.407,173.104,-2.247,636
33,18,0,1,0,8,15,42425,-105.361,-136.664,133.656,172.563,-2.228,636
34,19,0,0,0,2,0,21025,-18.688,-25.894,17.288,31.933,-2.196,115
34,19,0,0,0,2,1,20991,-18.108,-26.174,24.938,31.827,-2.176,115
34,19,0,0,0,2,2,20994,-18.424,-26.021,26.641,31.883,-2.187,115
34,19,0,0,0,2,3,21003,-18.253,-26.103,27.412,31.852,-2.181,115
34,19,0,0,0,2,4,21056,-18.403,-26.031,33.969,31.879,-2.186,115
34,19,0,0,0,2,5,21086,-17.874,-26.286,36.453,31.787,-2.168,115
34,19,0,0,0,2,6,21035,-18.593,-25.939,37.419,31.915,-2.193,115
34,19,0,0,0,2,7,22913,-19.194,-26.200,81.791,32.478,-2.203,131
34,19,0,0,0,2,8,22894,-18.305,-26.628,85.687,32.313,-2.173,131
34,19,0,0,0,2,9,22904,-18.173,-26.692,89.992,32.291,-2.169,131
34,19,0,0,0,2,10,22896,-19.234,-26.180,95.213,32.486,-2.204,131
34,19,0,0,0,2,11,22898,-18.261,-26.649,99.024,32.306,-2.172,131
34,19,0,0,0,2,12,23795,-17.966,-26.242,140.541,31.803,-2.171,147
34,19,0,0,0,2,13,23779,-18.151,-26.153,151.287,31.834,-2.178,147
34,19,0,0,0,2,14,23793,-18.192,-26.133,194.490,31.841,-2.179,147
34,19,0,0,0,2,15,24763,-18.808,-25.836,299.108,31.957,-2.200,179
34,19,0,0,0,4,0,27703,-39.793,-59.531,-21.979,71.606,-2.160,197
34,19,0,0,0,4,1,27715,-40.766,-58.939,-3.249,71.663,-2.176,197
34,19,0,0,0,4,2,28871,-42.169,-57.504,15.963,71.309,-2.204,229
34,19,0,0,0,4,3,28868,-40.229,-58.686,34.131,71.151,-2.172,229
34,19,0,0,0,4,4,28884,-42.380,-57.375,34.668,71.330,-2.207,229
34,19,0,0,0,4,5,28902,-41.419,-60.497,35.245,73.318,-2.171,230
34,19,0,0,0,4,6,28869,-42.044,-57.580,64.226,71.296,-2.202,229
34,19,0,0,0,4,7,28878,-40.109,-58.759,67.767,71.143,-2.170,229
34,19,0,0,0,4,8,28912,-41.257,-60.557,69.594,73.275,-2.169,230
34,19,0,0,0,4,9,29887,-41.532,-60.983,70.038,73.783,-2.169,262
34,19,0,0,0,4,10,29881,-41.772,-58.325,80.412,71.741,-2.192,261
34,19,0,0,0,4,11,29871,-42.638,-57.798,83.551,71.823,-2.206,261
34,19,0,0,0,4,12,29873,-41.825,-58.293,122.441,71.746,-2.193,261
34,19,0,0,0,4,13,29866,-41.742,-58.344,136.254,71.738,-2.192,261
34,19,0,0,0,4,14,30583,-41.340,-58.009,162.550,71.232,-2.190,293
34,19,0,0,0,4,15,31830,-41.509,-58.486,365.884,71.719,-2.188,389
34,19,0,0,0,6,0,34935,-66.943,-94.259,-61.692,115.612,-2.188,320
34,19,0,0,0,6,1,34948,-65.473,-97.207,-60.746,117.200,-2.164,321
34,19,0,0,0,6,2,34944,-64.565,-95.635,-59.840,115.389,-2.165,320
34,19,0,0,0,6,3,34945,-66.751,-94.370,-39.144,115.591,-2.186,320
34,19,0,0,0,6,4,35772,-67.081,-93.607,3.488,115.161,-2.193,372
34,19,0,0,0,6,5,35783,-65.303,-96.741,36.121,116.719,-2.165,373
34,19,0,0,0,6,6,35768,-67.667,-93.268,56.660,115.229,-2.198,372
34,19,0,0,0,6,7,36465,-65.218,-97.315,81.223,117.148,-2.161,425
34,19,0,0,0,6,8,36452,-64.781,-95.510,131.160,115.407,-2.167,424
34,19,0,0,0,6,9,36463,-65.713,-97.104,133.306,117.249,-2.166,425
34,19,0,0,0,6,10,36460,-65.233,-97.309,136.922,117.151,-2.161,425
34,19,0,0,0,6,11,37078,-64.998,-96.871,199.217,116.657,-2.162,477
34,19,0,0,0,6,12,37945,-65.671,-94.423,285.792,115.015,-2.178,580
34,19,0,0,0,6,13,38273,-68.196,-93.534,353.466,115.755,-2.201,632
34,19,0,0,0,6,14,38271,-68.382,-93.427,359.659,115.778,-2.203,632
34,19,0,0,0,6,15,38278,-65.368,-97.252,385.533,117.178,-2.163,633
34,19,0,0,0,8,0,42953,-97.778,-142.461,190.667,172.788,-2.172,715
34,19,0,0,0,8,1,43400,-99.544,-139.876,214.871,171.681,-2.189,792
34,19,0,0,0,8,2,43397,-99.707,-139.786,245.973,171.702,-2.190,792
34,19,0,0,0,8,3,43784,-100.601,-138.727,288.266,171.364,-2.198,870
34,19,0,0,0,8,4,43783,-99.424,-139.377,300.360,171.205,-2.190,870
34,19,0,0,0,8,5,43786,-101.919,-137.999,310.064,171.555,-2.207,870
34,19,0,0,0,8,6,43787,-100.668,-138.690,326.002,171.374,-2.199,870
34,19,0,0,0,8,7,43788,-100.022,-139.046,327.472,171.284,-2.194,870
34,19,0,0,0,8,8,43785,-96.108,-141.207,349.354,170.810,-2.168,870
34,19,0,0,0,8,9,44078,-97.460,-141.026,385.759,171.426,-2.176,948
34,19,0,0,0,8,10,44084,-96.341,-141.644,386.199,171.303,-2.168,948
34,19,0,0,0,8,11,44086,-98.879,-142.508,390.338,173.452,-2.177,949
34,19,0,0,0,8,12,44087,-97.689,-143.045,390.597,173.220,-2.170,949
34,19,0,0,0,8,13,44083,-99.807,-139.731,405.130,171.715,-2.191,948
34,19,0,0,0,8,14,44436,-100.538,-138.762,436.477,171.356,-2.198,1026
34,19,0,0,0,8,15,44438,-99.839,-139.147,449.004,171.259,-2.193,1026
35,20,0,0,0,2,0,21006,-17.321,-26.553,3.328,31.703,-2.149,115
35,20,0,0,0,2,1,21007,-17.120,-26.649,40.343,31.675,-2.142,115
35,20,0,0,0,2,2,21070,-17.237,-26.593,61.108,31.691,-2.146,115
35,20,0,0,0,2,3,22922,-16.828,-27.340,100.092,32.104,-2.123,131
35,20,0,0,0,2,4,22893,-17.545,-26.994,104.425,32.195,-2.147,131
35,20,0,0,0,2,5,22881,-17.083,-27.217,127.422,32.134,-2.131,131
35,20,0,0,0,2,6,22885,-16.930,-27.291,135.567,32.115,-2.126,131
35,20,0,0,0,2,7,23765,-16.355,-27.018,155.033,31.583,-2.115,147
35,20,0,0,0,2,8,23777,-17.242,-26.591,174.074,31.691,-2.146,147
35,20,0,0,0,2,9,23792,-16.612,-26.894,191.366,31.611,-2.124,147
35,20,0,0,0,2,10,23783,-16.265,-27.061,201.389,31.573,-2.112,147
35,20,0,0,0,2,11,24375,-17.067,-27.225,238.031,32.132,-2.131,163
35,20,0,0,0,2,12,24365,-17.095,-27.211,279.596,32.135,-2.132,163
35,20,0,0,0,2,13,24377,-17.907,-26.820,280.012,32.248,-2.159,163
35,20,0,0,0,2,14,24757,-16.803,-26.802,282.191,31.634,-2.131,179
35,20,0,0,0,2,15,24760,-16.595,-26.902,313.616,31.609,-2.124,179
35,20,0,0,0,4,0,29886,-40.898,-61.215,89.501,73.621,-2.160,262
35,20,0,0,0,4,1,29898,-38.737,-62.006,104.487,73.112,-2.129,262
35,20,0,0,0,4,2,30599,-37.351,-61.986,158.450,72.370,-2.113,294
35,20,0,0,0,4,3,30590,-38.904,-59.493,203.308,71.084,-2.150,293
35,20,0,0,0,4,4,30594,-39.853,-61.071,208.678,72.924,-2.149,294
35,20,0,0,0,4,5,31116,-38.669,-60.216,226.328,71.563,-2.142,325
35,20,0,0,0,4,6,31113,-38.978,-60.028,231.358,71.572,-2.147,325
35,20,0,0,0,4,7,31123,-39.602,-61.690,231.722,73.307,-2.141,326
35,20,0,0,0,4,8,31129,-39.897,-61.582,237.427,73.376,-2.146,326
35,20,0,0,0,4,9,31131,-39.616,-61.685,238.214,73.310,-2.142,326
35,20,0,0,0,4,10,31126,-38.661,-62.034,239.922,73.095,-2.128,326
35,20,0,0,0,4,11,31128,-39.793,-61.620,275.039,73.352,-2.144,326
35,20,0,0,0,4,12,31517,-37.791,-61.825,289.515,72.461,-2.119,358
35,20,0,0,0,4,13,31497,-39.001,-59.434,322.570,71.088,-2.152,357
35,20,0,0,0,4,14,31505,-39.096,-61.348,325.408,72.746,-2.138,358
35,20,0,0,0,4,15,31510,-39.970,-61.028,331.184,72.952,-2.151,358
35,20,0,0,0,6,0,35776,-61.455,-98.385,53.604,116.001,-2.129,373
35,20,0,0,0,6,1,35781,-64.738,-96.982,57.464,116.604,-2.159,373
35,20,0,0,0,6,2,36464,-63.032,-98.249,69.385,116.730,-2.141,425
35,20,0,0,0,6,3,35782,-62.974,-97.736,69.397,116.267,-2.143,373
35,20,0,0,0,6,4,36462,-63.984,-97.842,107.304,116.907,-2.150,425
35,20,0,0,0,6,5,37081,-64.473,-97.095,166.696,116.552,-2.157,477
35,20,0,0,0,6,6,37080,-61.225,-98.483,206.962,115.963,-2.127,477
35,20,0,0,0,6,7,37564,-63.714,-97.958,225.244,116.856,-2.147,529
35,20,0,0,0,6,8,37556,-64.122,-97.784,241.584,116.933,-2.151,529
35,20,0,0,0,6,9,37558,-60.111,-99.497,260.416,116.246,-2.114,529
35,20,0,0,0,6,10,37554,-64.846,-97.474,261.866,117.074,-2.158,529
35,20,0,0,0,6,11,37553,-61.399,-98.947,262.171,116.449,-2.126,529
35,20,0,0,0,6,12,37561,-63.671,-97.977,265.041,116.848,-2.147,529
35,20,0,0,0,6,13,37947,-61.586,-98.329,334.665,116.023,-2.130,581
35,20,0,0,0,6,14,38277,-64.108,-97.790,381.597,116.930,-2.151,633
35,20,0,0,0,6,15,38276,-60.696,-99.247,382.214,116.336,-2.120,633
35,20,0,0,0,8,0,41258,-90.616,-146.236,-42.124,172.036,-2.126,481
35,20,0,0,0,8,1,41254,-94.347,-144.553,-6.678,172.618,-2.149,481
35,20,0,0,0,8,2,42439,-93.103,-145.114,76.447,172.413,-2.141,637
35,20,0,0,0,8,3,42433,-95.851,-143.874,85.782,172.879,-2.158,637
35,20,0,0,0,8,4,42438,-93.681,-144.853,86.059,172.507,-2.145,637
35,20,0,0,0,8,5,42432,-91.104,-146.016,99.944,172.107,-2.129,637
35,20,0,0,0,8,6,42946,-90.575,-145.712,154.469,171.569,-2.127,715
35,20,0,0,0,8,7,42949,-90.445,-145.770,158.298,171.550,-2.126,715
35,20,0,0,0,8,8,42947,-95.219,-143.616,196.443,172.314,-2.156,715
35,20,0,0,0,8,9,42951,-91.538,-145.277,196.938,171.711,-2.133,715
35,20,0,0,0,8,10,43405,-92.403,-145.430,254.806,172.302,-2.137,793
35,20,0,0,0,8,11,44085,-90.099,-146.470,360.930,171.963,-2.122,949
35,20,0,0,0,8,12,44089,-95.083,-144.221,400.459,172.744,-2.154,949
35,20,0,0,0,8,13,44090,-95.080,-144.222,400.461,172.743,-2.154,949
35,20,0,0,0,8,14,44088,-91.006,-146.060,412.500,172.092,-2.128,949
35,20,0,0,0,8,15,44440,-89.679,-146.116,443.699,171.441,-2.121,1027
36,21,0,0,0,2,0,21064,-14.992,-27.675,66.845,31.475,-2.067,115
36,21,0,0,0,2,1,22883,-15.695,-27.886,102.673,31.999,-2.083,131
36,21,0,0,0,2,2,22884,-16.275,-27.606,107.683,32.047,-2.103,131
36,21,0,0,0,2,3,22914,-15.647,-27.909,108.433,31.996,-2.082,131
36,21,0,0,0,2,4,22927,-16.007,-27.735,108.487,32.023,-2.094,131
36,21,0,0,0,2,5,22903,-15.143,-28.152,119.858,31.966,-2.064,131
36,21,0,0,0,2,6,22933,-15.938,-27.768,125.635,32.017,-2.092,131
36,21,0,0,0,2,7,22897,-16.016,-27.731,139.232,32.024,-2.095,131
36,21,0,0,0,2,8,22902,-16.414,-27.539,140.392,32.060,-2.108,131
36,21,0,0,0,2,9,23804,-15.669,-27.349,169.329,31.519,-2.091,147
36,21,0,0,0,2,10,23773,-15.553,-27.405,184.668,31.510,-2.087,147
36,21,0,0,0,2,11,23791,-14.853,-27.742,188.323,31.468,-2.062,147
36,21,0,0,0,2,12,24379,-16.373,-27.559,219.888,32.056,-2.107,163
36,21,0,0,0,2,13,24369,-16.242,-27.622,259.797,32.043,-2.102,163
36,21,0,0,0,2,14,24756,-15.985,-27.196,304.469,31.546,-2.102,179
36,21,0,0,0,2,15,24761,-15.710,-27.329,304.520,31.523,-2.093,179
36,21,0,0,0,4,0,28913,-34.805,-62.918,63.388,71.903,-2.076,230
36,21,0,0,0,4,1,29897,-36.625,-62.779,92.659,72.682,-2.099,262
36,21,0,0,0,4,2,29888,-34.368,-63.605,105.279,72.297,-2.066,262
36,21,0,0,0,4,3,29899,-34.589,-63.524,128.325,72.331,-2.069,262
36,21,0,0,0,4,4,30602,-34.963,-62.860,144.801,71.930,-2.078,294
36,21,0,0,0,4,5,30595,-37.128,-62.068,159.323,72.325,-2.110,294
36,21,0,0,0,4,6,30603,-34.590,-62.997,159.633,71.869,-2.073,294
36,21,0,0,0,4,7,30600,-35.606,-62.625,161.946,72.040,-2.088,294
36,21,0,0,0,4,8,30606,-34.683,-62.963,166.311,71.883,-2.074,294
36,21,0,0,0,4,9,31124,-35.033,-63.362,238.898,72.402,-2.076,326
36,21,0,0,0,4,10,31130,-34.362,-63.608,246.222,72.296,-2.066,326
36,21,0,0,0,4,11,31503,-34.417,-63.060,287.251,71.841,-2.070,358
36,21,0,0,0,4,12,31502,-34.636,-62.980,301.951,71.876,-2.074,358
36,21,0,0,0,4,13,31516,-36.384,-62.340,305.588,72.181,-2.099,358
36,21,0,0,0,4,14,31509,-36.873,-62.161,314.561,72.275,-2.106,358
36,21,0,0,0,4,15,31506,-35.360,-62.715,314.819,71.997,-2.084,358
36,21,0,0,0,6,0,34946,-55.273,-101.564,-32.945,115.630,-2.069,321
36,21,0,0,0,6,1,34953,-55.524,-101.457,-10.202,115.656,-2.072,321
36,21,0,0,0,6,2,34949,-56.476,-101.050,-9.460,115.761,-2.080,321
36,21,0,0,0,6,3,35774,-57.685,-99.995,2.127,115.441,-2.094,373
36,21,0,0,0,6,4,35784,-55.786,-100.806,56.797,115.213,-2.076,373
36,21,0,0,0,6,5,35780,-58.189,-99.780,65.540,115.508,-2.099,373
36,21,0,0,0,6,6,36459,-57.285,-100.704,86.192,115.857,-2.088,425
36,21,0,0,0,6,7,36466,-57.639,-100.553,90.306,115.902,-2.091,425
36,21,0,0,0,6,8,36457,-58.870,-100.027,125.273,116.065,-2.103,425
36,21,0,0,0,6,9,36458,-54.971,-101.693,137.126,115.599,-2.066,425
36,21,0,0,0,6,10,37079,-56.061,-100.689,151.563,115.244,-2.079,477
36,21,0,0,0,6,11,37077,-57.939,-99.887,169.547,115.474,-2.096,477
36,21,0,0,0,6,12,37560,-55.443,-101.492,242.132,115.648,-2.071,529
36,21,0,0,0,6,13,37557,-59.678,-99.682,268.865,116.181,-2.110,529
36,21,0,0,0,6,14,37559,-57.432,-100.642,277.722,115.876,-2.089,529
36,21,0,0,0,6,15,38561,-56.124,-100.662,437.191,115.251,-2.079,685
36,21,0,0,0,8,0,42435,-85.527,-148.532,71.724,171.396,-2.093,637
36,21,0,0,0,8,1,42446,-86.884,-150.076,72.567,173.412,-2.096,638
36,21,0,0,0,8,2,42436,-87.561,-147.615,135.220,171.631,-2.106,637
36,21,0,0,0,8,3,42950,-87.414,-147.138,185.567,171.145,-2.107,715
36,21,0,0,0,8,4,42952,-87.569,-147.068,201.431,171.165,-2.108,715
36,21,0,0,0,8,5,43408,-83.194,-151.395,251.447,172.748,-2.073,794
36,21,0,0,0,8,6,43791,-81.108,-151.615,317.474,171.947,-2.062,872
36,21,0,0,0,8,7,43794,-82.207,-151.223,321.029,172.123,-2.069,872
36,21,0,0,0,8,8,43789,-85.466,-148.017,332.308,170.919,-2.094,871
36,21,0,0,0,8,9,43795,-86.132,-149.819,336.084,172.813,-2.093,872
36,21,0,0,0,8,10,44091,-85.368,-148.604,388.037,171.379,-2.092,949
36,21,0,0,0,8,11,44097,-86.021,-150.385,392.260,173.249,-2.090,950
36,21,0,0,0,8,12,44092,-85.370,-148.603,393.281,171.380,-2.092,949
36,21,0,0,0,8,13,44094,-85.031,-150.739,394.004,173.068,-2.084,950
36,21,0,0,0,8,14,44098,-85.032,-150.738,394.014,173.067,-2.084,950
36,21,0,0,0,8,15,44443,-82.501,-151.117,435.881,172.171,-2.071,1028
37,22,0,0,1,2,0,22901,-14.441,-28.490,102.207,31.941,-2.040,131
37,22,0,0,1,2,1,22907,-14.351,-28.533,113.254,31.939,-2.037,131
37,22,0,0,1,2,2,22930,-14.123,-28.643,114.147,31.936,-2.029,131
37,22,0,0,1,2,3,22924,-14.179,-28.616,123.459,31.936,-2.031,131
37,22,0,0,1,2,4,22909,-14.134,-28.638,129.487,31.936,-2.029,131
37,22,0,0,1,2,5,22888,-14.588,-28.419,132.258,31.945,-2.045,131
37,22,0,0,1,2,6,23781,-14.623,-27.852,140.646,31.458,-2.054,147
37,22,0,0,1,2,7,23778,-14.132,-28.089,152.799,31.444,-2.037,147
37,22,0,0,1,2,8,23770,-13.853,-28.224,152.807,31.440,-2.027,147
37,22,0,0,1,2,9,23764,-14.142,-28.084,170.892,31.444,-2.037,147
37,22,0,0,1,2,10,23780,-14.132,-28.089,172.369,31.444,-2.037,147
37,22,0,0,1,2,11,24386,-14.178,-28.617,231.097,31.936,-2.031,163
37,22,0,0,1,2,12,24367,-14.993,-28.224,248.066,31.959,-2.059,163
37,22,0,0,1,2,13,24371,-14.652,-28.388,250.034,31.947,-2.047,163
37,22,0,0,1,2,14,24381,-14.561,-28.432,263.568,31.944,-2.044,163
37,22,0,0,1,2,15,24372,-14.852,-28.292,271.750,31.953,-2.054,163
37,22,0,0,1,4,0,29900,-33.398,-63.961,80.310,72.155,-2.052,262
37,22,0,0,1,4,1,29891,-32.920,-64.135,132.196,72.091,-2.045,262
37,22,0,0,1,4,2,30593,-31.693,-64.057,149.280,71.469,-2.030,294
37,22,0,0,1,4,3,30592,-32.391,-63.802,163.532,71.553,-2.041,294
37,22,0,0,1,4,4,30601,-33.618,-63.353,171.719,71.720,-2.059,294
37,22,0,0,1,4,5,30596,-31.818,-64.011,177.525,71.483,-2.032,294
37,22,0,0,1,4,6,31117,-31.655,-64.599,222.559,71.938,-2.026,326
37,22,0,0,1,4,7,31118,-31.537,-64.642,232.250,71.924,-2.025,326
37,22,0,0,1,4,8,31119,-33.182,-64.040,242.557,72.126,-2.049,326
37,22,0,0,1,4,9,31125,-31.371,-64.703,259.285,71.907,-2.022,326
37,22,0,0,1,4,10,31122,-31.108,-64.799,270.113,71.879,-2.018,326
37,22,0,0,1,4,11,31121,-32.257,-64.378,272.519,72.007,-2.035,326
37,22,0,0,1,4,12,31120,-32.730,-64.205,280.445,72.066,-2.042,326
37,22,0,0,1,4,13,31508,-33.061,-63.557,281.048,71.641,-2.050,358
37,22,0,0,1,4,14,31513,-32.360,-63.813,299.442,71.549,-2.040,358
37,22,0,0,1,4,15,31515,-33.672,-63.333,342.235,71.728,-2.059,358
37,22,0,0,1,6,0,36467,-53.184,-102.456,103.979,115.437,-2.050,425
37,22,0,0,1,6,1,36477,-54.002,-104.179,104.516,117.343,-2.049,426
37,22,0,0,1,6,2,36469,-54.367,-104.073,105.858,117.418,-2.052,426
37,22,0,0,1,6,3,37085,-52.392,-104.132,162.259,116.569,-2.037,478
37,22,0,0,1,6,4,37555,-53.782,-102.201,214.098,115.488,-2.055,529
37,22,0,0,1,6,5,37570,-54.773,-103.955,217.914,117.502,-2.056,530
37,22,0,0,1,6,6,37565,-50.273,-105.264,228.887,116.653,-2.016,530
37,22,0,0,1,6,7,37567,-52.974,-104.478,249.592,117.141,-2.040,530
37,22,0,0,1,6,8,37563,-54.061,-102.082,250.946,115.513,-2.058,529
37,22,0,0,1,6,9,37562,-54.230,-102.009,263.122,115.528,-2.059,529
37,22,0,0,1,6,10,37566,-55.300,-103.802,267.843,117.614,-2.060,530
37,22,0,0,1,6,11,37950,-50.631,-104.644,296.422,116.249,-2.021,582
37,22,0,0,1,6,12,38279,-53.011,-102.530,356.527,115.423,-2.048,633
37,22,0,0,1,6,13,38282,-53.993,-104.182,362.442,117.342,-2.049,634
37,22,0,0,1,6,14,38274,-53.806,-102.191,377.787,115.491,-2.055,633
37,22,0,0,1,6,15,38285,-54.637,-103.995,384.160,117.474,-2.055,634
37,22,0,0,1,8,0,42956,-78.630,-152.501,172.549,171.579,-2.047,716
37,22,0,0,1,8,1,42955,-78.061,-152.705,200.678,171.500,-2.043,716
37,22,0,0,1,8,2,43406,-75.606,-154.108,223.577,171.655,-2.027,794
37,22,0,0,1,8,3,43407,-80.051,-152.519,230.209,172.250,-2.054,794
37,22,0,0,1,8,4,43414,-74.418,-156.610,238.795,173.392,-2.014,795
37,22,0,0,1,8,5,43793,-73.938,-154.179,297.974,170.991,-2.018,872
37,22,0,0,1,8,6,43796,-78.250,-152.637,338.586,171.526,-2.045,872
37,22,0,0,1,8,7,43797,-76.655,-153.207,346.053,171.314,-2.035,872
37,22,0,0,1,8,8,43790,-73.828,-154.218,349.882,170.979,-2.017,872
37,22,0,0,1,8,9,44093,-74.142,-154.631,350.944,171.487,-2.018,950
37,22,0,0,1,8,10,44101,-75.457,-156.330,355.317,173.588,-2.020,951
37,22,0,0,1,8,11,44095,-76.023,-153.959,359.046,171.706,-2.029,950
37,22,0,0,1,8,12,44096,-73.482,-154.867,416.510,171.416,-2.014,950
37,22,0,0,1,8,13,44447,-74.123,-156.176,420.073,172.873,-2.014,1029
37,22,0,0,1,8,14,44442,-76.169,-153.381,452.677,171.252,-2.032,1028
37,22,0,0,1,8,15,44441,-77.320,-152.970,456.097,171.401,-2.039,1028
38,22,0,1,1,2,0,22901,-14.441,-28.490,102.207,31.941,-2.040,131
38,22,0,1,1,2,1,22907,-14.351,-28.533,113.254,31.939,-2.037,131
38,22,0,1,1,2,2,22930,-14.123,-28.643,114.147,31.936,-2.029,131
38,22,0,1,1,2,3,22924,-14.179,-28.616,123.459,31.936,-2.031,131
38,22,0,1,1,2,4,22909,-14.134,-28.638,129.487,31.936,-2.029,131
38,22,0,1,1,2,5,22888,-14.588,-28.419,132.258,31.945,-2.045,131
38,22,0,1,1,2,6,23781,-14.623,-27.852,140.646,31.458,-2.054,147
38,22,0,1,1,2,7,23778,-14.132,-28.089,152.799,31.444,-2.037,147
38,22,0,1,1,2,8,23770,-13.853,-28.224,152.807,31.440,-2.027,147
38,22,0,1,1,2,9,23764,-14.142,-28.084,170.892,31.444,-2.037,147
38,22,0,1,1,2,10,23780,-14.132,-28.089,172.369,31.444,-2.037,147
38,22,0,1,1,2,11,24386,-14.178,-28.617,231.097,31.936,-2.031,163
38,22,0,1,1,2,12,24367,-14.993,-28.224,248.066,31.959,-2.059,163
38,22,0,1,1,2,13,24371,-14.652,-28.388,250.034,31.947,-2.047,163
38,22,0,1,1,2,14,24381,-14.561,-28.432,263.568,31.944,-2.044,163
38,22,0,1,1,2,15,24372,-14.852,-28.292,271.750,31.953,-2.054,163
38,22,0,1,1,4,0,27744,-33.041,-64.091,-7.007,72.107,-2.047,198
38,22,0,1,1,4,1,28892,-32.672,-63.699,8.125,71.589,-2.045,230
38,22,0,1,1,4,2,28898,-33.568,-63.371,15.654,71.713,-2.058,230
38,22,0,1,1,4,3,28911,-31.361,-64.179,17.958,71.431,-2.025,230
38,22,0,1,1,4,4,28904,-31.059,-64.289,21.314,71.399,-2.021,230
38,22,0,1,1,4,5,28919,-32.989,-63.583,27.353,71.632,-2.049,230
38,22,0,1,1,4,6,29900,-33.398,-63.961,80.310,72.155,-2.052,262
38,22,0,1,1,4,7,29891,-32.920,-64.135,132.196,72.091,-2.045,262
38,22,0,1,1,4,8,30593,-31.693,-64.057,149.280,71.469,-2.030,294
38,22,0,1,1,4,9,30592,-32.391,-63.802,163.532,71.553,-2.041,294
38,22,0,1,1,4,10,30601,-33.618,-63.353,171.719,71.720,-2.059,294
38,22,0,1,1,4,11,30596,-31.818,-64.011,177.525,71.483,-2.032,294
38,22,0,1,1,4,12,31117,-31.655,-64.599,222.559,71.938,-2.026,326
38,22,0,1,1,4,13,31118,-31.537,-64.642,232.250,71.924,-2.025,326
38,22,0,1,1,4,14,31119,-33.182,-64.040,242.557,72.126,-2.049,326
38,22,0,1,1,4,15,31125,-31.371,-64.703,259.285,71.907,-2.022,326
38,22,0,1,1,6,0,34973,-51.906,-104.789,-9.150,116.940,-2.031,322
38,22,0,1,1,6,1,34963,-52.453,-104.630,0.577,117.041,-2.035,322
38,22,0,1,1,6,2,35796,-52.160,-104.199,17.565,116.525,-2.035,374
38,22,0,1,1,6,3,35777,-52.326,-102.285,20.877,114.892,-2.044,373
38,22,0,1,1,6,4,35794,-53.090,-103.929,21.090,116.704,-2.043,374
38,22,0,1,1,6,5,35778,-53.952,-101.590,25.919,115.028,-2.059,373
38,22,0,1,1,6,6,35798,-55.091,-103.347,26.302,117.114,-2.061,374
38,22,0,1,1,6,7,35792,-54.147,-103.622,29.049,116.916,-2.052,374
38,22,0,1,1,6,8,35788,-51.582,-104.367,48.794,116.418,-2.030,374
38,22,0,1,1,6,9,35787,-51.291,-104.452,63.043,116.366,-2.027,374
38,22,0,1,1,6,10,36461,-53.250,-102.428,102.792,115.443,-2.050,425
38,22,0,1,1,6,11,36467,-53.184,-102.456,103.979,115.437,-2.050,425
38,22,0,1,1,6,12,36477,-54.002,-104.179,104.516,117.343,-2.049,426
38,22,0,1,1,6,13,36469,-54.367,-104.073,105.858,117.418,-2.052,426
38,22,0,1,1,6,14,37085,-52.392,-104.132,162.259,116.569,-2.037,478
38,22,0,1,1,6,15,37555,-53.782,-102.201,214.098,115.488,-2.055,529
38,22,0,1,1,8,0,41894,-75.916,-153.471,19.503,171.221,-2.030,560
38,22,0,1,1,8,1,41895,-75.235,-153.715,27.576,171.139,-2.026,560
38,22,0,1,1,8,2,41893,-74.656,-153.922,29.022,171.071,-2.022,560
38,22,0,1,1,8,3,42444,-73.322,-154.924,71.559,171.399,-2.013,638
38,22,0,1,1,8,4,42442,-73.459,-154.875,84.344,171.413,-2.014,638
38,22,0,1,1,8,5,42456,-74.516,-156.583,85.314,173.410,-2.015,639
38,22,0,1,1,8,6,42445,-80.871,-152.226,110.957,172.374,-2.059,638
38,22,0,1,1,8,7,42440,-80.485,-152.364,113.643,172.315,-2.057,638
38,22,0,1,1,8,8,42447,-73.731,-154.778,114.140,171.442,-2.015,638
38,22,0,1,1,8,9,42449,-74.991,-156.456,115.519,173.500,-2.018,639
38,22,0,1,1,8,10,42455,-74.303,-156.641,119.054,173.370,-2.014,639
38,22,0,1,1,8,11,42441,-75.916,-153.997,126.358,171.692,-2.029,638
38,22,0,1,1,8,12,42954,-73.450,-154.353,153.064,170.938,-2.015,716
38,22,0,1,1,8,13,42959,-74.079,-156.188,154.811,172.865,-2.014,717
38,22,0,1,1,8,14,42957,-80.291,-151.907,164.952,171.821,-2.057,716
38,22,0,1,1,8,15,42956,-78.630,-152.501,172.549,171.579,-2.047,716
39,22,1,0,1,2,0,21034,-14.581,-27.873,14.259,31.456,-2.053,115
39,22,1,0,1,2,1,21059,-13.518,-28.385,24.611,31.440,-2.015,115
39,22,1,0,1,2,2,21008,-13.541,-28.374,36.706,31.440,-2.016,115
39,22,1,0,1,2,3,21012,-14.071,-28.119,38.322,31.443,-2.035,115
39,22,1,0,1,2,4,21036,-14.225,-28.045,44.383,31.446,-2.040,115
39,22,1,0,1,2,5,21030,-14.080,-28.114,55.595,31.443,-2.035,115
39,22,1,0,1,2,6,21002,-14.100,-28.105,68.057,31.443,-2.036,115
39,22,1,0,1,2,7,22917,-14.340,-28.539,69.262,31.939,-2.036,131
39,22,1,0,1,2,8,21019,-14.525,-27.900,70.550,31.454,-2.051,115
39,22,1,0,1,2,9,22925,-14.767,-28.333,71.664,31.950,-2.051,131
39,22,1,0,1,2,10,22931,-14.427,-28.497,73.915,31.941,-2.039,131
39,22,1,0,1,2,11,22929,-13.943,-28.730,74.244,31.935,-2.023,131
39,22,1,0,1,2,12,22887,-14.169,-28.621,76.851,31.936,-2.030,131
39,22,1,0,1,2,13,22900,-14.996,-28.223,78.372,31.959,-2.059,131
39,22,1,0,1,2,14,22899,-14.922,-28.258,78.486,31.956,-2.057,131
39,22,1,0,1,2,15,22901,-14.441,-28.490,102.207,31.941,-2.040,131
39,22,1,0,1,4,0,27757,-33.532,-63.912,-21.206,72.174,-2.054,198
39,22,1,0,1,4,1,27755,-31.907,-64.506,-20.794,71.966,-2.030,198
39,22,1,0,1,4,2,27765,-32.328,-64.352,-13.247,72.016,-2.036,198
39,22,1,0,1,4,3,27744,-33.041,-64.091,-7.007,72.107,-2.047,198
39,22,1,0,1,4,4,28892,-32.672,-63.699,8.125,71.589,-2.045,230
39,22,1,0,1,4,5,28898,-33.568,-63.371,15.654,71.713,-2.058,230
39,22,1,0,1,4,6,28911,-31.361,-64.179,17.958,71.431,-2.025,230
39,22,1,0,1,4,7,28904,-31.059,-64.289,21.314,71.399,-2.021,230
39,22,1,0,1,4,8,28919,-32.989,-63.583,27.353,71.632,-2.049,230
39,22,1,0,1,4,9,29900,-33.398,-63.961,80.310,72.155,-2.052,262
39,22,1,0,1,4,10,29891,-32.920,-64.135,132.196,72.091,-2.045,262
39,22,1,0,1,4,11,30593,-31.693,-64.057,149.280,71.469,-2.030,294
39,22,1,0,1,4,12,30592,-32.391,-63.802,163.532,71.553,-2.041,294
39,22,1,0,1,4,13,30601,-33.618,-63.353,171.719,71.720,-2.059,294
39,22,1,0,1,4,14,30596,-31.818,-64.011,177.525,71.483,-2.032,294
39,22,1,0,1,4,15,31117,-31.655,-64.599,222.559,71.938,-2.026,326
39,22,1,0,1,6,0,35788,-51.582,-104.367,48.794,116.418,-2.030,374
39,22,1,0,1,6,1,35787,-51.291,-104.452,63.043,116.366,-2.027,374
39,22,1,0,1,6,2,36461,-53.250,-102.428,102.792,115.443,-2.050,425
39,22,1,0,1,6,3,36467,-53.184,-102.456,103.979,115.437,-2.050,425
39,22,1,0,1,6,4,36477,-54.002,-104.179,104.516,117.343,-2.049,426
39,22,1,0,1,6,5,36469,-54.367,-104.073,105.858,117.418,-2.052,426
39,22,1,0,1,6,6,37085,-52.392,-104.132,162.259,116.569,-2.037,478
39,22,1,0,1,6,7,37555,-53.782,-102.201,214.098,115.488,-2.055,529
39,22,1,0,1,6,8,37570,-54.773,-103.955,217.914,117.502,-2.056,530
39,22,1,0,1,6,9,37565,-50.273,-105.264,228.887,116.653,-2.016,530
39,22,1,0,1,6,10,37567,-52.974,-104.478,249.592,117.141,-2.040,530
39,22,1,0,1,6,11,37563,-54.061,-102.082,250.946,115.513,-2.058,529
39,22,1,0,1,6,12,37562,-54.230,-102.009,263.122,115.528,-2.059,529
39,22,1,0,1,6,13,37566,-55.300,-103.802,267.843,117.614,-2.060,530
39,22,1,0,1,6,14,37950,-50.631,-104.644,296.422,116.249,-2.021,582
39,22,1,0,1,6,15,38279,-53.011,-102.530,356.527,115.423,-2.048,633
39,22,1,0,1,8,0,42956,-78.630,-152.501,172.549,171.579,-2.047,716
39,22,1,0,1,8,1,42955,-78.061,-152.705,200.678,171.500,-2.043,716
39,22,1,0,1,8,2,43406,-75.606,-154.108,223.577,171.655,-2.027,794
39,22,1,0,1,8,3,43407,-80.051,-152.519,230.209,172.250,-2.054,794
39,22,1,0,1,8,4,43414,-74.418,-156.610,238.795,173.392,-2.014,795
39,22,1,0,1,8,5,43793,-73.938,-154.179,297.974,170.991,-2.018,872
39,22,1,0,1,8,6,43796,-78.250,-152.637,338.586,171.526,-2.045,872
39,22,1,0,1,8,7,43797,-76.655,-153.207,346.053,171.314,-2.035,872
39,22,1,0,1,8,8,43790,-73.828,-154.218,349.882,170.979,-2.017,872
39,22,1,0,1,8,9,44093,-74.142,-154.631,350.944,171.487,-2.018,950
39,22,1,0,1,8,10,44101,-75.457,-156.330,355.317,173.588,-2.020,951
39,22,1,0,1,8,11,44095,-76.023,-153.959,359.046,171.706,-2.029,950
39,22,1,0,1,8,12,44096,-73.482,-154.867,416.510,171.416,-2.014,950
39,22,1,0,1,8,13,44447,-74.123,-156.176,420.073,172.873,-2.014,1029
39,22,1,0,1,8,14,44442,-76.169,-153.381,452.677,171.252,-2.032,1028
39,22,1,0,1,8,15,44441,-77.320,-152.970,456.097,171.401,-2.039,1028
40,22,1,1,1,2,0,21034,-14.581,-27.873,14.259,31.456,-2.053,115
40,22,1,1,1,2,1,21059,-13.518,-28.385,24.611,31.440,-2.015,115
40,22,1,1,1,2,2,21008,-13.541,-28.374,36.706,31.440,-2.016,115
40,22,1,1,1,2,3,21012,-14.071,-28.119,38.322,31.443,-2.035,115
40,22,1,1,1,2,4,21036,-14.225,-28.045,44.383,31.446,-2.040,115
40,22,1,1,1,2,5,21030,-14.080,-28.114,55.595,31.443,-2.035,115
40,22,1,1,1,2,6,21002,-14.100,-28.105,68.057,31.443,-2.036,115
40,22,1,1,1,2,7,22917,-14.340,-28.539,69.262,31.939,-2.036,131
40,22,1,1,1,2,8,21019,-14.525,-27.900,70.550,31.454,-2.051,115
40,22,1,1,1,2,9,22925,-14.767,-28.333,71.664,31.950,-2.051,131
40,22,1,1,1,2,10,22931,-14.427,-28.497,73.915,31.941,-2.039,131
40,22,1,1,1,2,11,22929,-13.943,-28.730,74.244,31.935,-2.023,131
40,22,1,1,1,2,12,22887,-14.169,-28.621,76.851,31.936,-2.030,131
40,22,1,1,1,2,13,22900,-14.996,-28.223,78.372,31.959,-2.059,131
40,22,1,1,1,2,14,22899,-14.922,-28.258,78.486,31.956,-2.057,131
40,22,1,1,1,2,15,22901,-14.441,-28.490,102.207,31.941,-2.040,131
40,22,1,1,1,4,0,26888,-31.666,-64.067,-82.397,71.466,-2.030,166
40,22,1,1,1,4,1,27767,-32.915,-64.137,-67.678,72.090,-2.045,198
40,22,1,1,1,4,2,27764,-32.143,-64.420,-50.020,71.994,-2.034,198
40,22,1,1,1,4,3,27737,-31.391,-64.695,-28.877,71.909,-2.023,198
40,22,1,1,1,4,4,27741,-32.680,-64.223,-23.309,72.060,-2.041,198
40,22,1,1,1,4,5,27757,-33.532,-63.912,-21.206,72.174,-2.054,198
40,22,1,1,1,4,6,27755,-31.907,-64.506,-20.794,71.966,-2.030,198
40,22,1,1,1,4,7,27765,-32.328,-64.352,-13.247,72.016,-2.036,198
40,22,1,1,1,4,8,27744,-33.041,-64.091,-7.007,72.107,-2.047,198
40,22,1,1,1,4,9,28892,-32.672,-63.699,8.125,71.589,-2.045,230
40,22,1,1,1,4,10,28898,-33.568,-63.371,15.654,71.713,-2.058,230
40,22,1,1,1,4,11,28911,-31.361,-64.179,17.958,71.431,-2.025,230
40,22,1,1,1,4,12,28904,-31.059,-64.289,21.314,71.399,-2.021,230
40,22,1,1,1,4,13,28919,-32.989,-63.583,27.353,71.632,-2.049,230
40,22,1,1,1,4,14,29900,-33.398,-63.961,80.310,72.155,-2.052,262
40,22,1,1,1,4,15,29891,-32.920,-64.135,132.196,72.091,-2.045,262
40,22,1,1,1,6,0,34965,-52.251,-104.688,-28.953,117.003,-2.034,322
40,22,1,1,1,6,1,34973,-51.906,-104.789,-9.150,116.940,-2.031,322
40,22,1,1,1,6,2,34963,-52.453,-104.630,0.577,117.041,-2.035,322
40,22,1,1,1,6,3,35796,-52.160,-104.199,17.565,116.525,-2.035,374
40,22,1,1,1,6,4,35777,-52.326,-102.285,20.877,114.892,-2.044,373
40,22,1,1,1,6,5,35794,-53.090,-103.929,21.090,116.704,-2.043,374
40,22,1,1,1,6,6,35778,-53.952,-101.590,25.919,115.028,-2.059,373
40,22,1,1,1,6,7,35798,-55.091,-103.347,26.302,117.114,-2.061,374
40,22,1,1,1,6,8,35792,-54.147,-103.622,29.049,116.916,-2.052,374
40,22,1,1,1,6,9,35788,-51.582,-104.367,48.794,116.418,-2.030,374
40,22,1,1,1,6,10,35787,-51.291,-104.452,63.043,116.366,-2.027,374
40,22,1,1,1,6,11,36461,-53.250,-102.428,102.792,115.443,-2.050,425
40,22,1,1,1,6,12,36467,-53.184,-102.456,103.979,115.437,-2.050,425
40,22,1,1,1,6,13,36477,-54.002,-104.179,104.516,117.343,-2.049,426
40,22,1,1,1,6,14,36469,-54.367,-104.073,105.858,117.418,-2.052,426
40,22,1,1,1,6,15,37085,-52.392,-104.132,162.259,116.569,-2.037,478
40,22,1,1,1,8,0,41894,-75.916,-153.471,19.503,171.221,-2.030,560
40,22,1,1,1,8,1,41895,-75.235,-153.715,27.576,171.139,-2.026,560
40,22,1,1,1,8,2,41893,-74.656,-153.922,29.022,171.071,-2.022,560
40,22,1,1,1,8,3,42444,-73.322,-154.924,71.559,171.399,-2.013,638
40,22,1,1,1,8,4,42442,-73.459,-154.875,84.344,171.413,-2.014,638
40,22,1,1,1,8,5,42456,-74.516,-156.583,85.314,173.410,-2.015,639
40,22,1,1,1,8,6,42445,-80.871,-152.226,110.957,172.374,-2.059,638
40,22,1,1,1,8,7,42440,-80.485,-152.364,113.643,172.315,-2.057,638
40,22,1,1,1,8,8,42447,-73.731,-154.778,114.140,171.442,-2.015,638
40,22,1,1,1,8,9,42449,-74.991,-156.456,115.519,173.500,-2.018,639
40,22,1,1,1,8,10,42455,-74.303,-156.641,119.054,173.370,-2.014,639
40,22,1,1,1,8,11,42441,-75.916,-153.997,126.358,171.692,-2.029,638
40,22,1,1,1,8,12,42954,-73.450,-154.353,153.064,170.938,-2.015,716
40,22,1,1,1,8,13,42959,-74.079,-156.188,154.811,172.865,-2.014,717
40,22,1,1,1,8,14,42957,-80.291,-151.907,164.952,171.821,-2.057,716
40,22,1,1,1,8,15,42956,-78.630,-152.501,172.549,171.579,-2.047,716
41,22,2,0,1,2,0,18808,-14.916,-28.261,-49.953,31.956,-2.056,99
41,22,2,0,1,2,1,18852,-14.580,-28.423,-34.832,31.944,-2.045,99
41,22,2,0,1,2,2,18872,-14.706,-28.362,-29.171,31.948,-2.049,99
41,22,2,0,1,2,3,18868,-13.704,-28.845,-28.951,31.935,-2.014,99
41,22,2,0,1,2,4,18911,-14.916,-28.261,-28.751,31.956,-2.056,99
41,22,2,0,1,2,5,18843,-14.987,-28.227,-22.769,31.959,-2.059,99
41,22,2,0,1,2,6,18899,-14.974,-28.233,-19.211,31.958,-2.058,99
41,22,2,0,1,2,7,18835,-14.792,-28.321,-14.166,31.951,-2.052,99
41,22,2,0,1,2,8,18857,-13.661,-28.866,-9.884,31.935,-2.013,99
41,22,2,0,1,2,9,18813,-14.590,-28.418,-8.946,31.945,-2.045,99
41,22,2,0,1,2,10,18841,-14.925,-28.257,-8.235,31.956,-2.057,99
41,22,2,0,1,2,11,18924,-13.800,-28.799,-5.384,31.935,-2.018,99
41,22,2,0,1,2,12,21015,-14.579,-27.874,-0.379,31.456,-2.053,115
41,22,2,0,1,2,13,18923,-14.803,-28.316,-0.276,31.952,-2.053,99
41,22,2,0,1,2,14,21058,-13.502,-28.393,11.841,31.440,-2.015,115
41,22,2,0,1,2,15,21034,-14.581,-27.873,14.259,31.456,-2.053,115
41,22,2,0,1,4,0,27767,-32.915,-64.137,-67.678,72.090,-2.045,198
41,22,2,0,1,4,1,27764,-32.143,-64.420,-50.020,71.994,-2.034,198
41,22,2,0,1,4,2,27737,-31.391,-64.695,-28.877,71.909,-2.023,198
41,22,2,0,1,4,3,27741,-32.680,-64.223,-23.309,72.060,-2.041,198
41,22,2,0,1,4,4,27757,-33.532,-63.912,-21.206,72.174,-2.054,198
41,22,2,0,1,4,5,27755,-31.907,-64.506,-20.794,71.966,-2.030,198
41,22,2,0,1,4,6,27765,-32.328,-64.352,-13.247,72.016,-2.036,198
41,22,2,0,1,4,7,27744,-33.041,-64.091,-7.007,72.107,-2.047,198
41,22,2,0,1,4,8,28892,-32.672,-63.699,8.125,71.589,-2.045,230
41,22,2,0,1,4,9,28898,-33.568,-63.371,15.654,71.713,-2.058,230
41,22,2,0,1,4,10,28911,-31.361,-64.179,17.958,71.431,-2.025,230
41,22,2,0,1,4,11,28904,-31.059,-64.289,21.314,71.399,-2.021,230
41,22,2,0,1,4,12,28919,-32.989,-63.583,27.353,71.632,-2.049,230
41,22,2,0,1,4,13,29900,-33.398,-63.961,80.310,72.155,-2.052,262
41,22,2,0,1,4,14,29891,-32.920,-64.135,132.196,72.091,-2.045,262
41,22,2,0,1,4,15,30593,-31.693,-64.057,149.280,71.469,-2.030,294
41,22,2,0,1,6,0,35792,-54.147,-103.622,29.049,116.916,-2.052,374
41,22,2,0,1,6,1,35788,-51.582,-104.367,48.794,116.418,-2.030,374
41,22,2,0,1,6,2,35787,-51.291,-104.452,63.043,116.366,-2.027,374
41,22,2,0,1,6,3,36461,-53.250,-102.428,102.792,115.443,-2.050,425
41,22,2,0,1,6,4,36467,-53.184,-102.456,103.979,115.437,-2.050,425
41,22,2,0,1,6,5,36477,-54.002,-104.179,104.516,117.343,-2.049,426
41,22,2,0,1,6,6,36469,-54.367,-104.073,105.858,117.418,-2.052,426
41,22,2,0,1,6,7,37085,-52.392,-104.132,162.259,116.569,-2.037,478
41,22,2,0,1,6,8,37555,-53.782,-102.201,214.098,115.488,-2.055,529
41,22,2,0,1,6,9,37570,-54.773,-103.955,217.914,117.502,-2.056,530
41,22,2,0,1,6,10,37565,-50.273,-105.264,228.887,116.653,-2.016,530
41,22,2,0,1,6,11,37567,-52.974,-104.478,249.592,117.141,-2.040,530
41,22,2,0,1,6,12,37563,-54.061,-102.082,250.946,115.513,-2.058,529
41,22,2,0,1,6,13,37562,-54.230,-102.009,263.122,115.528,-2.059,529
41,22,2,0,1,6,14,37566,-55.300,-103.802,267.843,117.614,-2.060,530
41,22,2,0,1,6,15,37950,-50.631,-104.644,296.422,116.249,-2.021,582
41,22,2,0,1,8,0,42956,-78.630,-152.501,172.549,171.579,-2.047,716
41,22,2,0,1,8,1,42955,-78.061,-152.705,200.678,171.500,-2.043,716
41,22,2,0,1,8,2,43406,-75.606,-154.108,223.577,171.655,-2.027,794
41,22,2,0,1,8,3,43407,-80.051,-152.519,230.209,172.250,-2.054,794
41,22,2,0,1,8,4,43414,-74.418,-156.610,238.795,173.392,-2.014,795
41,22,2,0,1,8,5,43793,-73.938,-154.179,297.974,170.991,-2.018,872
41,22,2,0,1,8,6,43796,-78.250,-152.637,338.586,171.526,-2.045,872
41,22,2,0,1,8,7,43797,-76.655,-153.207,346.053,171.314,-2.035,872
41,22,2,0,1,8,8,43790,-73.828,-154.218,349.882,170.979,-2.017,872
41,22,2,0,1,8,9,44093,-74.142,-154.631,350.944,171.487,-2.018,950
41,22,2,0,1,8,10,44101,-75.457,-156.330,355.317,173.588,-2.020,951
41,22,2,0,1,8,11,44095,-76.023,-153.959,359.046,171.706,-2.029,950
41,22,2,0,1,8,12,44096,-73.482,-154.867,416.510,171.416,-2.014,950
41,22,2,0,1,8,13,44447,-74.123,-156.176,420.073,172.873,-2.014,1029
41,22,2,0,1,8,14,44442,-76.169,-153.381,452.677,171.252,-2.032,1028
41,22,2,0,1,8,15,44441,-77.320,-152.970,456.097,171.401,-2.039,1028
42,22,2,1,1,2,0,18808,-14.916,-28.261,-49.953,31.956,-2.056,99
42,22,2,1,1,2,1,18852,-14.580,-28.423,-34.832,31.944,-2.045,99
42,22,2,1,1,2,2,18872,-14.706,-28.362,-29.171,31.948,-2.049,99
42,22,2,1,1,2,3,18868,-13.704,-28.845,-28.951,31.935,-2.014,99
42,22,2,1,1,2,4,18911,-14.916,-28.261,-28.751,31.956,-2.056,99
42,22,2,1,1,2,5,18843,-14.987,-28.227,-22.769,31.959,-2.059,99
42,22,2,1,1,2,6,18899,-14.974,-28.233,-19.211,31.958,-2.058,99
42,22,2,1,1,2,7,18835,-14.792,-28.321,-14.166,31.951,-2.052,99
42,22,2,1,1,2,8,18857,-13.661,-28.866,-9.884,31.935,-2.013,99
42,22,2,1,1,2,9,18813,-14.590,-28.418,-8.946,31.945,-2.045,99
42,22,2,1,1,2,10,18841,-14.925,-28.257,-8.235,31.956,-2.057,99
42,22,2,1,1,2,11,18924,-13.800,-28.799,-5.384,31.935,-2.018,99
42,22,2,1,1,2,12,21015,-14.579,-27.874,-0.379,31.456,-2.053,115
42,22,2,1,1,2,13,18923,-14.803,-28.316,-0.276,31.952,-2.053,99
42,22,2,1,1,2,14,21058,-13.502,-28.393,11.841,31.440,-2.015,115
42,22,2,1,1,2,15,21034,-14.581,-27.873,14.259,31.456,-2.053,115
42,22,2,1,1,4,0,26874,-33.723,-63.314,-96.111,71.735,-2.060,166
42,22,2,1,1,4,1,26888,-31.666,-64.067,-82.397,71.466,-2.030,166
42,22,2,1,1,4,2,27767,-32.915,-64.137,-67.678,72.090,-2.045,198
42,22,2,1,1,4,3,27764,-32.143,-64.420,-50.020,71.994,-2.034,198
42,22,2,1,1,4,4,27737,-31.391,-64.695,-28.877,71.909,-2.023,198
42,22,2,1,1,4,5,27741,-32.680,-64.223,-23.309,72.060,-2.041,198
42,22,2,1,1,4,6,27757,-33.532,-63.912,-21.206,72.174,-2.054,198
42,22,2,1,1,4,7,27755,-31.907,-64.506,-20.794,71.966,-2.030,198
42,22,2,1,1,4,8,27765,-32.328,-64.352,-13.247,72.016,-2.036,198
42,22,2,1,1,4,9,27744,-33.041,-64.091,-7.007,72.107,-2.047,198
42,22,2,1,1,4,10,28892,-32.672,-63.699,8.125,71.589,-2.045,230
42,22,2,1,1,4,11,28898,-33.568,-63.371,15.654,71.713,-2.058,230
42,22,2,1,1,4,12,28911,-31.361,-64.179,17.958,71.431,-2.025,230
42,22,2,1,1,4,13,28904,-31.059,-64.289,21.314,71.399,-2.021,230
42,22,2,1,1,4,14,28919,-32.989,-63.583,27.353,71.632,-2.049,230
42,22,2,1,1,4,15,29900,-33.398,-63.961,80.310,72.155,-2.052,262
42,22,2,1,1,6,0,34965,-52.251,-104.688,-28.953,117.003,-2.034,322
42,22,2,1,1,6,1,34973,-51.906,-104.789,-9.150,116.940,-2.031,322
42,22,2,1,1,6,2,34963,-52.453,-104.630,0.577,117.041,-2.035,322
42,22,2,1,1,6,3,35796,-52.160,-104.199,17.565,116.525,-2.035,374
42,22,2,1,1,6,4,35777,-52.326,-102.285,20.877,114.892,-2.044,373
42,22,2,1,1,6,5,35794,-53.090,-103.929,21.090,116.704,-2.043,374
42,22,2,1,1,6,6,35778,-53.952,-101.590,25.919,115.028,-2.059,373
42,22,2,1,1,6,7,35798,-55.091,-103.347,26.302,117.114,-2.061,374
42,22,2,1,1,6,8,35792,-54.147,-103.622,29.049,116.916,-2.052,374
42,22,2,1,1,6,9,35788,-51.582,-104.367,48.794,116.418,-2.030,374
42,22,2,1,1,6,10,35787,-51.291,-104.452,63.043,116.366,-2.027,374
42,22,2,1,1,6,11,36461,-53.250,-102.428,102.792,115.443,-2.050,425
42,22,2,1,1,6,12,36467,-53.184,-102.456,103.979,115.437,-2.050,425
42,22,2,1,1,6,13,36477,-54.002,-104.179,104.516,117.343,-2.049,426
42,22,2,1,1,6,14,36469,-54.367,-104.073,105.858,117.418,-2.052,426
42,22,2,1,1,6,15,37085,-52.392,-104.132,162.259,116.569,-2.037,478
42,22,2,1,1,8,0,41894,-75.916,-153.471,19.503,171.221,-2.030,560
42,22,2,1,1,8,1,41895,-75.235,-153.715,27.576,171.139,-2.026,560
42,22,2,1,1,8,2,41893,-74.656,-153.922,29.022,171.071,-2.022,560
42,22,2,1,1,8,3,42444,-73.322,-154.924,71.559,171.399,-2.013,638
42,22,2,1,1,8,4,42442,-73.459,-154.875,84.344,171.413,-2.014,638
42,22,2,1,1,8,5,42456,-74.516,-156.583,85.314,173.410,-2.015,639
42,22,2,1,1,8,6,42445,-80.871,-152.226,110.957,172.374,-2.059,638
42,22,2,1,1,8,7,42440,-80.485,-152.364,113.643,172.315,-2.057,638
42,22,2,1,1,8,8,42447,-73.731,-154.778,114.140,171.442,-2.015,638
42,22,2,1,1,8,9,42449,-74.991,-156.456,115.519,173.500,-2.018,639
42,22,2,1,1,8,10,42455,-74.303,-156.641,119.054,173.370,-2.014,639
42,22,2,1,1,8,11,42441,-75.916,-153.997,126.358,171.692,-2.029,638
42,22,2,1,1,8,12,42954,-73.450,-154.353,153.064,170.938,-2.015,716
42,22,2,1,1,8,13,42959,-74.079,-156.188,154.811,172.865,-2.014,717
42,22,2,1,1,8,14,42957,-80.291,-151.907,164.952,171.821,-2.057,716
42,22,2,1,1,8,15,42956,-78.630,-152.501,172.549,171.579,-2.047,716
43,22,3,0,1,2,0,17023,-14.941,-28.249,-164.789,31.957,-2.057,67
43,22,3,0,1,2,1,17053,-13.971,-28.716,-162.899,31.935,-2.024,67
43,22,3,0,1,2,2,17050,-14.455,-28.483,-153.788,31.941,-2.040,67
43,22,3,0,1,2,3,17036,-14.005,-28.700,-153.207,31.935,-2.025,67
43,22,3,0,1,2,4,17678,-13.772,-28.263,-123.502,31.440,-2.024,83
43,22,3,0,1,2,5,17742,-14.537,-27.894,-120.217,31.455,-2.051,83
43,22,3,0,1,2,6,17702,-14.282,-28.017,-109.412,31.447,-2.042,83
43,22,3,0,1,2,7,17719,-13.484,-28.402,-107.512,31.440,-2.014,83
43,22,3,0,1,2,8,17697,-14.383,-27.968,-97.125,31.450,-2.046,83
43,22,3,0,1,2,9,17672,-13.593,-28.349,-92.454,31.439,-2.018,83
43,22,3,0,1,2,10,17730,-14.784,-27.775,-83.694,31.465,-2.060,83
43,22,3,0,1,2,11,17699,-14.779,-27.778,-74.330,31.464,-2.060,83
43,22,3,0,1,2,12,18916,-14.140,-28.635,-51.367,31.936,-2.029,99
43,22,3,0,1,2,13,18912,-13.817,-28.791,-50.802,31.935,-2.018,99
43,22,3,0,1,2,14,18828,-14.251,-28.581,-50.637,31.937,-2.033,99
43,22,3,0,1,2,15,18808,-14.916,-28.261,-49.953,31.956,-2.056,99
43,22,3,0,1,4,0,26888,-31.666,-64.067,-82.397,71.466,-2.030,166
43,22,3,0,1,4,1,27767,-32.915,-64.137,-67.678,72.090,-2.045,198
43,22,3,0,1,4,2,27764,-32.143,-64.420,-50.020,71.994,-2.034,198
43,22,3,0,1,4,3,27737,-31.391,-64.695,-28.877,71.909,-2.023,198
43,22,3,0,1,4,4,27741,-32.680,-64.223,-23.309,72.060,-2.041,198
43,22,3,0,1,4,5,27757,-33.532,-63.912,-21.206,72.174,-2.054,198
43,22,3,0,1,4,6,27755,-31.907,-64.506,-20.794,71.966,-2.030,198
43,22,3,0,1,4,7,27765,-32.328,-64.352,-13.247,72.016,-2.036,198
43,22,3,0,1,4,8,27744,-33.041,-64.091,-7.007,72.107,-2.047,198
43,22,3,0,1,4,9,28892,-32.672,-63.699,8.125,71.589,-2.045,230
43,22,3,0,1,4,10,28898,-33.568,-63.371,15.654,71.713,-2.058,230
43,22,3,0,1,4,11,28911,-31.361,-64.179,17.958,71.431,-2.025,230
43,22,3,0,1,4,12,28904,-31.059,-64.289,21.314,71.399,-2.021,230
43,22,3,0,1,4,13,28919,-32.989,-63.583,27.353,71.632,-2.049,230
43,22,3,0,1,4,14,29900,-33.398,-63.961,80.310,72.155,-2.052,262
43,22,3,0,1,4,15,29891,-32.920,-64.135,132.196,72.091,-2.045,262
43,22,3,0,1,6,0,35778,-53.952,-101.590,25.919,115.028,-2.059,373
43,22,3,0,1,6,1,35798,-55.091,-103.347,26.302,117.114,-2.061,374
43,22,3,0,1,6,2,35792,-54.147,-103.622,29.049,116.916,-2.052,374
43,22,3,0,1,6,3,35788,-51.582,-104.367,48.794,116.418,-2.030,374
43,22,3,0,1,6,4,35787,-51.291,-104.452,63.043,116.366,-2.027,374
43,22,3,0,1,6,5,36461,-53.250,-102.428,102.792,115.443,-2.050,425
43,22,3,0,1,6,6,36467,-53.184,-102.456,103.979,115.437,-2.050,425
43,22,3,0,1,6,7,36477,-54.002,-104.179,104.516,117.343,-2.049,426
43,22,3,0,1,6,8,36469,-54.367,-104.073,105.858,117.418,-2.052,426
43,22,3,0,1,6,9,37085,-52.392,-104.132,162.259,116.569,-2.037,478
43,22,3,0,1,6,10,37555,-53.782,-102.201,214.098,115.488,-2.055,529
43,22,3,0,1,6,11,37570,-54.773,-103.955,217.914,117.502,-2.056,530
43,22,3,0,1,6,12,37565,-50.273,-105.264,228.887,116.653,-2.016,530
43,22,3,0,1,6,13,37567,-52.974,-104.478,249.592,117.141,-2.040,530
43,22,3,0,1,6,14,37563,-54.061,-102.082,250.946,115.513,-2.058,529
43,22,3,0,1,6,15,37562,-54.230,-102.009,263.122,115.528,-2.059,529
43,22,3,0,1,8,0,42956,-78.630,-152.501,172.549,171.579,-2.047,716
43,22,3,0,1,8,1,42955,-78.061,-152.705,200.678,171.500,-2.043,716
43,22,3,0,1,8,2,43406,-75.606,-154.108,223.577,171.655,-2.027,794
43,22,3,0,1,8,3,43407,-80.051,-152.519,230.209,172.250,-2.054,794
43,22,3,0,1,8,4,43414,-74.418,-156.610,238.795,173.392,-2.014,795
43,22,3,0,1,8,5,43793,-73.938,-154.179,297.974,170.991,-2.018,872
43,22,3,0,1,8,6,43796,-78.250,-152.637,338.586,171.526,-2.045,872
43,22,3,0,1,8,7,43797,-76.655,-153.207,346.053,171.314,-2.035,872
43,22,3,0,1,8,8,43790,-73.828,-154.218,349.882,170.979,-2.017,872
43,22,3,0,1,8,9,44093,-74.142,-154.631,350.944,171.487,-2.018,950
43,22,3,0,1,8,10,44101,-75.457,-156.330,355.317,173.588,-2.020,951
43,22,3,0,1,8,11,44095,-76.023,-153.959,359.046,171.706,-2.029,950
43,22,3,0,1,8,12,44096,-73.482,-154.867,416.510,171.416,-2.014,950
43,22,3,0,1,8,13,44447,-74.123,-156.176,420.073,172.873,-2.014,1029
43,22,3,0,1,8,14,44442,-76.169,-153.381,452.677,171.252,-2.032,1028
43,22,3,0,1,8,15,44441,-77.320,-152.970,456.097,171.401,-2.039,1028
44,22,3,1,0,2,0,17023,-14.941,-28.249,-164.789,31.957,-2.057,67
44,22,3,1,0,2,1,17053,-13.971,-28.716,-162.899,31.935,-2.024,67
44,22,3,1,0,2,2,17050,-14.455,-28.483,-153.788,31.941,-2.040,67
44,22,3,1,0,2,3,17036,-14.005,-28.700,-153.207,31.935,-2.025,67
44,22,3,1,0,2,4,17678,-13.772,-28.263,-123.502,31.440,-2.024,83
44,22,3,1,0,2,5,17742,-14.537,-27.894,-120.217,31.455,-2.051,83
44,22,3,1,0,2,6,17702,-14.282,-28.017,-109.412,31.447,-2.042,83
44,22,3,1,0,2,7,17719,-13.484,-28.402,-107.512,31.440,-2.014,83
44,22,3,1,0,2,8,17697,-14.383,-27.968,-97.125,31.450,-2.046,83
44,22,3,1,0,2,9,17672,-13.593,-28.349,-92.454,31.439,-2.018,83
44,22,3,1,0,2,10,17730,-14.784,-27.775,-83.694,31.465,-2.060,83
44,22,3,1,0,2,11,17699,-14.779,-27.778,-74.330,31.464,-2.060,83
44,22,3,1,0,2,12,18916,-14.140,-28.635,-51.367,31.936,-2.029,99
44,22,3,1,0,2,13,18912,-13.817,-28.791,-50.802,31.935,-2.018,99
44,22,3,1,0,2,14,18828,-14.251,-28.581,-50.637,31.937,-2.033,99
44,22,3,1,0,2,15,18808,-14.916,-28.261,-49.953,31.956,-2.056,99
44,22,3,1,0,4,0,26880,-33.178,-63.514,-119.101,71.657,-2.052,166
44,22,3,1,0,4,1,26878,-31.965,-63.958,-111.883,71.501,-2.034,166
44,22,3,1,0,4,2,26872,-32.033,-63.933,-109.383,71.509,-2.035,166
44,22,3,1,0,4,3,26867,-30.938,-64.334,-97.171,71.386,-2.019,166
44,22,3,1,0,4,4,26874,-33.723,-63.314,-96.111,71.735,-2.060,166
44,22,3,1,0,4,5,26888,-31.666,-64.067,-82.397,71.466,-2.030,166
44,22,3,1,0,4,6,27767,-32.915,-64.137,-67.678,72.090,-2.045,198
44,22,3,1,0,4,7,27764,-32.143,-64.420,-50.020,71.994,-2.034,198
44,22,3,1,0,4,8,27737,-31.391,-64.695,-28.877,71.909,-2.023,198
44,22,3,1,0,4,9,27741,-32.680,-64.223,-23.309,72.060,-2.041,198
44,22,3,1,0,4,10,27757,-33.532,-63.912,-21.206,72.174,-2.054,198
44,22,3,1,0,4,11,27755,-31.907,-64.506,-20.794,71.966,-2.030,198
44,22,3,1,0,4,12,27765,-32.328,-64.352,-13.247,72.016,-2.036,198
44,22,3,1,0,4,13,27744,-33.041,-64.091,-7.007,72.107,-2.047,198
44,22,3,1,0,4,14,28892,-32.672,-63.699,8.125,71.589,-2.045,230
44,22,3,1,0,4,15,28898,-33.568,-63.371,15.654,71.713,-2.058,230
44,22,3,1,0,6,0,34976,-52.718,-104.553,-43.964,117.092,-2.038,322
44,22,3,1,0,6,1,34950,-52.848,-102.600,-43.730,115.411,-2.046,321
44,22,3,1,0,6,2,34970,-51.181,-104.999,-40.091,116.809,-2.024,322
44,22,3,1,0,6,3,34972,-53.050,-104.456,-35.561,117.155,-2.041,322
44,22,3,1,0,6,4,34979,-49.979,-105.349,-34.080,116.603,-2.014,322
44,22,3,1,0,6,5,34965,-52.251,-104.688,-28.953,117.003,-2.034,322
44,22,3,1,0,6,6,34973,-51.906,-104.789,-9.150,116.940,-2.031,322
44,22,3,1,0,6,7,34963,-52.453,-104.630,0.577,117.041,-2.035,322
44,22,3,1,0,6,8,35796,-52.160,-104.199,17.565,116.525,-2.035,374
44,22,3,1,0,6,9,35777,-52.326,-102.285,20.877,114.892,-2.044,373
44,22,3,1,0,6,10,35794,-53.090,-103.929,21.090,116.704,-2.043,374
44,22,3,1,0,6,11,35778,-53.952,-101.590,25.919,115.028,-2.059,373
44,22,3,1,0,6,12,35798,-55.091,-103.347,26.302,117.114,-2.061,374
44,22,3,1,0,6,13,35792,-54.147,-103.622,29.049,116.916,-2.052,374
44,22,3,1,0,6,14,35788,-51.582,-104.367,48.794,116.418,-2.030,374
44,22,3,1,0,6,15,35787,-51.291,-104.452,63.043,116.366,-2.027,374
44,22,3,1,0,8,0,41894,-75.916,-153.471,19.503,171.221,-2.030,560
44,22,3,1,0,8,1,41895,-75.235,-153.715,27.576,171.139,-2.026,560
44,22,3,1,0,8,2,41893,-74.656,-153.922,29.022,171.071,-2.022,560
44,22,3,1,0,8,3,42444,-73.322,-154.924,71.559,171.399,-2.013,638
44,22,3,1,0,8,4,42442,-73.459,-154.875,84.344,171.413,-2.014,638
44,22,3,1,0,8,5,42456,-74.516,-156.583,85.314,173.410,-2.015,639
44,22,3,1,0,8,6,42445,-80.871,-152.226,110.957,172.374,-2.059,638
44,22,3,1,0,8,7,42440,-80.485,-152.364,113.643,172.315,-2.057,638
44,22,3,1,0,8,8,42447,-73.731,-154.778,114.140,171.442,-2.015,638
44,22,3,1,0,8,9,42449,-74.991,-156.456,115.519,173.500,-2.018,639
44,22,3,1,0,8,10,42455,-74.303,-156.641,119.054,173.370,-2.014,639
44,22,3,1,0,8,11,42441,-75.916,-153.997,126.358,171.692,-2.029,638
44,22,3,1,0,8,12,42954,-73.450,-154.353,153.064,170.938,-2.015,716
44,22,3,1,0,8,13,42959,-74.079,-156.188,154.811,172.865,-2.014,717
44,22,3,1,0,8,14,42957,-80.291,-151.907,164.952,171.821,-2.057,716
44,22,3,1,0,8,15,42956,-78.630,-152.501,172.549,171.579,-2.047,716
45,23,0,0,0,2,0,22962,-14.457,-31.170,107.068,34.359,-2.005,132
45,23,0,0,0,2,1,22923,-12.854,-29.255,118.710,31.954,-1.985,131
45,23,0,0,0,2,2,22912,-13.644,-28.874,119.576,31.935,-2.012,131
45,23,0,0,0,2,3,22940,-13.800,-31.207,127.041,34.122,-1.987,132
45,23,0,0,0,2,4,23763,-13.186,-28.545,184.119,31.444,-2.004,147
45,23,0,0,0,2,5,23802,-12.916,-28.675,187.864,31.450,-1.994,147
45,23,0,0,0,2,6,23849,-14.053,-30.697,197.481,33.760,-2.000,148
45,23,0,0,0,2,7,23805,-13.824,-30.709,201.162,33.678,-1.994,148
45,23,0,0,0,2,8,24388,-12.487,-29.432,234.684,31.971,-1.972,163
45,23,0,0,0,2,9,24364,-13.002,-29.183,243.261,31.949,-1.990,163
45,23,0,0,0,2,10,24409,-13.299,-31.235,248.986,33.948,-1.973,164
45,23,0,0,0,2,11,24374,-13.059,-29.156,253.067,31.947,-1.992,163
45,23,0,0,0,2,12,24401,-13.983,-31.196,260.624,34.187,-1.992,164
45,23,0,0,0,2,13,24385,-12.800,-29.281,263.359,31.956,-1.983,163
45,23,0,0,0,2,14,24392,-13.974,-31.197,271.278,34.184,-1.992,164
45,23,0,0,0,2,15,24764,-12.084,-29.076,293.936,31.487,-1.965,179
45,23,0,0,0,4,0,28918,-28.302,-65.299,59.344,71.168,-1.980,230
45,23,0,0,0,4,1,28896,-29.065,-65.019,62.275,71.220,-1.991,230
45,23,0,0,0,4,2,28901,-27.451,-65.610,69.382,71.121,-1.967,230
45,23,0,0,0,4,3,29889,-27.666,-66.059,69.857,71.618,-1.967,262
45,23,0,0,0,4,4,29914,-28.614,-67.949,71.878,73.728,-1.969,263
45,23,0,0,0,4,5,29894,-29.759,-65.292,87.371,71.755,-1.998,262
45,23,0,0,0,4,6,29895,-30.644,-64.969,88.011,71.833,-2.012,262
45,23,0,0,0,4,7,29890,-29.422,-65.416,139.083,71.728,-1.993,262
45,23,0,0,0,4,8,30598,-29.767,-64.762,155.147,71.276,-2.002,294
45,23,0,0,0,4,9,30597,-30.030,-64.666,168.764,71.299,-2.006,294
45,23,0,0,0,4,10,30605,-30.047,-64.660,172.164,71.300,-2.006,294
45,23,0,0,0,4,11,31127,-30.508,-65.018,241.125,71.820,-2.010,326
45,23,0,0,0,4,12,31511,-27.589,-65.559,281.796,71.128,-1.969,358
45,23,0,0,0,4,13,31519,-28.742,-67.428,293.707,73.298,-1.974,359
45,23,0,0,0,4,14,31514,-29.537,-64.847,333.470,71.257,-1.998,358
45,23,0,0,0,4,15,31518,-28.705,-67.433,347.180,73.289,-1.973,359
45,23,0,0,0,6,0,36468,-46.987,-106.219,73.892,116.147,-1.987,426
45,23,0,0,0,6,1,36474,-44.498,-106.942,77.223,115.830,-1.965,426
45,23,0,0,0,6,2,36470,-49.004,-105.632,88.798,116.445,-2.005,426
45,23,0,0,0,6,3,36475,-49.349,-105.532,112.361,116.500,-2.008,426
45,23,0,0,0,6,4,36478,-48.063,-105.906,124.907,116.302,-1.997,426
45,23,0,0,0,6,5,37082,-46.608,-105.813,141.788,115.623,-1.986,478
45,23,0,0,0,6,6,37084,-45.856,-106.032,142.486,115.523,-1.979,478
45,23,0,0,0,6,7,37087,-47.104,-105.669,151.809,115.692,-1.990,478
45,23,0,0,0,6,8,37086,-46.084,-105.966,193.739,115.553,-1.981,478
45,23,0,0,0,6,9,37948,-49.285,-105.035,281.303,116.023,-2.010,582
45,23,0,0,0,6,10,37949,-44.310,-106.481,286.018,115.333,-1.965,582
45,23,0,0,0,6,11,37952,-48.190,-105.353,289.594,115.851,-2.000,582
45,23,0,0,0,6,12,38284,-47.695,-106.013,372.410,116.248,-1.994,634
45,23,0,0,0,6,13,38283,-49.267,-105.556,377.860,116.487,-2.007,634
45,23,0,0,0,6,14,38286,-47.024,-106.208,381.760,116.152,-1.988,634
45,23,0,0,0,6,15,38281,-49.791,-105.403,398.569,116.572,-2.012,634
45,23,0,0,0,8,0,41269,-71.149,-157.489,-9.596,172.815,-1.995,483
45,23,0,0,0,8,1,41900,-67.138,-158.056,2.125,171.724,-1.972,561
45,23,0,0,0,8,2,41899,-68.143,-157.785,7.209,171.871,-1.978,561
45,23,0,0,0,8,3,41902,-69.219,-157.496,43.903,172.035,-1.985,561
45,23,0,0,0,8,4,42450,-73.773,-156.784,71.672,173.273,-2.011,639
45,23,0,0,0,8,5,42448,-65.955,-158.886,77.742,172.031,-1.964,639
45,23,0,0,0,8,6,42454,-67.417,-158.493,110.413,172.236,-1.973,639
45,23,0,0,0,8,7,42443,-73.184,-154.974,117.645,171.385,-2.012,638
45,23,0,0,0,8,8,42453,-71.091,-157.505,118.729,172.805,-1.995,639
45,23,0,0,0,8,9,43413,-67.093,-158.580,265.327,172.189,-1.971,795
45,23,0,0,0,8,10,43792,-72.448,-154.711,284.357,170.834,-2.009,872
45,23,0,0,0,8,11,43798,-73.405,-156.370,287.476,172.742,-2.010,873
45,23,0,0,0,8,12,44099,-68.142,-158.298,364.637,172.341,-1.977,951
45,23,0,0,0,8,13,44100,-73.832,-156.768,404.348,173.284,-2.011,951
45,23,0,0,0,8,14,44445,-71.377,-156.915,451.893,172.386,-1.998,1029
45,23,0,0,0,8,15,44444,-66.522,-158.221,469.795,171.637,-1.969,1029
46,24,0,0,1,2,0,23782,-11.340,-29.435,158.667,31.544,-1.939,147
46,24,0,0,1,2,1,23838,-11.353,-30.849,162.827,32.872,-1.923,148
46,24,0,0,1,2,2,23803,-12.015,-29.109,164.715,31.492,-1.962,147
46,24,0,0,1,2,3,23848,-11.880,-30.819,165.694,33.030,-1.939,148
46,24,0,0,1,2,4,23769,-11.970,-29.131,172.493,31.494,-1.961,147
46,24,0,0,1,2,5,23775,-11.204,-29.500,173.627,31.556,-1.934,147
46,24,0,0,1,2,6,23826,-12.646,-30.776,173.780,33.273,-1.961,148
46,24,0,0,1,2,7,23842,-11.630,-30.833,181.474,32.954,-1.931,148
46,24,0,0,1,2,8,23811,-12.620,-30.777,182.259,33.264,-1.960,148
46,24,0,0,1,2,9,23796,-11.598,-29.310,189.145,31.522,-1.948,147
46,24,0,0,1,2,10,23820,-12.160,-30.803,198.791,33.117,-1.947,148
46,24,0,0,1,2,11,23823,-12.216,-30.800,205.033,33.134,-1.948,148
46,24,0,0,1,2,12,24384,-11.662,-29.829,265.928,32.028,-1.944,163
46,24,0,0,1,2,13,24393,-12.233,-31.295,279.140,33.601,-1.943,164
46,24,0,0,1,2,14,24762,-10.788,-29.701,294.316,31.599,-1.919,179
46,24,0,0,1,2,15,24759,-11.204,-29.500,310.350,31.556,-1.934,179
46,24,0,0,1,4,0,28926,-26.512,-67.775,45.801,72.776,-1.944,231
46,24,0,0,1,4,1,28928,-25.282,-67.967,47.757,72.517,-1.927,231
46,24,0,0,1,4,2,29917,-24.672,-68.563,77.973,72.867,-1.916,263
46,24,0,0,1,4,3,29896,-27.216,-66.223,95.839,71.598,-1.961,262
46,24,0,0,1,4,4,29913,-24.758,-68.549,97.353,72.883,-1.917,263
46,24,0,0,1,4,5,29912,-28.057,-68.035,98.378,73.594,-1.962,263
46,24,0,0,1,4,6,29905,-25.650,-68.410,104.156,73.061,-1.930,263
46,24,0,0,1,4,7,29893,-26.224,-66.587,120.669,71.564,-1.946,262
46,24,0,0,1,4,8,29892,-27.150,-66.248,121.839,71.595,-1.960,262
46,24,0,0,1,4,9,29915,-26.745,-68.240,123.396,73.294,-1.944,263
46,24,0,0,1,4,10,29902,-27.960,-68.051,125.047,73.571,-1.961,263
46,24,0,0,1,4,11,30604,-26.035,-66.128,199.545,71.069,-1.946,294
46,24,0,0,1,4,12,30623,-26.342,-67.802,201.502,72.739,-1.941,295
46,24,0,0,1,4,13,31507,-26.625,-65.912,325.175,71.087,-1.955,358
46,24,0,0,1,4,14,31522,-27.486,-67.623,333.914,72.996,-1.957,359
46,24,0,0,1,4,15,31504,-26.149,-66.087,345.563,71.072,-1.948,358
46,24,0,0,1,6,0,35799,-39.681,-109.651,63.833,116.610,-1.918,375
46,24,0,0,1,6,1,36472,-42.902,-107.406,76.948,115.657,-1.951,426
46,24,0,0,1,6,2,36476,-44.226,-107.021,78.392,115.799,-1.963,426
46,24,0,0,1,6,3,36483,-39.929,-110.112,90.344,117.128,-1.919,427
46,24,0,0,1,6,4,36471,-40.944,-107.976,104.637,115.478,-1.933,426
46,24,0,0,1,6,5,37083,-41.727,-107.232,167.998,115.064,-1.942,478
46,24,0,0,1,6,6,37092,-40.702,-109.484,171.179,116.805,-1.927,479
46,24,0,0,1,6,7,37095,-42.567,-109.179,171.220,117.184,-1.943,479
46,24,0,0,1,6,8,37088,-40.757,-107.514,172.081,114.980,-1.933,478
46,24,0,0,1,6,9,37089,-42.152,-109.247,174.966,117.097,-1.939,479
46,24,0,0,1,6,10,37568,-42.681,-107.471,235.570,115.636,-1.949,530
46,24,0,0,1,6,11,37569,-42.580,-107.500,271.771,115.626,-1.948,530
46,24,0,0,1,6,12,37953,-39.569,-107.859,332.766,114.888,-1.922,582
46,24,0,0,1,6,13,37951,-43.473,-106.725,336.893,115.239,-1.958,582
46,24,0,0,1,6,14,38290,-41.347,-109.881,372.652,117.403,-1.931,635
46,24,0,0,1,6,15,38568,-40.530,-107.580,469.354,114.961,-1.931,686
46,24,0,0,1,8,0,41908,-61.439,-161.612,15.116,172.896,-1.934,562
46,24,0,0,1,8,1,41901,-61.620,-159.540,60.504,171.026,-1.939,561
46,24,0,0,1,8,2,41898,-60.353,-159.881,64.189,170.893,-1.932,561
46,24,0,0,1,8,3,41907,-60.916,-161.708,64.514,172.801,-1.931,562
46,24,0,0,1,8,4,42452,-63.703,-159.492,96.749,171.743,-1.951,639
46,24,0,0,1,8,5,42451,-60.818,-160.268,128.901,171.419,-1.933,639
46,24,0,0,1,8,6,42460,-61.608,-162.084,130.312,173.398,-1.934,640
46,24,0,0,1,8,7,42958,-63.879,-158.932,210.277,171.289,-1.953,717
46,24,0,0,1,8,8,43412,-64.014,-159.409,210.886,171.782,-1.953,795
46,24,0,0,1,8,9,43411,-64.159,-159.369,213.168,171.799,-1.954,795
46,24,0,0,1,8,10,43409,-64.897,-159.171,214.190,171.892,-1.958,795
46,24,0,0,1,8,11,43410,-65.109,-159.114,254.480,171.920,-1.959,795
46,24,0,0,1,8,12,44103,-59.934,-162.393,368.564,173.100,-1.924,952
46,24,0,0,1,8,13,44102,-63.732,-159.484,408.214,171.747,-1.951,951
46,24,0,0,1,8,14,44105,-58.654,-162.629,418.511,172.883,-1.917,952
46,24,0,0,1,8,15,44446,-65.299,-158.550,429.610,171.470,-1.961,1029
47,24,0,1,0,2,0,23782,-11.340,-29.435,158.667,31.544,-1.939,147
47,24,0,1,0,2,1,23838,-11.353,-30.849,162.827,32.872,-1.923,148
47,24,0,1,0,2,2,23803,-12.015,-29.109,164.715,31.492,-1.962,147
47,24,0,1,0,2,3,23848,-11.880,-30.819,165.694,33.030,-1.939,148
47,24,0,1,0,2,4,23769,-11.970,-29.131,172.493,31.494,-1.961,147
47,24,0,1,0,2,5,23775,-11.204,-29.500,173.627,31.556,-1.934,147
47,24,0,1,0,2,6,23826,-12.646,-30.776,173.780,33.273,-1.961,148
47,24,0,1,0,2,7,23842,-11.630,-30.833,181.474,32.954,-1.931,148
47,24,0,1,0,2,8,23811,-12.620,-30.777,182.259,33.264,-1.960,148
47,24,0,1,0,2,9,23796,-11.598,-29.310,189.145,31.522,-1.948,147
47,24,0,1,0,2,10,23820,-12.160,-30.803,198.791,33.117,-1.947,148
47,24,0,1,0,2,11,23823,-12.216,-30.800,205.033,33.134,-1.948,148
47,24,0,1,0,2,12,24384,-11.662,-29.829,265.928,32.028,-1.944,163
47,24,0,1,0,2,13,24393,-12.233,-31.295,279.140,33.601,-1.943,164
47,24,0,1,0,2,14,24762,-10.788,-29.701,294.316,31.599,-1.919,179
47,24,0,1,0,2,15,24759,-11.204,-29.500,310.350,31.556,-1.934,179
47,24,0,1,0,4,0,28897,-26.332,-66.019,43.776,71.077,-1.950,230
47,24,0,1,0,4,1,28924,-27.145,-67.677,44.969,72.917,-1.952,231
47,24,0,1,0,4,2,28926,-26.512,-67.775,45.801,72.776,-1.944,231
47,24,0,1,0,4,3,28928,-25.282,-67.967,47.757,72.517,-1.927,231
47,24,0,1,0,4,4,29917,-24.672,-68.563,77.973,72.867,-1.916,263
47,24,0,1,0,4,5,29896,-27.216,-66.223,95.839,71.598,-1.961,262
47,24,0,1,0,4,6,29913,-24.758,-68.549,97.353,72.883,-1.917,263
47,24,0,1,0,4,7,29912,-28.057,-68.035,98.378,73.594,-1.962,263
47,24,0,1,0,4,8,29905,-25.650,-68.410,104.156,73.061,-1.930,263
47,24,0,1,0,4,9,29893,-26.224,-66.587,120.669,71.564,-1.946,262
47,24,0,1,0,4,10,29892,-27.150,-66.248,121.839,71.595,-1.960,262
47,24,0,1,0,4,11,29915,-26.745,-68.240,123.396,73.294,-1.944,263
47,24,0,1,0,4,12,29902,-27.960,-68.051,125.047,73.571,-1.961,263
47,24,0,1,0,4,13,30604,-26.035,-66.128,199.545,71.069,-1.946,294
47,24,0,1,0,4,14,30623,-26.342,-67.802,201.502,72.739,-1.941,295
47,24,0,1,0,4,15,31507,-26.625,-65.912,325.175,71.087,-1.955,358
47,24,0,1,0,6,0,34975,-40.967,-107.969,-6.622,115.480,-1.933,322
47,24,0,1,0,6,1,34989,-41.742,-109.816,-6.566,117.482,-1.934,323
47,24,0,1,0,6,2,34967,-39.749,-108.323,-2.853,115.386,-1.922,322
47,24,0,1,0,6,3,34987,-40.568,-110.008,-2.680,117.250,-1.924,323
47,24,0,1,0,6,4,35789,-42.008,-107.151,4.942,115.091,-1.944,374
47,24,0,1,0,6,5,35802,-42.680,-109.161,5.250,117.208,-1.944,375
47,24,0,1,0,6,6,35795,-43.643,-106.675,14.147,115.257,-1.959,374
47,24,0,1,0,6,7,35791,-40.511,-107.586,31.409,114.960,-1.931,374
47,24,0,1,0,6,8,35801,-41.424,-109.366,31.842,116.948,-1.933,375
47,24,0,1,0,6,9,35797,-41.126,-107.407,39.091,115.011,-1.936,374
47,24,0,1,0,6,10,35810,-41.400,-109.370,39.895,116.944,-1.933,375
47,24,0,1,0,6,11,35799,-39.681,-109.651,63.833,116.610,-1.918,375
47,24,0,1,0,6,12,36472,-42.902,-107.406,76.948,115.657,-1.951,426
47,24,0,1,0,6,13,36476,-44.226,-107.021,78.392,115.799,-1.963,426
47,24,0,1,0,6,14,36483,-39.929,-110.112,90.344,117.128,-1.919,427
47,24,0,1,0,6,15,36471,-40.944,-107.976,104.637,115.478,-1.933,426
47,24,0,1,0,8,0,40218,-58.718,-162.617,-157.030,172.893,-1.917,328
47,24,0,1,0,8,1,40219,-60.896,-162.215,-149.494,173.269,-1.930,328
47,24,0,1,0,8,2,40209,-60.667,-160.309,-147.850,171.404,-1.933,327
47,24,0,1,0,8,3,40691,-61.277,-159.632,-101.703,170.989,-1.937,405
47,24,0,1,0,8,4,40699,-62.588,-161.400,-101.316,173.111,-1.941,406
47,24,0,1,0,8,5,40696,-62.185,-161.474,-78.285,173.034,-1.938,406
47,24,0,1,0,8,6,40689,-61.524,-159.565,-77.350,171.015,-1.939,405
47,24,0,1,0,8,7,41283,-59.258,-162.517,-60.650,172.983,-1.920,484
47,24,0,1,0,8,8,41277,-58.512,-162.655,-59.258,172.859,-1.916,484
47,24,0,1,0,8,9,41279,-59.470,-162.478,-38.791,173.020,-1.922,484
47,24,0,1,0,8,10,41282,-59.932,-162.393,-38.503,173.099,-1.924,484
47,24,0,1,0,8,11,41276,-58.308,-162.692,-24.286,172.825,-1.915,484
47,24,0,1,0,8,12,41273,-64.305,-159.330,-8.872,171.817,-1.954,483
47,24,0,1,0,8,13,41270,-63.536,-159.537,-5.891,171.723,-1.950,483
47,24,0,1,0,8,14,41903,-59.351,-161.997,13.418,172.527,-1.922,562
47,24,0,1,0,8,15,41908,-61.439,-161.612,15.116,172.896,-1.934,562
48,25,0,0,1,2,0,22995,-10.066,-31.417,86.833,32.991,-1.881,132
48,25,0,0,1,2,1,22976,-9.859,-31.429,95.537,32.939,-1.875,132
48,25,0,0,1,2,2,22944,-9.548,-31.447,103.118,32.864,-1.866,132
48,25,0,0,1,2,3,22977,-10.594,-31.388,107.413,33.127,-1.896,132
48,25,0,0,1,2,4,22943,-10.248,-31.407,110.752,33.037,-1.886,132
48,25,0,0,1,2,5,22968,-10.252,-31.407,111.262,33.038,-1.886,132
48,25,0,0,1,2,6,22947,-9.546,-31.447,120.304,32.864,-1.866,132
48,25,0,0,1,2,7,22936,-9.920,-31.426,136.172,32.954,-1.877,132
48,25,0,0,1,2,8,23788,-10.529,-29.826,144.866,31.629,-1.910,147
48,25,0,0,1,2,9,23846,-9.575,-30.949,147.510,32.397,-1.871,148
48,25,0,0,1,2,10,23835,-9.672,-30.944,170.243,32.420,-1.874,148
48,25,0,0,1,2,11,23808,-9.933,-30.929,172.779,32.485,-1.882,148
48,25,0,0,1,2,12,23786,-10.593,-29.795,191.390,31.622,-1.912,147
48,25,0,0,1,2,13,23827,-10.918,-30.873,198.253,32.747,-1.911,148
48,25,0,0,1,2,14,24404,-10.046,-31.419,248.419,32.986,-1.880,164
48,25,0,0,1,2,15,24769,-10.580,-30.893,294.525,32.654,-1.901,180
48,25,0,0,1,4,0,27802,-21.691,-69.027,-0.434,72.355,-1.875,199
48,25,0,0,1,4,1,28930,-22.290,-68.433,22.164,71.971,-1.886,231
48,25,0,0,1,4,2,28943,-23.192,-68.292,48.008,72.123,-1.898,231
48,25,0,0,1,4,3,28941,-23.781,-68.201,58.446,72.228,-1.906,231
48,25,0,0,1,4,4,28931,-21.636,-68.535,69.171,71.869,-1.877,231
48,25,0,0,1,4,5,29920,-21.796,-69.011,69.671,72.371,-1.877,263
48,25,0,0,1,4,6,29908,-21.779,-69.013,98.957,72.368,-1.876,263
48,25,0,0,1,4,7,30629,-23.180,-68.294,146.442,72.121,-1.898,295
48,25,0,0,1,4,8,30622,-23.443,-68.253,148.862,72.167,-1.902,295
48,25,0,0,1,4,9,30617,-22.269,-68.436,176.193,71.968,-1.885,295
48,25,0,0,1,4,10,30620,-22.005,-68.477,204.672,71.926,-1.882,295
48,25,0,0,1,4,11,30628,-22.142,-68.456,210.445,71.948,-1.884,295
48,25,0,0,1,4,12,31132,-22.299,-68.932,211.893,72.449,-1.884,327
48,25,0,0,1,4,13,31138,-22.378,-68.920,231.661,72.462,-1.885,327
48,25,0,0,1,4,14,31143,-23.761,-68.705,235.150,72.697,-1.904,327
48,25,0,0,1,4,15,31525,-22.972,-68.326,329.896,72.085,-1.895,359
48,25,0,0,1,6,0,34981,-37.087,-110.577,-42.306,116.631,-1.894,323
48,25,0,0,1,6,1,34982,-38.065,-110.417,-41.241,116.794,-1.903,323
48,25,0,0,1,6,2,34991,-37.986,-110.430,-26.061,116.780,-1.902,323
48,25,0,0,1,6,3,34980,-35.562,-110.826,-24.768,116.392,-1.881,323
48,25,0,0,1,6,4,34986,-39.182,-110.235,-7.626,116.991,-1.912,323
48,25,0,0,1,6,5,35806,-38.738,-109.805,52.575,116.438,-1.910,375
48,25,0,0,1,6,6,36485,-36.488,-110.675,113.583,116.535,-1.889,427
48,25,0,0,1,6,7,37091,-38.069,-109.915,151.621,116.321,-1.904,479
48,25,0,0,1,6,8,37094,-33.868,-110.602,183.475,115.671,-1.868,479
48,25,0,0,1,6,9,37090,-38.032,-109.921,191.869,116.314,-1.904,479
48,25,0,0,1,6,10,37577,-36.733,-110.635,252.360,116.574,-1.891,531
48,25,0,0,1,6,11,37954,-37.552,-109.999,286.682,116.232,-1.900,583
48,25,0,0,1,6,12,37960,-35.542,-110.328,335.204,115.912,-1.882,583
48,25,0,0,1,6,13,37961,-38.632,-109.823,336.057,116.420,-1.909,583
48,25,0,0,1,6,14,37957,-36.753,-110.130,340.338,116.101,-1.893,583
48,25,0,0,1,6,15,38289,-38.489,-110.348,376.087,116.868,-1.906,635
48,25,0,0,1,8,0,42458,-50.738,-164.087,124.642,171.752,-1.871,640
48,25,0,0,1,8,1,42963,-56.051,-162.605,156.972,171.994,-1.903,718
48,25,0,0,1,8,2,42962,-56.445,-162.532,168.040,172.054,-1.905,718
48,25,0,0,1,8,3,42961,-56.476,-162.526,168.818,172.059,-1.905,718
48,25,0,0,1,8,4,42964,-54.693,-162.855,172.254,171.794,-1.895,718
48,25,0,0,1,8,5,42960,-50.059,-163.709,181.672,171.192,-1.868,718
48,25,0,0,1,8,6,43417,-53.661,-163.548,221.468,172.126,-1.888,796
48,25,0,0,1,8,7,43418,-52.451,-163.771,264.979,171.965,-1.881,796
48,25,0,0,1,8,8,43416,-52.925,-163.684,274.144,172.028,-1.884,796
48,25,0,0,1,8,9,43799,-51.325,-163.475,279.439,171.343,-1.875,874
48,25,0,0,1,8,10,43419,-51.611,-163.926,280.313,171.859,-1.876,796
48,25,0,0,1,8,11,43800,-55.953,-162.623,315.823,171.979,-1.902,874
48,25,0,0,1,8,12,44108,-54.265,-163.437,353.163,172.210,-1.891,952
48,25,0,0,1,8,13,44107,-51.298,-163.984,366.584,171.820,-1.874,952
48,25,0,0,1,8,14,44106,-54.230,-163.444,368.146,172.206,-1.891,952
48,25,0,0,1,8,15,44104,-51.799,-163.892,403.414,171.883,-1.877,952
49,25,0,1,1,2,0,22995,-10.066,-31.417,86.833,32.991,-1.881,132
49,25,0,1,1,2,1,22976,-9.859,-31.429,95.537,32.939,-1.875,132
49,25,0,1,1,2,2,22944,-9.548,-31.447,103.118,32.864,-1.866,132
49,25,0,1,1,2,3,22977,-10.594,-31.388,107.413,33.127,-1.896,132
49,25,0,1,1,2,4,22943,-10.248,-31.407,110.752,33.037,-1.886,132
49,25,0,1,1,2,5,22968,-10.252,-31.407,111.262,33.038,-1.886,132
49,25,0,1,1,2,6,22947,-9.546,-31.447,120.304,32.864,-1.866,132
49,25,0,1,1,2,7,22936,-9.920,-31.426,136.172,32.954,-1.877,132
49,25,0,1,1,2,8,23788,-10.529,-29.826,144.866,31.629,-1.910,147
49,25,0,1,1,2,9,23846,-9.575,-30.949,147.510,32.397,-1.871,148
49,25,0,1,1,2,10,23835,-9.672,-30.944,170.243,32.420,-1.874,148
49,25,0,1,1,2,11,23808,-9.933,-30.929,172.779,32.485,-1.882,148
49,25,0,1,1,2,12,23786,-10.593,-29.795,191.390,31.622,-1.912,147
49,25,0,1,1,2,13,23827,-10.918,-30.873,198.253,32.747,-1.911,148
49,25,0,1,1,2,14,24404,-10.046,-31.419,248.419,32.986,-1.880,164
49,25,0,1,1,2,15,24769,-10.580,-30.893,294.525,32.654,-1.901,180
49,25,0,1,1,4,0,27802,-21.691,-69.027,-0.434,72.355,-1.875,199
49,25,0,1,1,4,1,28930,-22.290,-68.433,22.164,71.971,-1.886,231
49,25,0,1,1,4,2,28943,-23.192,-68.292,48.008,72.123,-1.898,231
49,25,0,1,1,4,3,28941,-23.781,-68.201,58.446,72.228,-1.906,231
49,25,0,1,1,4,4,28931,-21.636,-68.535,69.171,71.869,-1.877,231
49,25,0,1,1,4,5,29920,-21.796,-69.011,69.671,72.371,-1.877,263
49,25,0,1,1,4,6,29908,-21.779,-69.013,98.957,72.368,-1.876,263
49,25,0,1,1,4,7,30629,-23.180,-68.294,146.442,72.121,-1.898,295
49,25,0,1,1,4,8,30622,-23.443,-68.253,148.862,72.167,-1.902,295
49,25,0,1,1,4,9,30617,-22.269,-68.436,176.193,71.968,-1.885,295
49,25,0,1,1,4,10,30620,-22.005,-68.477,204.672,71.926,-1.882,295
49,25,0,1,1,4,11,30628,-22.142,-68.456,210.445,71.948,-1.884,295
49,25,0,1,1,4,12,31132,-22.299,-68.932,211.893,72.449,-1.884,327
49,25,0,1,1,4,13,31138,-22.378,-68.920,231.661,72.462,-1.885,327
49,25,0,1,1,4,14,31143,-23.761,-68.705,235.150,72.697,-1.904,327
49,25,0,1,1,4,15,31525,-22.972,-68.326,329.896,72.085,-1.895,359
49,25,0,1,1,6,0,34310,-38.045,-109.919,-135.159,116.317,-1.904,271
49,25,0,1,1,6,1,34303,-35.461,-110.341,-118.292,115.899,-1.882,271
49,25,0,1,1,6,2,34301,-35.850,-110.278,-83.445,115.959,-1.885,271
49,25,0,1,1,6,3,34983,-37.681,-110.480,-52.640,116.729,-1.899,323
49,25,0,1,1,6,4,34992,-37.507,-110.508,-46.820,116.700,-1.898,323
49,25,0,1,1,6,5,34981,-37.087,-110.577,-42.306,116.631,-1.894,323
49,25,0,1,1,6,6,34982,-38.065,-110.417,-41.241,116.794,-1.903,323
49,25,0,1,1,6,7,34991,-37.986,-110.430,-26.061,116.780,-1.902,323
49,25,0,1,1,6,8,34980,-35.562,-110.826,-24.768,116.392,-1.881,323
49,25,0,1,1,6,9,34986,-39.182,-110.235,-7.626,116.991,-1.912,323
49,25,0,1,1,6,10,35806,-38.738,-109.805,52.575,116.438,-1.910,375
49,25,0,1,1,6,11,36485,-36.488,-110.675,113.583,116.535,-1.889,427
49,25,0,1,1,6,12,37091,-38.069,-109.915,151.621,116.321,-1.904,479
49,25,0,1,1,6,13,37094,-33.868,-110.602,183.475,115.671,-1.868,479
49,25,0,1,1,6,14,37090,-38.032,-109.921,191.869,116.314,-1.904,479
49,25,0,1,1,6,15,37577,-36.733,-110.635,252.360,116.574,-1.891,531
49,25,0,1,1,8,0,40223,-51.163,-164.009,-181.872,171.804,-1.873,328
49,25,0,1,1,8,1,40222,-56.967,-162.939,-174.971,172.611,-1.907,328
49,25,0,1,1,8,2,40220,-51.267,-163.990,-169.424,171.817,-1.874,328
49,25,0,1,1,8,3,40698,-55.924,-162.628,-129.679,171.975,-1.902,406
49,25,0,1,1,8,4,40701,-49.897,-163.739,-119.284,171.173,-1.867,406
49,25,0,1,1,8,5,40700,-52.622,-163.237,-109.740,171.509,-1.883,406
49,25,0,1,1,8,6,40697,-49.843,-163.749,-75.987,171.167,-1.866,406
49,25,0,1,1,8,7,40695,-51.962,-163.358,-74.047,171.423,-1.879,406
49,25,0,1,1,8,8,40702,-55.373,-162.730,-71.447,171.893,-1.899,406
49,25,0,1,1,8,9,41280,-54.702,-163.357,-61.400,172.273,-1.894,484
49,25,0,1,1,8,10,41275,-50.700,-164.094,-47.653,171.748,-1.870,484
49,25,0,1,1,8,11,41285,-51.534,-163.940,-27.664,171.849,-1.875,484
49,25,0,1,1,8,12,41906,-54.401,-162.909,53.534,171.752,-1.893,562
49,25,0,1,1,8,13,41905,-55.578,-162.692,57.381,171.923,-1.900,562
49,25,0,1,1,8,14,42461,-57.946,-162.759,95.075,172.766,-1.913,640
49,25,0,1,1,8,15,42458,-50.738,-164.087,124.642,171.752,-1.871,640
50,25,1,0,1,2,0,18873,-10.401,-30.437,0.157,32.165,-1.900,99
50,25,1,0,1,2,1,21063,-10.258,-29.956,0.235,31.664,-1.901,115
50,25,1,0,1,2,2,21186,-9.993,-30.926,6.116,32.500,-1.883,116
50,25,1,0,1,2,3,21113,-9.694,-30.942,7.996,32.425,-1.874,116
50,25,1,0,1,2,4,20997,-10.619,-29.782,18.133,31.619,-1.913,115
50,25,1,0,1,2,5,21060,-10.123,-30.021,18.848,31.682,-1.896,115
50,25,1,0,1,2,6,21109,-11.027,-30.867,18.886,32.778,-1.914,116
50,25,1,0,1,2,7,21142,-10.436,-30.901,19.499,32.615,-1.897,116
50,25,1,0,1,2,8,21209,-9.945,-30.928,19.559,32.488,-1.882,116
50,25,1,0,1,2,9,21076,-10.078,-30.043,29.512,31.688,-1.894,115
50,25,1,0,1,2,10,21096,-10.379,-30.904,30.191,32.600,-1.895,116
50,25,1,0,1,2,11,21122,-9.759,-30.939,38.656,32.442,-1.876,116
50,25,1,0,1,2,12,21121,-9.703,-30.942,40.065,32.428,-1.875,116
50,25,1,0,1,2,13,22949,-9.850,-31.430,78.363,32.937,-1.875,132
50,25,1,0,1,2,14,22961,-9.642,-31.441,82.993,32.887,-1.868,132
50,25,1,0,1,2,15,22995,-10.066,-31.417,86.833,32.991,-1.881,132
50,25,1,0,1,4,0,27795,-22.443,-68.910,-8.904,72.473,-1.886,199
50,25,1,0,1,4,1,27784,-22.469,-68.906,-6.959,72.477,-1.886,199
50,25,1,0,1,4,2,27797,-21.933,-68.990,-6.566,72.392,-1.879,199
50,25,1,0,1,4,3,27807,-22.330,-68.928,-6.147,72.454,-1.884,199
50,25,1,0,1,4,4,28922,-21.557,-68.547,-0.466,71.857,-1.875,231
50,25,1,0,1,4,5,27802,-21.691,-69.027,-0.434,72.355,-1.875,199
50,25,1,0,1,4,6,28930,-22.290,-68.433,22.164,71.971,-1.886,231
50,25,1,0,1,4,7,28943,-23.192,-68.292,48.008,72.123,-1.898,231
50,25,1,0,1,4,8,28941,-23.781,-68.201,58.446,72.228,-1.906,231
50,25,1,0,1,4,9,28931,-21.636,-68.535,69.171,71.869,-1.877,231
50,25,1,0,1,4,10,29920,-21.796,-69.011,69.671,72.371,-1.877,263
50,25,1,0,1,4,11,29908,-21.779,-69.013,98.957,72.368,-1.876,263
50,25,1,0,1,4,12,30629,-23.180,-68.294,146.442,72.121,-1.898,295
50,25,1,0,1,4,13,30622,-23.443,-68.253,148.862,72.167,-1.902,295
50,25,1,0,1,4,14,30617,-22.269,-68.436,176.193,71.968,-1.885,295
50,25,1,0,1,4,15,30620,-22.005,-68.477,204.672,71.926,-1.882,295
50,25,1,0,1,6,0,34303,-35.461,-110.341,-118.292,115.899,-1.882,271
50,25,1,0,1,6,1,34301,-35.850,-110.278,-83.445,115.959,-1.885,271
50,25,1,0,1,6,2,34983,-37.681,-110.480,-52.640,116.729,-1.899,323
50,25,1,0,1,6,3,34992,-37.507,-110.508,-46.820,116.700,-1.898,323
50,25,1,0,1,6,4,34981,-37.087,-110.577,-42.306,116.631,-1.894,323
50,25,1,0,1,6,5,34982,-38.065,-110.417,-41.241,116.794,-1.903,323
50,25,1,0,1,6,6,34991,-37.986,-110.430,-26.061,116.780,-1.902,323
50,25,1,0,1,6,7,34980,-35.562,-110.826,-24.768,116.392,-1.881,323
50,25,1,0,1,6,8,34986,-39.182,-110.235,-7.626,116.991,-1.912,323
50,25,1,0,1,6,9,35806,-38.738,-109.805,52.575,116.438,-1.910,375
50,25,1,0,1,6,10,36485,-36.488,-110.675,113.583,116.535,-1.889,427
50,25,1,0,1,6,11,37091,-38.069,-109.915,151.621,116.321,-1.904,479
50,25,1,0,1,6,12,37094,-33.868,-110.602,183.475,115.671,-1.868,479
50,25,1,0,1,6,13,37090,-38.032,-109.921,191.869,116.314,-1.904,479
50,25,1,0,1,6,14,37577,-36.733,-110.635,252.360,116.574,-1.891,531
50,25,1,0,1,6,15,37954,-37.552,-109.999,286.682,116.232,-1.900,583
50,25,1,0,1,8,0,42458,-50.738,-164.087,124.642,171.752,-1.871,640
50,25,1,0,1,8,1,42963,-56.051,-162.605,156.972,171.994,-1.903,718
50,25,1,0,1,8,2,42962,-56.445,-162.532,168.040,172.054,-1.905,718
50,25,1,0,1,8,3,42961,-56.476,-162.526,168.818,172.059,-1.905,718
50,25,1,0,1,8,4,42964,-54.693,-162.855,172.254,171.794,-1.895,718
50,25,1,0,1,8,5,42960,-50.059,-163.709,181.672,171.192,-1.868,718
50,25,1,0,1,8,6,43417,-53.661,-163.548,221.468,172.126,-1.888,796
50,25,1,0,1,8,7,43418,-52.451,-163.771,264.979,171.965,-1.881,796
50,25,1,0,1,8,8,43416,-52.925,-163.684,274.144,172.028,-1.884,796
50,25,1,0,1,8,9,43799,-51.325,-163.475,279.439,171.343,-1.875,874
50,25,1,0,1,8,10,43419,-51.611,-163.926,280.313,171.859,-1.876,796
50,25,1,0,1,8,11,43800,-55.953,-162.623,315.823,171.979,-1.902,874
50,25,1,0,1,8,12,44108,-54.265,-163.437,353.163,172.210,-1.891,952
50,25,1,0,1,8,13,44107,-51.298,-163.984,366.584,171.820,-1.874,952
50,25,1,0,1,8,14,44106,-54.230,-163.444,368.146,172.206,-1.891,952
50,25,1,0,1,8,15,44104,-51.799,-163.892,403.414,171.883,-1.877,952
51,25,1,1,0,2,0,18873,-10.401,-30.437,0.157,32.165,-1.900,99
51,25,1,1,0,2,1,21063,-10.258,-29.956,0.235,31.664,-1.901,115
51,25,1,1,0,2,2,21186,-9.993,-30.926,6.116,32.500,-1.883,116
51,25,1,1,0,2,3,21113,-9.694,-30.942,7.996,32.425,-1.874,116
51,25,1,1,0,2,4,20997,-10.619,-29.782,18.133,31.619,-1.913,115
51,25,1,1,0,2,5,21060,-10.123,-30.021,18.848,31.682,-1.896,115
51,25,1,1,0,2,6,21109,-11.027,-30.867,18.886,32.778,-1.914,116
51,25,1,1,0,2,7,21142,-10.436,-30.901,19.499,32.615,-1.897,116
51,25,1,1,0,2,8,21209,-9.945,-30.928,19.559,32.488,-1.882,116
51,25,1,1,0,2,9,21076,-10.078,-30.043,29.512,31.688,-1.894,115
51,25,1,1,0,2,10,21096,-10.379,-30.904,30.191,32.600,-1.895,116
51,25,1,1,0,2,11,21122,-9.759,-30.939,38.656,32.442,-1.876,116
51,25,1,1,0,2,12,21121,-9.703,-30.942,40.065,32.428,-1.875,116
51,25,1,1,0,2,13,22949,-9.850,-31.430,78.363,32.937,-1.875,132
51,25,1,1,0,2,14,22961,-9.642,-31.441,82.993,32.887,-1.868,132
51,25,1,1,0,2,15,22995,-10.066,-31.417,86.833,32.991,-1.881,132
51,25,1,1,0,4,0,27793,-22.514,-68.899,-35.839,72.484,-1.887,199
51,25,1,1,0,4,1,27809,-21.862,-69.001,-28.985,72.381,-1.878,199
51,25,1,1,0,4,2,27785,-24.189,-68.638,-25.213,72.776,-1.910,199
51,25,1,1,0,4,3,27781,-22.322,-68.929,-16.327,72.453,-1.884,199
51,25,1,1,0,4,4,27814,-23.920,-68.680,-10.536,72.726,-1.906,199
51,25,1,1,0,4,5,27795,-22.443,-68.910,-8.904,72.473,-1.886,199
51,25,1,1,0,4,6,27784,-22.469,-68.906,-6.959,72.477,-1.886,199
51,25,1,1,0,4,7,27797,-21.933,-68.990,-6.566,72.392,-1.879,199
51,25,1,1,0,4,8,27807,-22.330,-68.928,-6.147,72.454,-1.884,199
51,25,1,1,0,4,9,28922,-21.557,-68.547,-0.466,71.857,-1.875,231
51,25,1,1,0,4,10,27802,-21.691,-69.027,-0.434,72.355,-1.875,199
51,25,1,1,0,4,11,28930,-22.290,-68.433,22.164,71.971,-1.886,231
51,25,1,1,0,4,12,28943,-23.192,-68.292,48.008,72.123,-1.898,231
51,25,1,1,0,4,13,28941,-23.781,-68.201,58.446,72.228,-1.906,231
51,25,1,1,0,4,14,28931,-21.636,-68.535,69.171,71.869,-1.877,231
51,25,1,1,0,4,15,29920,-21.796,-69.011,69.671,72.371,-1.877,263
51,25,1,1,0,6,0,33740,-36.529,-110.668,-210.815,116.541,-1.890,219
51,25,1,1,0,6,1,33292,-36.328,-110.200,-209.988,116.033,-1.889,167
51,25,1,1,0,6,2,33738,-33.758,-111.121,-169.091,116.136,-1.866,219
51,25,1,1,0,6,3,33739,-34.568,-110.989,-157.444,116.248,-1.873,219
51,25,1,1,0,6,4,34310,-38.045,-109.919,-135.159,116.317,-1.904,271
51,25,1,1,0,6,5,34303,-35.461,-110.341,-118.292,115.899,-1.882,271
51,25,1,1,0,6,6,34301,-35.850,-110.278,-83.445,115.959,-1.885,271
51,25,1,1,0,6,7,34983,-37.681,-110.480,-52.640,116.729,-1.899,323
51,25,1,1,0,6,8,34992,-37.507,-110.508,-46.820,116.700,-1.898,323
51,25,1,1,0,6,9,34981,-37.087,-110.577,-42.306,116.631,-1.894,323
51,25,1,1,0,6,10,34982,-38.065,-110.417,-41.241,116.794,-1.903,323
51,25,1,1,0,6,11,34991,-37.986,-110.430,-26.061,116.780,-1.902,323
51,25,1,1,0,6,12,34980,-35.562,-110.826,-24.768,116.392,-1.881,323
51,25,1,1,0,6,13,34986,-39.182,-110.235,-7.626,116.991,-1.912,323
51,25,1,1,0,6,14,35806,-38.738,-109.805,52.575,116.438,-1.910,375
51,25,1,1,0,6,15,36485,-36.488,-110.675,113.583,116.535,-1.889,427
51,25,1,1,0,8,0,40223,-51.163,-164.009,-181.872,171.804,-1.873,328
51,25,1,1,0,8,1,40222,-56.967,-162.939,-174.971,172.611,-1.907,328
51,25,1,1,0,8,2,40220,-51.267,-163.990,-169.424,171.817,-1.874,328
51,25,1,1,0,8,3,40698,-55.924,-162.628,-129.679,171.975,-1.902,406
51,25,1,1,0,8,4,40701,-49.897,-163.739,-119.284,171.173,-1.867,406
51,25,1,1,0,8,5,40700,-52.622,-163.237,-109.740,171.509,-1.883,406
51,25,1,1,0,8,6,40697,-49.843,-163.749,-75.987,171.167,-1.866,406
51,25,1,1,0,8,7,40695,-51.962,-163.358,-74.047,171.423,-1.879,406
51,25,1,1,0,8,8,40702,-55.373,-162.730,-71.447,171.893,-1.899,406
51,25,1,1,0,8,9,41280,-54.702,-163.357,-61.400,172.273,-1.894,484
51,25,1,1,0,8,10,41275,-50.700,-164.094,-47.653,171.748,-1.870,484
51,25,1,1,0,8,11,41285,-51.534,-163.940,-27.664,171.849,-1.875,484
51,25,1,1,0,8,12,41906,-54.401,-162.909,53.534,171.752,-1.893,562
51,25,1,1,0,8,13,41905,-55.578,-162.692,57.381,171.923,-1.900,562
51,25,1,1,0,8,14,42461,-57.946,-162.759,95.075,172.766,-1.913,640
51,25,1,1,0,8,15,42458,-50.738,-164.087,124.642,171.752,-1.871,640
52,26,0,0,0,2,0,22964,-8.735,-31.492,96.140,32.681,-1.841,132
52,26,0,0,0,2,1,22948,-9.051,-31.475,99.322,32.750,-1.851,132
52,26,0,0,0,2,2,22972,-9.172,-31.468,99.331,32.777,-1.854,132
52,26,0,0,0,2,3,22979,-8.626,-31.499,129.657,32.658,-1.838,132
52,26,0,0,0,2,4,23819,-8.188,-31.027,143.163,32.090,-1.829,148
52,26,0,0,0,2,5,23817,-8.464,-31.012,145.023,32.146,-1.837,148
52,26,0,0,0,2,6,23845,-8.471,-31.012,154.480,32.148,-1.837,148
52,26,0,0,0,2,7,23816,-8.506,-31.009,169.070,32.155,-1.839,148
52,26,0,0,0,2,8,23841,-8.394,-31.016,174.883,32.132,-1.835,148
52,26,0,0,0,2,9,23832,-8.742,-30.996,180.627,32.205,-1.846,148
52,26,0,0,0,2,10,23806,-8.044,-31.036,180.738,32.061,-1.824,148
52,26,0,0,0,2,11,23830,-8.989,-30.982,188.236,32.260,-1.853,148
52,26,0,0,0,2,12,24398,-8.715,-31.494,230.560,32.677,-1.841,164
52,26,0,0,0,2,13,24403,-8.431,-31.510,254.726,32.618,-1.832,164
52,26,0,0,0,2,14,24770,-8.502,-31.010,296.470,32.154,-1.838,180
52,26,0,0,0,2,15,24766,-8.781,-30.994,313.280,32.214,-1.847,180
52,26,0,0,0,4,0,30618,-19.579,-68.855,186.861,71.585,-1.848,295
52,26,0,0,0,4,1,30619,-20.630,-68.691,195.655,71.722,-1.863,295
52,26,0,0,0,4,2,30621,-19.627,-68.848,196.808,71.591,-1.849,295
52,26,0,0,0,4,3,30608,-20.562,-68.702,199.933,71.713,-1.862,295
52,26,0,0,0,4,4,30609,-18.751,-68.984,200.946,71.487,-1.836,295
52,26,0,0,0,4,5,31144,-18.260,-69.561,214.795,71.918,-1.828,327
52,26,0,0,0,4,6,31145,-18.179,-69.574,218.493,71.910,-1.826,327
52,26,0,0,0,4,7,31137,-17.818,-69.630,232.131,71.874,-1.821,327
52,26,0,0,0,4,8,31134,-20.907,-69.149,244.286,72.241,-1.864,327
52,26,0,0,0,4,9,31135,-17.966,-69.607,247.713,71.889,-1.823,327
52,26,0,0,0,4,10,31142,-19.518,-69.366,277.968,72.059,-1.845,327
52,26,0,0,0,4,11,31532,-20.720,-68.677,288.875,71.735,-1.864,359
52,26,0,0,0,4,12,31528,-18.623,-69.004,296.199,71.473,-1.834,359
52,26,0,0,0,4,13,31531,-20.392,-68.728,310.349,71.690,-1.859,359
52,26,0,0,0,4,14,31529,-20.482,-68.714,316.959,71.702,-1.860,359
52,26,0,0,0,4,15,31527,-18.122,-69.082,325.358,71.419,-1.827,359
52,26,0,0,0,6,0,36486,-31.609,-111.473,83.589,115.868,-1.847,427
52,26,0,0,0,6,1,36481,-33.407,-111.179,110.307,116.090,-1.863,427
52,26,0,0,0,6,2,36487,-30.639,-111.632,118.069,115.760,-1.839,427
52,26,0,0,0,6,3,36484,-28.093,-112.048,120.525,115.516,-1.816,427
52,26,0,0,0,6,4,36488,-28.832,-114.021,122.826,117.610,-1.818,428
52,26,0,0,0,6,5,36480,-31.523,-111.487,138.708,115.858,-1.846,427
52,26,0,0,0,6,6,36482,-31.526,-111.486,138.709,115.858,-1.846,427
52,26,0,0,0,6,7,37096,-32.867,-110.766,173.208,115.539,-1.859,479
52,26,0,0,0,6,8,37574,-31.309,-111.522,236.448,115.834,-1.844,531
52,26,0,0,0,6,9,37573,-33.651,-111.139,245.323,116.122,-1.865,531
52,26,0,0,0,6,10,37572,-30.965,-111.578,246.534,115.795,-1.841,531
52,26,0,0,0,6,11,37958,-31.470,-110.994,279.410,115.369,-1.847,583
52,26,0,0,0,6,12,37575,-31.591,-111.476,280.611,115.866,-1.847,531
52,26,0,0,0,6,13,37955,-28.855,-111.422,304.223,115.098,-1.824,583
52,26,0,0,0,6,14,37964,-29.214,-113.509,309.682,117.208,-1.823,584
52,26,0,0,0,6,15,38297,-28.627,-114.029,359.466,117.567,-1.817,636
52,26,0,0,0,8,0,41910,-42.571,-166.609,3.866,171.962,-1.821,563
52,26,0,0,0,8,1,41914,-46.219,-166.237,57.639,172.543,-1.842,563
52,26,0,0,0,8,2,41904,-47.883,-164.110,59.610,170.953,-1.855,562
52,26,0,0,0,8,3,41915,-49.098,-165.944,60.385,173.055,-1.858,563
52,26,0,0,0,8,4,41912,-43.795,-166.485,62.244,172.149,-1.828,563
52,26,0,0,0,8,5,41911,-48.884,-165.965,63.462,173.015,-1.857,563
52,26,0,0,0,8,6,42459,-47.901,-164.610,97.135,171.438,-1.854,640
52,26,0,0,0,8,7,42457,-47.915,-164.607,97.138,171.439,-1.854,640
52,26,0,0,0,8,8,43415,-47.226,-164.734,279.320,171.370,-1.850,796
52,26,0,0,0,8,9,43802,-47.429,-166.114,307.199,172.752,-1.849,875
52,26,0,0,0,8,10,44115,-42.618,-167.102,359.884,172.451,-1.821,953
52,26,0,0,0,8,11,44118,-45.561,-166.802,364.956,172.912,-1.837,953
52,26,0,0,0,8,12,44113,-42.559,-167.108,365.489,172.442,-1.820,953
52,26,0,0,0,8,13,44112,-42.472,-167.117,370.102,172.430,-1.820,953
52,26,0,0,0,8,14,44109,-46.087,-166.748,385.386,173.000,-1.840,953
52,26,0,0,0,8,15,44110,-43.945,-166.967,419.383,172.653,-1.828,953
53,27,0,0,0,2,0,21123,-6.461,-31.125,64.020,31.788,-1.775,116
53,27,0,0,0,2,1,21087,-6.961,-31.097,68.442,31.866,-1.791,116
53,27,0,0,0,2,2,22946,-7.078,-31.586,69.512,32.369,-1.791,132
53,27,0,0,0,2,3,22965,-6.911,-31.595,73.388,32.342,-1.786,132
53,27,0,0,0,2,4,22975,-6.649,-31.610,75.768,32.302,-1.778,132
53,27,0,0,0,2,5,22957,-7.688,-31.552,76.794,32.475,-1.810,132
53,27,0,0,0,2,6,22951,-6.412,-31.624,97.719,32.267,-1.771,132
53,27,0,0,0,2,7,22983,-7.190,-31.580,99.394,32.388,-1.795,132
53,27,0,0,0,2,8,22981,-7.186,-31.580,108.625,32.387,-1.795,132
53,27,0,0,0,2,9,23831,-6.196,-31.140,157.878,31.750,-1.767,148
53,27,0,0,0,2,10,23814,-6.663,-31.113,183.532,31.819,-1.782,148
53,27,0,0,0,2,11,23847,-6.372,-31.130,190.205,31.775,-1.773,148
53,27,0,0,0,2,12,24395,-7.276,-31.575,277.248,32.402,-1.797,164
53,27,0,0,0,2,13,24771,-7.671,-31.057,281.435,31.990,-1.813,180
53,27,0,0,0,2,14,24767,-6.625,-31.116,298.159,31.813,-1.781,180
53,27,0,0,0,2,15,24773,-7.395,-31.072,299.632,31.940,-1.804,180
53,27,0,0,0,4,0,30651,-15.361,-71.753,146.603,73.379,-1.782,296
53,27,0,0,0,4,1,30613,-17.107,-69.240,151.790,71.322,-1.813,295
53,27,0,0,0,4,2,30612,-17.145,-69.234,164.187,71.325,-1.814,295
53,27,0,0,0,4,3,30624,-14.681,-69.618,164.345,71.149,-1.779,295
53,27,0,0,0,4,4,30610,-15.894,-69.429,166.767,71.225,-1.796,295
53,27,0,0,0,4,5,30640,-15.098,-71.742,169.422,73.313,-1.778,296
53,27,0,0,0,4,6,31139,-16.609,-69.819,219.577,71.767,-1.804,327
53,27,0,0,0,4,7,31146,-16.925,-69.769,228.868,71.793,-1.809,327
53,27,0,0,0,4,8,31141,-17.337,-69.705,234.577,71.829,-1.815,327
53,27,0,0,0,4,9,31140,-14.967,-70.075,243.985,71.655,-1.781,327
53,27,0,0,0,4,10,31136,-15.101,-70.054,278.913,71.663,-1.783,327
53,27,0,0,0,4,11,31542,-15.307,-71.751,285.438,73.365,-1.781,360
53,27,0,0,0,4,12,31523,-15.671,-69.464,298.670,71.209,-1.793,359
53,27,0,0,0,4,13,31530,-16.577,-69.323,319.416,71.277,-1.806,359
53,27,0,0,0,4,14,31520,-15.788,-69.446,332.927,71.218,-1.794,359
53,27,0,0,0,4,15,31526,-14.962,-69.574,341.977,71.165,-1.783,359
53,27,0,0,0,6,0,37571,-26.796,-112.260,238.591,115.414,-1.805,531
53,27,0,0,0,6,1,37587,-27.357,-114.082,242.759,117.316,-1.806,532
53,27,0,0,0,6,2,37578,-27.692,-112.113,257.744,115.482,-1.813,531
53,27,0,0,0,6,3,37580,-26.514,-114.116,258.296,117.156,-1.799,532
53,27,0,0,0,6,4,37586,-26.340,-114.124,261.737,117.124,-1.798,532
53,27,0,0,0,6,5,37591,-28.122,-114.050,262.243,117.466,-1.813,532
53,27,0,0,0,6,6,37576,-27.035,-112.221,270.485,115.431,-1.807,531
53,27,0,0,0,6,7,37582,-23.107,-114.257,270.850,116.570,-1.770,532
53,27,0,0,0,6,8,37584,-27.471,-114.077,273.491,117.338,-1.807,532
53,27,0,0,0,6,9,37956,-27.683,-111.613,321.538,114.995,-1.814,583
53,27,0,0,0,6,10,37966,-27.976,-113.561,327.165,116.956,-1.812,584
53,27,0,0,0,6,11,37959,-27.371,-111.664,345.335,114.970,-1.811,583
53,27,0,0,0,6,12,38294,-27.848,-114.061,352.748,117.411,-1.810,636
53,27,0,0,0,6,13,38291,-28.060,-112.053,353.184,115.513,-1.816,635
53,27,0,0,0,6,14,38296,-26.504,-114.117,357.064,117.154,-1.799,636
53,27,0,0,0,6,15,38302,-22.754,-114.272,390.129,116.515,-1.767,636
53,27,0,0,0,8,0,41921,-34.356,-169.382,58.535,172.831,-1.771,564
53,27,0,0,0,8,1,42965,-38.333,-167.042,169.046,171.384,-1.796,719
53,27,0,0,0,8,2,43421,-34.341,-167.947,261.717,171.422,-1.772,797
53,27,0,0,0,8,3,43426,-34.036,-169.884,264.736,173.260,-1.769,798
53,27,0,0,0,8,4,43420,-35.566,-167.822,277.933,171.549,-1.780,797
53,27,0,0,0,8,5,43801,-37.752,-167.101,279.427,171.313,-1.793,875
53,27,0,0,0,8,6,43803,-35.764,-169.352,280.434,173.087,-1.779,876
53,27,0,0,0,8,7,44111,-40.449,-167.324,363.842,172.144,-1.808,953
53,27,0,0,0,8,8,44117,-33.907,-167.991,377.180,171.379,-1.770,953
53,27,0,0,0,8,9,44119,-34.115,-169.883,381.225,173.274,-1.769,954
53,27,0,0,0,8,10,44116,-39.123,-167.459,385.645,171.968,-1.800,953
53,27,0,0,0,8,11,44114,-40.968,-167.271,393.340,172.215,-1.811,953
53,27,0,0,0,8,12,44123,-35.367,-169.856,409.878,173.499,-1.776,954
53,27,0,0,0,8,13,44451,-34.425,-167.440,443.998,170.942,-1.774,1031
53,27,0,0,0,8,14,44454,-35.121,-169.366,449.256,172.969,-1.775,1032
53,27,0,0,0,8,15,44450,-37.954,-167.080,455.834,171.337,-1.794,1031
54,28,0,0,1,2,0,22950,-5.784,-31.659,82.785,32.183,-1.752,132
54,28,0,0,1,2,1,22990,-5.621,-31.668,96.245,32.163,-1.746,132
54,28,0,0,1,2,2,22987,-6.120,-31.640,100.972,32.226,-1.762,132
54,28,0,0,1,2,3,22982,-5.911,-31.652,108.159,32.199,-1.755,132
54,28,0,0,1,2,4,22945,-5.096,-31.698,109.112,32.105,-1.730,132
54,28,0,0,1,2,5,22967,-5.996,-31.647,116.462,32.210,-1.758,132
54,28,0,0,1,2,6,22953,-4.980,-31.704,122.402,32.093,-1.727,132
54,28,0,0,1,2,7,22942,-6.224,-31.634,123.759,32.241,-1.765,132
54,28,0,0,1,2,8,22956,-5.456,-31.677,136.737,32.144,-1.741,132
54,28,0,0,1,2,9,22996,-6.067,-31.643,138.967,32.219,-1.760,132
54,28,0,0,1,2,10,23828,-5.277,-31.192,146.395,31.635,-1.738,148
54,28,0,0,1,2,11,23810,-5.471,-31.181,149.349,31.657,-1.745,148
54,28,0,0,1,2,12,23813,-5.742,-31.165,154.805,31.690,-1.753,148
54,28,0,0,1,2,13,23840,-5.549,-31.176,170.233,31.666,-1.747,148
54,28,0,0,1,2,14,24391,-6.003,-31.647,257.919,32.211,-1.758,164
54,28,0,0,1,2,15,24399,-5.423,-31.679,258.000,32.140,-1.740,164
54,28,0,0,1,4,0,28968,-11.283,-71.582,17.721,72.466,-1.727,232
54,28,0,0,1,4,1,28946,-10.718,-71.559,21.063,72.357,-1.719,232
54,28,0,0,1,4,2,29924,-10.813,-72.058,72.008,72.865,-1.720,264
54,28,0,0,1,4,3,29923,-11.562,-72.090,116.829,73.011,-1.730,264
54,28,0,0,1,4,4,30637,-11.066,-71.573,149.171,72.424,-1.724,296
54,28,0,0,1,4,5,30607,-13.496,-69.803,153.968,71.095,-1.762,295
54,28,0,0,1,4,6,30649,-13.981,-71.695,158.364,73.046,-1.763,296
54,28,0,0,1,4,7,30626,-12.993,-69.881,168.953,71.079,-1.755,295
54,28,0,0,1,4,8,30643,-13.252,-71.665,173.286,72.880,-1.754,296
54,28,0,0,1,4,9,30636,-11.638,-71.597,177.872,72.537,-1.732,296
54,28,0,0,1,4,10,31133,-12.828,-70.408,231.146,71.567,-1.751,327
54,28,0,0,1,4,11,31150,-12.072,-72.111,231.633,73.115,-1.737,328
54,28,0,0,1,4,12,31147,-12.991,-72.149,236.600,73.310,-1.749,328
54,28,0,0,1,4,13,31151,-12.590,-72.133,266.201,73.223,-1.744,328
54,28,0,0,1,4,14,31524,-13.576,-69.790,297.818,71.098,-1.763,359
54,28,0,0,1,4,15,31533,-11.556,-71.594,315.882,72.520,-1.731,360
54,28,0,0,1,6,0,35007,-21.304,-114.331,-65.442,116.299,-1.755,324
54,28,0,0,1,6,1,35005,-20.439,-114.367,-47.233,116.179,-1.748,324
54,28,0,0,1,6,2,35004,-22.015,-114.302,-15.615,116.403,-1.761,324
54,28,0,0,1,6,3,35825,-21.179,-113.841,31.057,115.794,-1.755,376
54,28,0,0,1,6,4,35811,-20.462,-113.871,38.380,115.695,-1.749,376
54,28,0,0,1,6,5,35813,-21.645,-113.822,39.267,115.862,-1.759,376
54,28,0,0,1,6,6,35812,-21.771,-113.817,68.792,115.880,-1.760,376
54,28,0,0,1,6,7,36495,-21.761,-114.313,69.085,116.366,-1.759,428
54,28,0,0,1,6,8,36493,-22.128,-114.297,82.312,116.419,-1.762,428
54,28,0,0,1,6,9,37101,-19.780,-113.899,157.611,115.604,-1.743,480
54,28,0,0,1,6,10,37102,-20.971,-113.850,197.804,115.765,-1.753,480
54,28,0,0,1,6,11,37585,-17.666,-114.482,240.406,115.837,-1.724,532
54,28,0,0,1,6,12,37592,-22.428,-114.285,243.979,116.465,-1.765,532
54,28,0,0,1,6,13,37593,-18.887,-114.431,268.988,115.979,-1.734,532
54,28,0,0,1,6,14,37963,-17.992,-113.973,300.418,115.384,-1.727,584
54,28,0,0,1,6,15,38298,-19.663,-114.399,370.891,116.076,-1.741,636
54,28,0,0,1,8,0,42466,-31.248,-169.943,102.289,172.792,-1.753,642
54,28,0,0,1,8,1,42467,-29.453,-169.981,133.592,172.514,-1.742,642
54,28,0,0,1,8,2,42968,-30.180,-169.470,157.741,172.136,-1.747,720
54,28,0,0,1,8,3,42966,-27.609,-169.525,210.346,171.758,-1.732,720
54,28,0,0,1,8,4,43427,-27.788,-170.016,210.974,172.272,-1.733,798
54,28,0,0,1,8,5,43422,-26.688,-170.039,232.494,172.121,-1.726,798
54,28,0,0,1,8,6,43428,-29.439,-169.981,261.807,172.511,-1.742,798
54,28,0,0,1,8,7,43424,-33.527,-169.895,266.253,173.172,-1.766,798
54,28,0,0,1,8,8,43805,-32.323,-169.425,347.713,172.481,-1.759,876
54,28,0,0,1,8,9,43806,-25.241,-169.575,350.352,171.443,-1.719,876
54,28,0,0,1,8,10,43804,-25.396,-169.571,350.447,171.462,-1.719,876
54,28,0,0,1,8,11,44120,-25.476,-170.065,351.451,171.963,-1.719,954
54,28,0,0,1,8,12,44121,-25.540,-170.064,351.479,171.971,-1.720,954
54,28,0,0,1,8,13,44124,-29.234,-169.986,396.848,172.481,-1.741,954
54,28,0,0,1,8,14,44125,-32.456,-169.918,403.212,172.990,-1.760,954
54,28,0,0,1,8,15,44449,-32.802,-167.606,433.639,170.786,-1.764,1031
55,28,0,1,1,2,0,22950,-5.784,-31.659,82.785,32.183,-1.752,132
55,28,0,1,1,2,1,22990,-5.621,-31.668,96.245,32.163,-1.746,132
55,28,0,1,1,2,2,22987,-6.120,-31.640,100.972,32.226,-1.762,132
55,28,0,1,1,2,3,22982,-5.911,-31.652,108.159,32.199,-1.755,132
55,28,0,1,1,2,4,22945,-5.096,-31.698,109.112,32.105,-1.730,132
55,28,0,1,1,2,5,22967,-5.996,-31.647,116.462,32.210,-1.758,132
55,28,0,1,1,2,6,22953,-4.980,-31.704,122.402,32.093,-1.727,132
55,28,0,1,1,2,7,22942,-6.224,-31.634,123.759,32.241,-1.765,132
55,28,0,1,1,2,8,22956,-5.456,-31.677,136.737,32.144,-1.741,132
55,28,0,1,1,2,9,22996,-6.067,-31.643,138.967,32.219,-1.760,132
55,28,0,1,1,2,10,23828,-5.277,-31.192,146.395,31.635,-1.738,148
55,28,0,1,1,2,11,23810,-5.471,-31.181,149.349,31.657,-1.745,148
55,28,0,1,1,2,12,23813,-5.742,-31.165,154.805,31.690,-1.753,148
55,28,0,1,1,2,13,23840,-5.549,-31.176,170.233,31.666,-1.747,148
55,28,0,1,1,2,14,24391,-6.003,-31.647,257.919,32.211,-1.758,164
55,28,0,1,1,2,15,24399,-5.423,-31.679,258.000,32.140,-1.740,164
55,28,0,1,1,4,0,27820,-11.793,-72.099,-10.109,73.057,-1.733,200
55,28,0,1,1,4,1,27826,-13.683,-72.178,-6.284,73.464,-1.758,200
55,28,0,1,1,4,2,27811,-13.298,-70.335,-6.228,71.581,-1.758,199
55,28,0,1,1,4,3,28956,-11.270,-71.582,17.714,72.464,-1.727,232
55,28,0,1,1,4,4,28962,-11.270,-71.582,17.717,72.464,-1.727,232
55,28,0,1,1,4,5,28968,-11.283,-71.582,17.721,72.466,-1.727,232
55,28,0,1,1,4,6,28946,-10.718,-71.559,21.063,72.357,-1.719,232
55,28,0,1,1,4,7,29924,-10.813,-72.058,72.008,72.865,-1.720,264
55,28,0,1,1,4,8,29923,-11.562,-72.090,116.829,73.011,-1.730,264
55,28,0,1,1,4,9,30637,-11.066,-71.573,149.171,72.424,-1.724,296
55,28,0,1,1,4,10,30607,-13.496,-69.803,153.968,71.095,-1.762,295
55,28,0,1,1,4,11,30649,-13.981,-71.695,158.364,73.046,-1.763,296
55,28,0,1,1,4,12,30626,-12.993,-69.881,168.953,71.079,-1.755,295
55,28,0,1,1,4,13,30643,-13.252,-71.665,173.286,72.880,-1.754,296
55,28,0,1,1,4,14,30636,-11.638,-71.597,177.872,72.537,-1.732,296
55,28,0,1,1,4,15,31133,-12.828,-70.408,231.146,71.567,-1.751,327
55,28,0,1,1,6,0,33747,-21.224,-114.335,-152.447,116.288,-1.754,220
55,28,0,1,1,6,1,34313,-22.104,-113.803,-128.467,115.930,-1.763,272
55,28,0,1,1,6,2,34314,-17.338,-114.000,-116.418,115.311,-1.722,272
55,28,0,1,1,6,3,34315,-17.565,-113.990,-89.560,115.335,-1.724,272
55,28,0,1,1,6,4,34312,-20.308,-113.877,-79.423,115.674,-1.747,272
55,28,0,1,1,6,5,35007,-21.304,-114.331,-65.442,116.299,-1.755,324
55,28,0,1,1,6,6,35005,-20.439,-114.367,-47.233,116.179,-1.748,324
55,28,0,1,1,6,7,35004,-22.015,-114.302,-15.615,116.403,-1.761,324
55,28,0,1,1,6,8,35825,-21.179,-113.841,31.057,115.794,-1.755,376
55,28,0,1,1,6,9,35811,-20.462,-113.871,38.380,115.695,-1.749,376
55,28,0,1,1,6,10,35813,-21.645,-113.822,39.267,115.862,-1.759,376
55,28,0,1,1,6,11,35812,-21.771,-113.817,68.792,115.880,-1.760,376
55,28,0,1,1,6,12,36495,-21.761,-114.313,69.085,116.366,-1.759,428
55,28,0,1,1,6,13,36493,-22.128,-114.297,82.312,116.419,-1.762,428
55,28,0,1,1,6,14,37101,-19.780,-113.899,157.611,115.604,-1.743,480
55,28,0,1,1,6,15,37102,-20.971,-113.850,197.804,115.765,-1.753,480
55,28,0,1,1,8,0,40713,-28.738,-169.501,-123.633,171.920,-1.739,408
55,28,0,1,1,8,1,40716,-32.069,-169.431,-116.056,172.439,-1.758,408
55,28,0,1,1,8,2,40715,-33.606,-169.398,-105.115,172.699,-1.767,408
55,28,0,1,1,8,3,41293,-27.782,-170.016,-69.228,172.271,-1.733,486
55,28,0,1,1,8,4,41294,-25.671,-170.061,-55.520,171.988,-1.721,486
55,28,0,1,1,8,5,41295,-29.990,-169.970,-46.843,172.596,-1.745,486
55,28,0,1,1,8,6,41292,-30.517,-169.958,-39.601,172.676,-1.748,486
55,28,0,1,1,8,7,41916,-27.608,-169.525,3.303,171.758,-1.732,564
55,28,0,1,1,8,8,41918,-28.610,-169.504,7.626,171.902,-1.738,564
55,28,0,1,1,8,9,41920,-29.724,-169.480,10.535,172.067,-1.744,564
55,28,0,1,1,8,10,41917,-26.551,-169.547,26.615,171.613,-1.726,564
55,28,0,1,1,8,11,42463,-25.332,-170.068,79.854,171.944,-1.719,642
55,28,0,1,1,8,12,42462,-30.008,-169.969,85.088,172.598,-1.746,642
55,28,0,1,1,8,13,42468,-29.418,-169.982,93.259,172.509,-1.742,642
55,28,0,1,1,8,14,42465,-27.186,-170.029,97.794,172.189,-1.729,642
55,28,0,1,1,8,15,42466,-31.248,-169.943,102.289,172.792,-1.753,642
56,28,1,0,1,2,0,19002,-5.927,-31.651,-15.700,32.201,-1.756,100
56,28,1,0,1,2,1,19028,-6.039,-31.645,-15.592,32.216,-1.759,100
56,28,1,0,1,2,2,18995,-5.580,-31.671,-14.272,32.158,-1.745,100
56,28,1,0,1,2,3,18990,-6.162,-31.638,-8.478,32.232,-1.763,100
56,28,1,0,1,2,4,18975,-5.670,-31.665,-5.384,32.169,-1.748,100
56,28,1,0,1,2,5,18971,-5.027,-31.702,-5.159,32.098,-1.728,100
56,28,1,0,1,2,6,19053,-4.913,-31.708,0.241,32.087,-1.725,100
56,28,1,0,1,2,7,21160,-4.842,-31.216,0.266,31.589,-1.725,116
56,28,1,0,1,2,8,21125,-5.374,-31.186,2.403,31.646,-1.741,116
56,28,1,0,1,2,9,21089,-5.458,-31.181,9.738,31.656,-1.744,116
56,28,1,0,1,2,10,21157,-5.132,-31.200,28.431,31.619,-1.734,116
56,28,1,0,1,2,11,21108,-4.852,-31.216,29.968,31.590,-1.725,116
56,28,1,0,1,2,12,21203,-5.918,-31.155,37.362,31.713,-1.759,116
56,28,1,0,1,2,13,21102,-5.999,-31.151,55.363,31.723,-1.761,116
56,28,1,0,1,2,14,21187,-4.718,-31.223,64.876,31.578,-1.721,116
56,28,1,0,1,2,15,22950,-5.784,-31.659,82.785,32.183,-1.752,132
56,28,1,0,1,4,0,27820,-11.793,-72.099,-10.109,73.057,-1.733,200
56,28,1,0,1,4,1,27826,-13.683,-72.178,-6.284,73.464,-1.758,200
56,28,1,0,1,4,2,27811,-13.298,-70.335,-6.228,71.581,-1.758,199
56,28,1,0,1,4,3,28956,-11.270,-71.582,17.714,72.464,-1.727,232
56,28,1,0,1,4,4,28962,-11.270,-71.582,17.717,72.464,-1.727,232
56,28,1,0,1,4,5,28968,-11.283,-71.582,17.721,72.466,-1.727,232
56,28,1,0,1,4,6,28946,-10.718,-71.559,21.063,72.357,-1.719,232
56,28,1,0,1,4,7,29924,-10.813,-72.058,72.008,72.865,-1.720,264
56,28,1,0,1,4,8,29923,-11.562,-72.090,116.829,73.011,-1.730,264
56,28,1,0,1,4,9,30637,-11.066,-71.573,149.171,72.424,-1.724,296
56,28,1,0,1,4,10,30607,-13.496,-69.803,153.968,71.095,-1.762,295
56,28,1,0,1,4,11,30649,-13.981,-71.695,158.364,73.046,-1.763,296
56,28,1,0,1,4,12,30626,-12.993,-69.881,168.953,71.079,-1.755,295
56,28,1,0,1,4,13,30643,-13.252,-71.665,173.286,72.880,-1.754,296
56,28,1,0,1,4,14,30636,-11.638,-71.597,177.872,72.537,-1.732,296
56,28,1,0,1,4,15,31133,-12.828,-70.408,231.146,71.567,-1.751,327
56,28,1,0,1,6,0,34312,-20.308,-113.877,-79.423,115.674,-1.747,272
56,28,1,0,1,6,1,35007,-21.304,-114.331,-65.442,116.299,-1.755,324
56,28,1,0,1,6,2,35005,-20.439,-114.367,-47.233,116.179,-1.748,324
56,28,1,0,1,6,3,35004,-22.015,-114.302,-15.615,116.403,-1.761,324
56,28,1,0,1,6,4,35825,-21.179,-113.841,31.057,115.794,-1.755,376
56,28,1,0,1,6,5,35811,-20.462,-113.871,38.380,115.695,-1.749,376
56,28,1,0,1,6,6,35813,-21.645,-113.822,39.267,115.862,-1.759,376
56,28,1,0,1,6,7,35812,-21.771,-113.817,68.792,115.880,-1.760,376
56,28,1,0,1,6,8,36495,-21.761,-114.313,69.085,116.366,-1.759,428
56,28,1,0,1,6,9,36493,-22.128,-114.297,82.312,116.419,-1.762,428
56,28,1,0,1,6,10,37101,-19.780,-113.899,157.611,115.604,-1.743,480
56,28,1,0,1,6,11,37102,-20.971,-113.850,197.804,115.765,-1.753,480
56,28,1,0,1,6,12,37585,-17.666,-114.482,240.406,115.837,-1.724,532
56,28,1,0,1,6,13,37592,-22.428,-114.285,243.979,116.465,-1.765,532
56,28,1,0,1,6,14,37593,-18.887,-114.431,268.988,115.979,-1.734,532
56,28,1,0,1,6,15,37963,-17.992,-113.973,300.418,115.384,-1.727,584
56,28,1,0,1,8,0,42466,-31.248,-169.943,102.289,172.792,-1.753,642
56,28,1,0,1,8,1,42467,-29.453,-169.981,133.592,172.514,-1.742,642
56,28,1,0,1,8,2,42968,-30.180,-169.470,157.741,172.136,-1.747,720
56,28,1,0,1,8,3,42966,-27.609,-169.525,210.346,171.758,-1.732,720
56,28,1,0,1,8,4,43427,-27.788,-170.016,210.974,172.272,-1.733,798
56,28,1,0,1,8,5,43422,-26.688,-170.039,232.494,172.121,-1.726,798
56,28,1,0,1,8,6,43428,-29.439,-169.981,261.807,172.511,-1.742,798
56,28,1,0,1,8,7,43424,-33.527,-169.895,266.253,173.172,-1.766,798
56,28,1,0,1,8,8,43805,-32.323,-169.425,347.713,172.481,-1.759,876
56,28,1,0,1,8,9,43806,-25.241,-169.575,350.352,171.443,-1.719,876
56,28,1,0,1,8,10,43804,-25.396,-169.571,350.447,171.462,-1.719,876
56,28,1,0,1,8,11,44120,-25.476,-170.065,351.451,171.963,-1.719,954
56,28,1,0,1,8,12,44121,-25.540,-170.064,351.479,171.971,-1.720,954
56,28,1,0,1,8,13,44124,-29.234,-169.986,396.848,172.481,-1.741,954
56,28,1,0,1,8,14,44125,-32.456,-169.918,403.212,172.990,-1.760,954
56,28,1,0,1,8,15,44449,-32.802,-167.606,433.639,170.786,-1.764,1031
57,28,1,1,1,2,0,19002,-5.927,-31.651,-15.700,32.201,-1.756,100
57,28,1,1,1,2,1,19028,-6.039,-31.645,-15.592,32.216,-1.759,100
57,28,1,1,1,2,2,18995,-5.580,-31.671,-14.272,32.158,-1.745,100
57,28,1,1,1,2,3,18990,-6.162,-31.638,-8.478,32.232,-1.763,100
57,28,1,1,1,2,4,18975,-5.670,-31.665,-5.384,32.169,-1.748,100
57,28,1,1,1,2,5,18971,-5.027,-31.702,-5.159,32.098,-1.728,100
57,28,1,1,1,2,6,19053,-4.913,-31.708,0.241,32.087,-1.725,100
57,28,1,1,1,2,7,21160,-4.842,-31.216,0.266,31.589,-1.725,116
57,28,1,1,1,2,8,21125,-5.374,-31.186,2.403,31.646,-1.741,116
57,28,1,1,1,2,9,21089,-5.458,-31.181,9.738,31.656,-1.744,116
57,28,1,1,1,2,10,21157,-5.132,-31.200,28.431,31.619,-1.734,116
57,28,1,1,1,2,11,21108,-4.852,-31.216,29.968,31.590,-1.725,116
57,28,1,1,1,2,12,21203,-5.918,-31.155,37.362,31.713,-1.759,116
57,28,1,1,1,2,13,21102,-5.999,-31.151,55.363,31.723,-1.761,116
57,28,1,1,1,2,14,21187,-4.718,-31.223,64.876,31.578,-1.721,116
57,28,1,1,1,2,15,22950,-5.784,-31.659,82.785,32.183,-1.752,132
57,28,1,1,1,4,0,27832,-11.189,-72.074,-63.905,72.937,-1.725,200
57,28,1,1,1,4,1,27825,-12.292,-72.120,-52.001,73.160,-1.740,200
57,28,1,1,1,4,2,27834,-12.073,-72.111,-40.703,73.115,-1.737,200
57,28,1,1,1,4,3,27840,-13.742,-72.181,-30.487,73.477,-1.759,200
57,28,1,1,1,4,4,27805,-13.421,-70.315,-29.741,71.585,-1.759,199
57,28,1,1,1,4,5,27849,-12.866,-72.144,-21.056,73.282,-1.747,200
57,28,1,1,1,4,6,27827,-11.434,-72.084,-10.784,72.985,-1.728,200
57,28,1,1,1,4,7,27820,-11.793,-72.099,-10.109,73.057,-1.733,200
57,28,1,1,1,4,8,27826,-13.683,-72.178,-6.284,73.464,-1.758,200
57,28,1,1,1,4,9,27811,-13.298,-70.335,-6.228,71.581,-1.758,199
57,28,1,1,1,4,10,28956,-11.270,-71.582,17.714,72.464,-1.727,232
57,28,1,1,1,4,11,28962,-11.270,-71.582,17.717,72.464,-1.727,232
57,28,1,1,1,4,12,28968,-11.283,-71.582,17.721,72.466,-1.727,232
57,28,1,1,1,4,13,28946,-10.718,-71.559,21.063,72.357,-1.719,232
57,28,1,1,1,4,14,29924,-10.813,-72.058,72.008,72.865,-1.720,264
57,28,1,1,1,4,15,29923,-11.562,-72.090,116.829,73.011,-1.730,264
57,28,1,1,1,6,0,33293,-22.447,-113.789,-228.484,115.982,-1.766,168
57,28,1,1,1,6,1,33747,-21.224,-114.335,-152.447,116.288,-1.754,220
57,28,1,1,1,6,2,34313,-22.104,-113.803,-128.467,115.930,-1.763,272
57,28,1,1,1,6,3,34314,-17.338,-114.000,-116.418,115.311,-1.722,272
57,28,1,1,1,6,4,34315,-17.565,-113.990,-89.560,115.335,-1.724,272
57,28,1,1,1,6,5,34312,-20.308,-113.877,-79.423,115.674,-1.747,272
57,28,1,1,1,6,6,35007,-21.304,-114.331,-65.442,116.299,-1.755,324
57,28,1,1,1,6,7,35005,-20.439,-114.367,-47.233,116.179,-1.748,324
57,28,1,1,1,6,8,35004,-22.015,-114.302,-15.615,116.403,-1.761,324
57,28,1,1,1,6,9,35825,-21.179,-113.841,31.057,115.794,-1.755,376
57,28,1,1,1,6,10,35811,-20.462,-113.871,38.380,115.695,-1.749,376
57,28,1,1,1,6,11,35813,-21.645,-113.822,39.267,115.862,-1.759,376
57,28,1,1,1,6,12,35812,-21.771,-113.817,68.792,115.880,-1.760,376
57,28,1,1,1,6,13,36495,-21.761,-114.313,69.085,116.366,-1.759,428
57,28,1,1,1,6,14,36493,-22.128,-114.297,82.312,116.419,-1.762,428
57,28,1,1,1,6,15,37101,-19.780,-113.899,157.611,115.604,-1.743,480
57,28,1,1,1,8,0,40713,-28.738,-169.501,-123.633,171.920,-1.739,408
57,28,1,1,1,8,1,40716,-32.069,-169.431,-116.056,172.439,-1.758,408
57,28,1,1,1,8,2,40715,-33.606,-169.398,-105.115,172.699,-1.767,408
57,28,1,1,1,8,3,41293,-27.782,-170.016,-69.228,172.271,-1.733,486
57,28,1,1,1,8,4,41294,-25.671,-170.061,-55.520,171.988,-1.721,486
57,28,1,1,1,8,5,41295,-29.990,-169.970,-46.843,172.596,-1.745,486
57,28,1,1,1,8,6,41292,-30.517,-169.958,-39.601,172.676,-1.748,486
57,28,1,1,1,8,7,41916,-27.608,-169.525,3.303,171.758,-1.732,564
57,28,1,1,1,8,8,41918,-28.610,-169.504,7.626,171.902,-1.738,564
57,28,1,1,1,8,9,41920,-29.724,-169.480,10.535,172.067,-1.744,564
57,28,1,1,1,8,10,41917,-26.551,-169.547,26.615,171.613,-1.726,564
57,28,1,1,1,8,11,42463,-25.332,-170.068,79.854,171.944,-1.719,642
57,28,1,1,1,8,12,42462,-30.008,-169.969,85.088,172.598,-1.746,642
57,28,1,1,1,8,13,42468,-29.418,-169.982,93.259,172.509,-1.742,642
57,28,1,1,1,8,14,42465,-27.186,-170.029,97.794,172.189,-1.729,642
57,28,1,1,1,8,15,42466,-31.248,-169.943,102.289,172.792,-1.753,642
58,28,2,0,1,2,0,17782,-5.615,-31.173,-127.337,31.674,-1.749,84
58,28,2,0,1,2,1,17789,-4.801,-31.218,-116.931,31.585,-1.723,84
58,28,2,0,1,2,2,17753,-5.188,-31.197,-110.459,31.625,-1.736,84
58,28,2,0,1,2,3,17793,-5.646,-31.171,-106.214,31.678,-1.750,84
58,28,2,0,1,2,4,17749,-5.535,-31.177,-82.891,31.665,-1.746,84
58,28,2,0,1,2,5,19004,-5.580,-31.671,-61.298,32.158,-1.745,100
58,28,2,0,1,2,6,18947,-6.067,-31.643,-58.687,32.219,-1.760,100
58,28,2,0,1,2,7,19011,-5.119,-31.697,-55.303,32.107,-1.731,100
58,28,2,0,1,2,8,19032,-5.621,-31.668,-46.394,32.163,-1.746,100
58,28,2,0,1,2,9,19034,-5.724,-31.662,-38.512,32.176,-1.750,100
58,28,2,0,1,2,10,18970,-4.943,-31.706,-33.381,32.089,-1.725,100
58,28,2,0,1,2,11,18965,-5.114,-31.697,-31.782,32.107,-1.731,100
58,28,2,0,1,2,12,18956,-5.530,-31.673,-26.605,32.153,-1.744,100
58,28,2,0,1,2,13,18938,-5.148,-31.695,-25.529,32.110,-1.732,100
58,28,2,0,1,2,14,18953,-6.027,-31.645,-18.279,32.214,-1.759,100
58,28,2,0,1,2,15,19002,-5.927,-31.651,-15.700,32.201,-1.756,100
58,28,2,0,1,4,0,27832,-11.189,-72.074,-63.905,72.937,-1.725,200
58,28,2,0,1,4,1,27825,-12.292,-72.120,-52.001,73.160,-1.740,200
58,28,2,0,1,4,2,27834,-12.073,-72.111,-40.703,73.115,-1.737,200
58,28,2,0,1,4,3,27840,-13.742,-72.181,-30.487,73.477,-1.759,200
58,28,2,0,1,4,4,27805,-13.421,-70.315,-29.741,71.585,-1.759,199
58,28,2,0,1,4,5,27849,-12.866,-72.144,-21.056,73.282,-1.747,200
58,28,2,0,1,4,6,27827,-11.434,-72.084,-10.784,72.985,-1.728,200
58,28,2,0,1,4,7,27820,-11.793,-72.099,-10.109,73.057,-1.733,200
58,28,2,0,1,4,8,27826,-13.683,-72.178,-6.284,73.464,-1.758,200
58,28,2,0,1,4,9,27811,-13.298,-70.335,-6.228,71.581,-1.758,199
58,28,2,0,1,4,10,28956,-11.270,-71.582,17.714,72.464,-1.727,232
58,28,2,0,1,4,11,28962,-11.270,-71.582,17.717,72.464,-1.727,232
58,28,2,0,1,4,12,28968,-11.283,-71.582,17.721,72.466,-1.727,232
58,28,2,0,1,4,13,28946,-10.718,-71.559,21.063,72.357,-1.719,232
58,28,2,0,1,4,14,29924,-10.813,-72.058,72.008,72.865,-1.720,264
58,28,2,0,1,4,15,29923,-11.562,-72.090,116.829,73.011,-1.730,264
58,28,2,0,1,6,0,34315,-17.565,-113.990,-89.560,115.335,-1.724,272
58,28,2,0,1,6,1,34312,-20.308,-113.877,-79.423,115.674,-1.747,272
58,28,2,0,1,6,2,35007,-21.304,-114.331,-65.442,116.299,-1.755,324
58,28,2,0,1,6,3,35005,-20.439,-114.367,-47.233,116.179,-1.748,324
58,28,2,0,1,6,4,35004,-22.015,-114.302,-15.615,116.403,-1.761,324
58,28,2,0,1,6,5,35825,-21.179,-113.841,31.057,115.794,-1.755,376
58,28,2,0,1,6,6,35811,-20.462,-113.871,38.380,115.695,-1.749,376
58,28,2,0,1,6,7,35813,-21.645,-113.822,39.267,115.862,-1.759,376
58,28,2,0,1,6,8,35812,-21.771,-113.817,68.792,115.880,-1.760,376
58,28,2,0,1,6,9,36495,-21.761,-114.313,69.085,116.366,-1.759,428
58,28,2,0,1,6,10,36493,-22.128,-114.297,82.312,116.419,-1.762,428
58,28,2,0,1,6,11,37101,-19.780,-113.899,157.611,115.604,-1.743,480
58,28,2,0,1,6,12,37102,-20.971,-113.850,197.804,115.765,-1.753,480
58,28,2,0,1,6,13,37585,-17.666,-114.482,240.406,115.837,-1.724,532
58,28,2,0,1,6,14,37592,-22.428,-114.285,243.979,116.465,-1.765,532
58,28,2,0,1,6,15,37593,-18.887,-114.431,268.988,115.979,-1.734,532
58,28,2,0,1,8,0,42466,-31.248,-169.943,102.289,172.792,-1.753,642
58,28,2,0,1,8,1,42467,-29.453,-169.981,133.592,172.514,-1.742,642
58,28,2,0,1,8,2,42968,-30.180,-169.470,157.741,172.136,-1.747,720
58,28,2,0,1,8,3,42966,-27.609,-169.525,210.346,171.758,-1.732,720
58,28,2,0,1,8,4,43427,-27.788,-170.016,210.974,172.272,-1.733,798
58,28,2,0,1,8,5,43422,-26.688,-170.039,232.494,172.121,-1.726,798
58,28,2,0,1,8,6,43428,-29.439,-169.981,261.807,172.511,-1.742,798
58,28,2,0,1,8,7,43424,-33.527,-169.895,266.253,173.172,-1.766,798
58,28,2,0,1,8,8,43805,-32.323,-169.425,347.713,172.481,-1.759,876
58,28,2,0,1,8,9,43806,-25.241,-169.575,350.352,171.443,-1.719,876
58,28,2,0,1,8,10,43804,-25.396,-169.571,350.447,171.462,-1.719,876
58,28,2,0,1,8,11,44120,-25.476,-170.065,351.451,171.963,-1.719,954
58,28,2,0,1,8,12,44121,-25.540,-170.064,351.479,171.971,-1.720,954
58,28,2,0,1,8,13,44124,-29.234,-169.986,396.848,172.481,-1.741,954
58,28,2,0,1,8,14,44125,-32.456,-169.918,403.212,172.990,-1.760,954
58,28,2,0,1,8,15,44449,-32.802,-167.606,433.639,170.786,-1.764,1031
59,28,2,1,0,2,0,17782,-5.615,-31.173,-127.337,31.674,-1.749,84
59,28,2,1,0,2,1,17789,-4.801,-31.218,-116.931,31.585,-1.723,84
59,28,2,1,0,2,2,17753,-5.188,-31.197,-110.459,31.625,-1.736,84
59,28,2,1,0,2,3,17793,-5.646,-31.171,-106.214,31.678,-1.750,84
59,28,2,1,0,2,4,17749,-5.535,-31.177,-82.891,31.665,-1.746,84
59,28,2,1,0,2,5,19004,-5.580,-31.671,-61.298,32.158,-1.745,100
59,28,2,1,0,2,6,18947,-6.067,-31.643,-58.687,32.219,-1.760,100
59,28,2,1,0,2,7,19011,-5.119,-31.697,-55.303,32.107,-1.731,100
59,28,2,1,0,2,8,19032,-5.621,-31.668,-46.394,32.163,-1.746,100
59,28,2,1,0,2,9,19034,-5.724,-31.662,-38.512,32.176,-1.750,100
59,28,2,1,0,2,10,18970,-4.943,-31.706,-33.381,32.089,-1.725,100
59,28,2,1,0,2,11,18965,-5.114,-31.697,-31.782,32.107,-1.731,100
59,28,2,1,0,2,12,18956,-5.530,-31.673,-26.605,32.153,-1.744,100
59,28,2,1,0,2,13,18938,-5.148,-31.695,-25.529,32.110,-1.732,100
59,28,2,1,0,2,14,18953,-6.027,-31.645,-18.279,32.214,-1.759,100
59,28,2,1,0,2,15,19002,-5.927,-31.651,-15.700,32.201,-1.756,100
59,28,2,1,0,4,0,26896,-12.993,-69.881,-138.929,71.078,-1.755,167
59,28,2,1,0,4,1,26920,-12.548,-71.635,-79.373,72.726,-1.744,168
59,28,2,1,0,4,2,26926,-11.233,-71.580,-72.857,72.456,-1.726,168
59,28,2,1,0,4,3,27832,-11.189,-72.074,-63.905,72.937,-1.725,200
59,28,2,1,0,4,4,27825,-12.292,-72.120,-52.001,73.160,-1.740,200
59,28,2,1,0,4,5,27834,-12.073,-72.111,-40.703,73.115,-1.737,200
59,28,2,1,0,4,6,27840,-13.742,-72.181,-30.487,73.477,-1.759,200
59,28,2,1,0,4,7,27805,-13.421,-70.315,-29.741,71.585,-1.759,199
59,28,2,1,0,4,8,27849,-12.866,-72.144,-21.056,73.282,-1.747,200
59,28,2,1,0,4,9,27827,-11.434,-72.084,-10.784,72.985,-1.728,200
59,28,2,1,0,4,10,27820,-11.793,-72.099,-10.109,73.057,-1.733,200
59,28,2,1,0,4,11,27826,-13.683,-72.178,-6.284,73.464,-1.758,200
59,28,2,1,0,4,12,27811,-13.298,-70.335,-6.228,71.581,-1.758,199
59,28,2,1,0,4,13,28956,-11.270,-71.582,17.714,72.464,-1.727,232
59,28,2,1,0,4,14,28962,-11.270,-71.582,17.717,72.464,-1.727,232
59,28,2,1,0,4,15,28968,-11.283,-71.582,17.721,72.466,-1.727,232
59,28,2,1,0,6,0,32938,-21.195,-114.336,-327.324,116.284,-1.754,116
59,28,2,1,0,6,1,32944,-18.850,-114.433,-304.277,115.975,-1.734,116
59,28,2,1,0,6,2,32940,-22.434,-114.285,-293.646,116.466,-1.765,116
59,28,2,1,0,6,3,33293,-22.447,-113.789,-228.484,115.982,-1.766,168
59,28,2,1,0,6,4,33747,-21.224,-114.335,-152.447,116.288,-1.754,220
59,28,2,1,0,6,5,34313,-22.104,-113.803,-128.467,115.930,-1.763,272
59,28,2,1,0,6,6,34314,-17.338,-114.000,-116.418,115.311,-1.722,272
59,28,2,1,0,6,7,34315,-17.565,-113.990,-89.560,115.335,-1.724,272
59,28,2,1,0,6,8,34312,-20.308,-113.877,-79.423,115.674,-1.747,272
59,28,2,1,0,6,9,35007,-21.304,-114.331,-65.442,116.299,-1.755,324
59,28,2,1,0,6,10,35005,-20.439,-114.367,-47.233,116.179,-1.748,324
59,28,2,1,0,6,11,35004,-22.015,-114.302,-15.615,116.403,-1.761,324
59,28,2,1,0,6,12,35825,-21.179,-113.841,31.057,115.794,-1.755,376
59,28,2,1,0,6,13,35811,-20.462,-113.871,38.380,115.695,-1.749,376
59,28,2,1,0,6,14,35813,-21.645,-113.822,39.267,115.862,-1.759,376
59,28,2,1,0,6,15,35812,-21.771,-113.817,68.792,115.880,-1.760,376
59,28,2,1,0,8,0,40713,-28.738,-169.501,-123.633,171.920,-1.739,408
59,28,2,1,0,8,1,40716,-32.069,-169.431,-116.056,172.439,-1.758,408
59,28,2,1,0,8,2,40715,-33.606,-169.398,-105.115,172.699,-1.767,408
59,28,2,1,0,8,3,41293,-27.782,-170.016,-69.228,172.271,-1.733,486
59,28,2,1,0,8,4,41294,-25.671,-170.061,-55.520,171.988,-1.721,486
59,28,2,1,0,8,5,41295,-29.990,-169.970,-46.843,172.596,-1.745,486
59,28,2,1,0,8,6,41292,-30.517,-169.958,-39.601,172.676,-1.748,486
59,28,2,1,0,8,7,41916,-27.608,-169.525,3.303,171.758,-1.732,564
59,28,2,1,0,8,8,41918,-28.610,-169.504,7.626,171.902,-1.738,564
59,28,2,1,0,8,9,41920,-29.724,-169.480,10.535,172.067,-1.744,564
59,28,2,1,0,8,10,41917,-26.551,-169.547,26.615,171.613,-1.726,564
59,28,2,1,0,8,11,42463,-25.332,-170.068,79.854,171.944,-1.719,642
59,28,2,1,0,8,12,42462,-30.008,-169.969,85.088,172.598,-1.746,642
59,28,2,1,0,8,13,42468,-29.418,-169.982,93.259,172.509,-1.742,642
59,28,2,1,0,8,14,42465,-27.186,-170.029,97.794,172.189,-1.729,642
59,28,2,1,0,8,15,42466,-31.248,-169.943,102.289,172.792,-1.753,642
60,29,0,0,0,2,0,21169,-3.876,-31.271,25.071,31.510,-1.694,116
60,29,0,0,0,2,1,21107,-3.116,-31.314,49.106,31.468,-1.670,116
60,29,0,0,0,2,2,21154,-3.296,-31.303,50.573,31.476,-1.676,116
60,29,0,0,0,2,3,21151,-3.614,-31.285,61.182,31.494,-1.686,116
60,29,0,0,0,2,4,22978,-4.685,-31.721,78.388,32.065,-1.717,132
60,29,0,0,0,2,5,22960,-4.591,-31.726,93.575,32.057,-1.715,132
60,29,0,0,0,2,6,22954,-3.145,-31.808,112.218,31.963,-1.669,132
60,29,0,0,0,2,7,22935,-3.370,-31.795,124.814,31.973,-1.676,132
60,29,0,0,0,2,8,22937,-3.175,-31.806,131.893,31.964,-1.670,132
60,29,0,0,0,2,9,23812,-3.655,-31.283,142.464,31.496,-1.687,148
60,29,0,0,0,2,10,23822,-3.833,-31.273,152.360,31.507,-1.693,148
60,29,0,0,0,2,11,23807,-3.776,-31.276,169.320,31.503,-1.691,148
60,29,0,0,0,2,12,24408,-3.837,-31.769,230.012,32.000,-1.691,164
60,29,0,0,0,2,13,24394,-3.674,-31.778,245.107,31.990,-1.686,164
60,29,0,0,0,2,14,24406,-4.453,-31.734,263.475,32.045,-1.710,164
60,29,0,0,0,2,15,24772,-4.390,-31.242,299.368,31.549,-1.710,180
60,29,0,0,0,4,0,28983,-8.669,-71.473,43.100,71.997,-1.691,232
60,29,0,0,0,4,1,28973,-7.044,-71.405,55.833,71.752,-1.669,232
60,29,0,0,0,4,2,29931,-7.171,-71.906,87.311,72.262,-1.670,264
60,29,0,0,0,4,3,30646,-7.113,-71.408,170.990,71.761,-1.670,296
60,29,0,0,0,4,4,30632,-8.107,-71.450,187.168,71.908,-1.684,296
60,29,0,0,0,4,5,30644,-8.644,-71.472,188.653,71.993,-1.691,296
60,29,0,0,0,4,6,30639,-10.287,-71.541,204.040,72.277,-1.714,296
60,29,0,0,0,4,7,31155,-10.359,-72.039,227.253,72.780,-1.714,328
60,29,0,0,0,4,8,31153,-9.811,-72.016,244.484,72.682,-1.706,328
60,29,0,0,0,4,9,31156,-8.652,-71.968,248.487,72.486,-1.690,328
60,29,0,0,0,4,10,31149,-9.269,-71.994,272.722,72.588,-1.699,328
60,29,0,0,0,4,11,31152,-7.184,-71.906,275.715,72.264,-1.670,328
60,29,0,0,0,4,12,31148,-8.797,-71.974,277.342,72.509,-1.692,328
60,29,0,0,0,4,13,31541,-10.223,-71.538,284.837,72.265,-1.713,360
60,29,0,0,0,4,14,31544,-8.457,-71.464,311.547,71.963,-1.689,360
60,29,0,0,0,4,15,31534,-10.140,-71.534,336.073,72.250,-1.712,360
60,29,0,0,0,6,0,36490,-16.581,-114.526,115.678,115.720,-1.715,428
60,29,0,0,0,6,1,36492,-13.270,-114.663,121.873,115.428,-1.686,428
60,29,0,0,0,6,2,37103,-14.393,-114.121,183.567,115.025,-1.696,480
60,29,0,0,0,6,3,37108,-14.975,-116.176,186.546,117.137,-1.699,481
60,29,0,0,0,6,4,37601,-12.185,-116.450,240.914,117.086,-1.675,533
60,29,0,0,0,6,5,37596,-12.698,-116.491,259.075,117.181,-1.679,533
60,29,0,0,0,6,6,37581,-15.382,-114.576,263.150,115.604,-1.704,532
60,29,0,0,0,6,7,37579,-12.949,-114.676,264.997,115.405,-1.683,532
60,29,0,0,0,6,8,37598,-13.391,-116.546,269.394,117.313,-1.685,533
60,29,0,0,0,6,9,37588,-13.123,-114.669,274.625,115.418,-1.685,532
60,29,0,0,0,6,10,37602,-13.411,-116.548,279.140,117.317,-1.685,533
60,29,0,0,0,6,11,37600,-12.229,-116.453,280.474,117.093,-1.675,533
60,29,0,0,0,6,12,37965,-16.420,-114.037,287.471,115.213,-1.714,584
60,29,0,0,0,6,13,37962,-14.293,-114.125,316.869,115.017,-1.695,584
60,29,0,0,0,6,14,37971,-14.823,-116.164,322.543,117.106,-1.698,585
60,29,0,0,0,6,15,37967,-11.938,-115.934,322.670,116.547,-1.673,585
60,29,0,0,0,8,0,42974,-19.936,-171.557,155.274,172.711,-1.686,721
60,29,0,0,0,8,1,42967,-23.360,-169.614,172.302,171.215,-1.708,720
60,29,0,0,0,8,2,42977,-19.530,-171.533,179.169,172.641,-1.684,721
60,29,0,0,0,8,3,42969,-19.219,-169.702,179.526,170.787,-1.684,720
60,29,0,0,0,8,4,42972,-21.172,-171.631,193.756,172.932,-1.694,721
60,29,0,0,0,8,5,43423,-22.639,-170.125,213.556,171.625,-1.703,798
60,29,0,0,0,8,6,43430,-17.261,-171.894,237.203,172.759,-1.671,799
60,29,0,0,0,8,7,43436,-19.089,-172.003,246.932,173.059,-1.681,799
60,29,0,0,0,8,8,43425,-21.039,-170.159,273.077,171.455,-1.694,798
60,29,0,0,0,8,9,43432,-20.805,-172.105,274.494,173.358,-1.691,799
60,29,0,0,0,8,10,43807,-20.359,-169.678,294.598,170.895,-1.690,876
60,29,0,0,0,8,11,43810,-20.210,-171.573,297.900,172.759,-1.688,877
60,29,0,0,0,8,12,44126,-19.920,-170.182,358.827,171.344,-1.687,954
60,29,0,0,0,8,13,44129,-17.802,-171.926,373.154,172.845,-1.674,955
60,29,0,0,0,8,14,44131,-19.127,-172.005,380.347,173.065,-1.682,955
60,29,0,0,0,8,15,44122,-22.817,-170.121,408.328,171.644,-1.704,954
61,30,0,0,0,2,0,21134,-3.062,-31.317,18.012,31.466,-1.668,116
61,30,0,0,0,2,1,21149,-2.157,-31.368,18.091,31.442,-1.639,116
61,30,0,0,0,2,2,21105,-2.991,-31.321,18.899,31.463,-1.666,116
61,30,0,0,0,2,3,21116,-1.622,-31.398,22.977,31.440,-1.622,116
61,30,0,0,0,2,4,21152,-2.198,-31.365,24.195,31.442,-1.641,116
61,30,0,0,0,2,5,21343,-1.672,-33.890,24.430,33.931,-1.620,117
61,30,0,0,0,2,6,21120,-2.351,-31.357,34.733,31.445,-1.646,116
61,30,0,0,0,2,7,21170,-2.709,-31.337,60.973,31.453,-1.657,116
61,30,0,0,0,2,8,22958,-2.705,-31.833,76.465,31.947,-1.656,132
61,30,0,0,0,2,9,22969,-2.757,-31.830,86.211,31.949,-1.657,132
61,30,0,0,0,2,10,22952,-2.317,-31.855,120.024,31.939,-1.643,132
61,30,0,0,0,2,11,22974,-1.676,-31.891,127.093,31.935,-1.623,132
61,30,0,0,0,2,12,22941,-2.287,-31.856,140.057,31.938,-1.642,132
61,30,0,0,0,2,13,23833,-2.058,-31.373,159.657,31.441,-1.636,148
61,30,0,0,0,2,14,23844,-2.207,-31.365,164.737,31.442,-1.641,148
61,30,0,0,0,2,15,23818,-1.889,-31.383,191.854,31.440,-1.631,148
61,30,0,0,0,4,0,28948,-5.308,-71.332,32.456,71.530,-1.645,232
61,30,0,0,0,4,1,28958,-4.328,-71.291,40.275,71.423,-1.631,232
61,30,0,0,0,4,2,28971,-3.629,-71.262,41.582,71.354,-1.622,232
61,30,0,0,0,4,3,28960,-6.986,-71.403,53.840,71.743,-1.668,232
61,30,0,0,0,4,4,28967,-4.595,-71.302,56.979,71.450,-1.635,232
61,30,0,0,0,4,5,28951,-5.516,-71.341,62.751,71.554,-1.648,232
61,30,0,0,0,4,6,29930,-3.640,-71.758,87.519,71.850,-1.621,264
61,30,0,0,0,4,7,29929,-6.302,-71.870,115.450,72.145,-1.658,264
61,30,0,0,0,4,8,29928,-4.475,-71.793,122.708,71.932,-1.633,264
61,30,0,0,0,4,9,30642,-6.427,-71.379,144.755,71.668,-1.661,296
61,30,0,0,0,4,10,30650,-4.953,-71.317,148.908,71.489,-1.640,296
61,30,0,0,0,4,11,30638,-5.550,-71.342,156.955,71.558,-1.648,296
61,30,0,0,0,4,12,30631,-3.503,-71.257,163.652,71.343,-1.620,296
61,30,0,0,0,4,13,30633,-4.833,-71.312,164.553,71.476,-1.638,296
61,30,0,0,0,4,14,30630,-5.355,-71.334,198.776,71.535,-1.646,296
61,30,0,0,0,4,15,31545,-6.971,-71.402,279.885,71.741,-1.668,360
61,30,0,0,0,6,0,36501,-8.161,-116.129,93.067,116.415,-1.641,429
61,30,0,0,0,6,1,36506,-10.207,-116.292,93.818,116.739,-1.658,429
61,30,0,0,0,6,2,36502,-6.250,-115.977,100.972,116.145,-1.625,429
61,30,0,0,0,6,3,37111,-11.360,-115.887,141.913,116.442,-1.669,481
61,30,0,0,0,6,4,37107,-9.771,-115.761,143.002,116.173,-1.655,481
61,30,0,0,0,6,5,37115,-7.951,-115.616,185.022,115.889,-1.639,481
61,30,0,0,0,6,6,37110,-5.973,-115.458,188.364,115.612,-1.622,481
61,30,0,0,0,6,7,37112,-7.817,-115.605,189.484,115.869,-1.638,481
61,30,0,0,0,6,8,37117,-6.032,-115.462,207.216,115.619,-1.623,481
61,30,0,0,0,6,9,37597,-6.246,-115.976,236.298,116.144,-1.625,533
61,30,0,0,0,6,10,37604,-5.881,-115.947,259.325,116.096,-1.621,533
61,30,0,0,0,6,11,37603,-7.869,-116.106,264.158,116.372,-1.638,533
61,30,0,0,0,6,12,37594,-7.424,-116.070,265.006,116.307,-1.635,533
61,30,0,0,0,6,13,37595,-7.562,-116.081,274.391,116.327,-1.636,533
61,30,0,0,0,6,14,37969,-7.007,-115.540,308.261,115.752,-1.631,585
61,30,0,0,0,6,15,37972,-7.915,-115.613,337.844,115.884,-1.639,585
61,30,0,0,0,8,0,42472,-10.825,-171.511,94.300,171.852,-1.634,643
61,30,0,0,0,8,1,42469,-14.942,-171.756,129.497,172.405,-1.658,643
61,30,0,0,0,8,2,42470,-9.925,-171.457,135.568,171.744,-1.629,643
61,30,0,0,0,8,3,42976,-12.385,-171.108,157.703,171.556,-1.643,721
61,30,0,0,0,8,4,43435,-11.003,-171.521,213.771,171.874,-1.635,799
61,30,0,0,0,8,5,43433,-10.751,-171.506,230.465,171.843,-1.633,799
61,30,0,0,0,8,6,43429,-9.113,-171.409,252.911,171.651,-1.624,799
61,30,0,0,0,8,7,43434,-11.377,-171.544,255.580,171.921,-1.637,799
61,30,0,0,0,8,8,43811,-15.409,-171.288,309.539,171.980,-1.661,877
61,30,0,0,0,8,9,43809,-16.279,-171.339,317.516,172.111,-1.666,877
61,30,0,0,0,8,10,44132,-10.591,-171.497,394.872,171.824,-1.632,955
61,30,0,0,0,8,11,44130,-9.395,-171.426,396.206,171.683,-1.626,955
61,30,0,0,0,8,12,44128,-14.822,-171.749,398.951,172.387,-1.657,955
61,30,0,0,0,8,13,44127,-11.200,-171.533,406.884,171.898,-1.636,955
61,30,0,0,0,8,14,44457,-11.484,-171.054,467.415,171.439,-1.638,1033
61,30,0,0,0,8,15,44456,-9.132,-170.914,469.268,171.158,-1.624,1033
62,31,0,0,1,2,0,23858,-1.443,-33.810,142.052,33.841,-1.613,149
62,31,0,0,1,2,1,23834,-1.389,-31.411,152.079,31.442,-1.615,148
62,31,0,0,1,2,2,23837,-0.958,-31.435,160.186,31.450,-1.601,148
62,31,0,0,1,2,3,23854,-1.602,-33.866,164.675,33.904,-1.618,149
62,31,0,0,1,2,4,23878,-0.999,-33.655,171.667,33.670,-1.600,149
62,31,0,0,1,2,5,23829,-1.309,-31.416,180.412,31.443,-1.612,148
62,31,0,0,1,2,6,23855,-1.337,-33.773,194.101,33.800,-1.610,149
62,31,0,0,1,2,7,23815,-0.510,-31.461,197.328,31.465,-1.587,148
62,31,0,0,1,2,8,23873,-0.552,-33.499,210.056,33.503,-1.587,149
62,31,0,0,1,2,9,24418,-0.569,-34.029,213.451,34.034,-1.588,165
62,31,0,0,1,2,10,24410,-0.158,-31.976,272.491,31.977,-1.576,164
62,31,0,0,1,2,11,24405,-0.558,-31.954,278.596,31.959,-1.588,164
62,31,0,0,1,2,12,24765,-1.209,-31.421,280.828,31.444,-1.609,180
62,31,0,0,1,2,13,24786,-0.124,-33.349,284.249,33.349,-1.575,181
62,31,0,0,1,2,14,24782,-0.566,-33.504,292.150,33.508,-1.588,181
62,31,0,0,1,2,15,24777,-1.246,-33.741,301.961,33.764,-1.608,181
62,31,0,0,1,4,0,29922,-0.893,-71.643,79.625,71.649,-1.583,264
62,31,0,0,1,4,1,29952,-0.785,-73.812,82.033,73.816,-1.581,265
62,31,0,0,1,4,2,29921,-0.628,-71.632,93.060,71.635,-1.580,264
62,31,0,0,1,4,3,29937,-0.588,-73.764,95.875,73.766,-1.579,265
62,31,0,0,1,4,4,29932,-1.718,-71.678,127.428,71.698,-1.595,264
62,31,0,0,1,4,5,30635,-1.895,-71.189,144.087,71.215,-1.597,296
62,31,0,0,1,4,6,30655,-0.018,-73.116,168.910,73.116,-1.571,297
62,31,0,0,1,4,7,30645,-2.219,-71.203,173.864,71.238,-1.602,296
62,31,0,0,1,4,8,30648,-2.448,-71.213,187.234,71.255,-1.605,296
62,31,0,0,1,4,9,30634,-3.168,-71.243,187.618,71.313,-1.615,296
62,31,0,0,1,4,10,31154,-2.394,-71.706,233.591,71.746,-1.604,328
62,31,0,0,1,4,11,31536,-1.144,-71.158,280.368,71.167,-1.587,360
62,31,0,0,1,4,12,31539,-0.276,-71.122,289.917,71.122,-1.575,360
62,31,0,0,1,4,13,31555,-0.444,-73.220,298.222,73.221,-1.577,361
62,31,0,0,1,4,14,31537,-2.321,-71.207,316.643,71.245,-1.603,360
62,31,0,0,1,4,15,31856,-0.944,-71.645,368.224,71.651,-1.584,392
62,31,0,0,1,6,0,36523,-0.950,-117.657,89.419,117.661,-1.579,430
62,31,0,0,1,6,1,36496,-5.105,-115.885,91.791,115.997,-1.615,429
62,31,0,0,1,6,2,36499,-2.739,-115.697,104.616,115.729,-1.594,429
62,31,0,0,1,6,3,36505,-3.938,-115.792,106.674,115.859,-1.605,429
62,31,0,0,1,6,4,36498,-0.396,-115.510,122.774,115.511,-1.574,429
62,31,0,0,1,6,5,36513,-0.700,-117.606,124.066,117.608,-1.577,430
62,31,0,0,1,6,6,36500,-0.221,-115.496,126.308,115.496,-1.573,429
62,31,0,0,1,6,7,36525,-0.027,-117.469,128.465,117.469,-1.571,430
62,31,0,0,1,6,8,37114,-1.711,-115.118,163.109,115.131,-1.586,481
62,31,0,0,1,6,9,37599,-0.167,-115.491,271.971,115.491,-1.572,533
62,31,0,0,1,6,10,37606,-0.444,-117.554,276.866,117.555,-1.575,534
62,31,0,0,1,6,11,37973,-4.544,-115.344,300.268,115.433,-1.610,585
62,31,0,0,1,6,12,37968,-1.237,-115.080,300.349,115.087,-1.582,585
62,31,0,0,1,6,13,37977,-1.070,-117.176,305.749,117.181,-1.580,586
62,31,0,0,1,6,14,37970,-2.864,-115.210,311.634,115.246,-1.596,585
62,31,0,0,1,6,15,38303,-1.692,-115.613,411.784,115.625,-1.585,637
62,31,0,0,1,8,0,42481,-2.810,-172.646,93.469,172.669,-1.587,644
62,31,0,0,1,8,1,42474,-6.050,-171.227,106.979,171.334,-1.606,643
62,31,0,0,1,8,2,42477,-6.560,-173.174,108.184,173.298,-1.609,644
62,31,0,0,1,8,3,42482,-2.782,-172.642,125.371,172.664,-1.587,644
62,31,0,0,1,8,4,42471,-5.960,-171.221,127.964,171.325,-1.606,643
62,31,0,0,1,8,5,42479,-6.194,-173.123,129.339,173.234,-1.607,644
62,31,0,0,1,8,6,42975,-6.113,-170.734,140.967,170.843,-1.607,721
62,31,0,0,1,8,7,42983,-5.975,-172.592,142.592,172.695,-1.605,722
62,31,0,0,1,8,8,42971,-7.190,-170.798,159.897,170.949,-1.613,721
62,31,0,0,1,8,9,42980,-2.915,-172.161,162.810,172.186,-1.588,722
62,31,0,0,1,8,10,42979,-2.986,-172.171,201.727,172.197,-1.588,722
62,31,0,0,1,8,11,43431,-8.328,-171.362,266.816,171.564,-1.619,799
62,31,0,0,1,8,12,43813,-4.352,-172.363,294.544,172.418,-1.596,878
62,31,0,0,1,8,13,43808,-6.599,-170.763,342.294,170.890,-1.609,877
62,31,0,0,1,8,14,44133,-1.003,-172.391,369.226,172.394,-1.577,956
62,31,0,0,1,8,15,44134,-2.550,-172.609,379.052,172.628,-1.586,956
63,31,0,1,0,2,0,23858,-1.443,-33.810,142.052,33.841,-1.613,149
63,31,0,1,0,2,1,23834,-1.389,-31.411,152.079,31.442,-1.615,148
63,31,0,1,0,2,2,23837,-0.958,-31.435,160.186,31.450,-1.601,148
63,31,0,1,0,2,3,23854,-1.602,-33.866,164.675,33.904,-1.618,149
63,31,0,1,0,2,4,23878,-0.999,-33.655,171.667,33.670,-1.600,149
63,31,0,1,0,2,5,23829,-1.309,-31.416,180.412,31.443,-1.612,148
63,31,0,1,0,2,6,23855,-1.337,-33.773,194.101,33.800,-1.610,149
63,31,0,1,0,2,7,23815,-0.510,-31.461,197.328,31.465,-1.587,148
63,31,0,1,0,2,8,23873,-0.552,-33.499,210.056,33.503,-1.587,149
63,31,0,1,0,2,9,24418,-0.569,-34.029,213.451,34.034,-1.588,165
63,31,0,1,0,2,10,24410,-0.158,-31.976,272.491,31.977,-1.576,164
63,31,0,1,0,2,11,24405,-0.558,-31.954,278.596,31.959,-1.588,164
63,31,0,1,0,2,12,24765,-1.209,-31.421,280.828,31.444,-1.609,180
63,31,0,1,0,2,13,24786,-0.124,-33.349,284.249,33.349,-1.575,181
63,31,0,1,0,2,14,24782,-0.566,-33.504,292.150,33.508,-1.588,181
63,31,0,1,0,2,15,24777,-1.246,-33.741,301.961,33.764,-1.608,181
63,31,0,1,0,4,0,28965,-2.404,-71.211,56.761,71.251,-1.605,232
63,31,0,1,0,4,1,28970,-0.518,-71.132,58.785,71.134,-1.578,232
63,31,0,1,0,4,2,28995,-0.692,-73.280,60.781,73.283,-1.580,233
63,31,0,1,0,4,3,29925,-2.842,-71.725,78.555,71.781,-1.610,264
63,31,0,1,0,4,4,29922,-0.893,-71.643,79.625,71.649,-1.583,264
63,31,0,1,0,4,5,29952,-0.785,-73.812,82.033,73.816,-1.581,265
63,31,0,1,0,4,6,29921,-0.628,-71.632,93.060,71.635,-1.580,264
63,31,0,1,0,4,7,29937,-0.588,-73.764,95.875,73.766,-1.579,265
63,31,0,1,0,4,8,29932,-1.718,-71.678,127.428,71.698,-1.595,264
63,31,0,1,0,4,9,30635,-1.895,-71.189,144.087,71.215,-1.597,296
63,31,0,1,0,4,10,30655,-0.018,-73.116,168.910,73.116,-1.571,297
63,31,0,1,0,4,11,30645,-2.219,-71.203,173.864,71.238,-1.602,296
63,31,0,1,0,4,12,30648,-2.448,-71.213,187.234,71.255,-1.605,296
63,31,0,1,0,4,13,30634,-3.168,-71.243,187.618,71.313,-1.615,296
63,31,0,1,0,4,14,31154,-2.394,-71.706,233.591,71.746,-1.604,328
63,31,0,1,0,4,15,31536,-1.144,-71.158,280.368,71.167,-1.587,360
63,31,0,1,0,6,0,35844,-2.356,-115.169,47.910,115.193,-1.591,377
63,31,0,1,0,6,1,35834,-3.841,-115.288,49.794,115.352,-1.604,377
63,31,0,1,0,6,2,35833,-1.695,-115.117,51.381,115.129,-1.586,377
63,31,0,1,0,6,3,36497,-0.038,-115.481,73.343,115.481,-1.571,429
63,31,0,1,0,6,4,36503,-0.765,-115.539,82.431,115.542,-1.577,429
63,31,0,1,0,6,5,36511,-0.673,-117.600,83.914,117.602,-1.577,430
63,31,0,1,0,6,6,36507,-0.812,-115.543,87.887,115.546,-1.578,429
63,31,0,1,0,6,7,36523,-0.950,-117.657,89.419,117.661,-1.579,430
63,31,0,1,0,6,8,36496,-5.105,-115.885,91.791,115.997,-1.615,429
63,31,0,1,0,6,9,36499,-2.739,-115.697,104.616,115.729,-1.594,429
63,31,0,1,0,6,10,36505,-3.938,-115.792,106.674,115.859,-1.605,429
63,31,0,1,0,6,11,36498,-0.396,-115.510,122.774,115.511,-1.574,429
63,31,0,1,0,6,12,36513,-0.700,-117.606,124.066,117.608,-1.577,430
63,31,0,1,0,6,13,36500,-0.221,-115.496,126.308,115.496,-1.573,429
63,31,0,1,0,6,14,36525,-0.027,-117.469,128.465,117.469,-1.571,430
63,31,0,1,0,6,15,37114,-1.711,-115.118,163.109,115.131,-1.586,481
63,31,0,1,0,8,0,41308,-7.661,-173.330,-20.966,173.499,-1.615,488
63,31,0,1,0,8,1,41318,-0.264,-172.287,-16.241,172.287,-1.572,488
63,31,0,1,0,8,2,41305,-8.377,-171.365,-12.621,171.570,-1.620,487
63,31,0,1,0,8,3,41315,-8.275,-173.416,-12.043,173.613,-1.618,488
63,31,0,1,0,8,4,41310,-0.030,-172.254,-11.066,172.254,-1.571,488
63,31,0,1,0,8,5,41313,-3.685,-172.769,-10.777,172.808,-1.592,488
63,31,0,1,0,8,6,41937,-5.077,-172.465,5.441,172.540,-1.600,566
63,31,0,1,0,8,7,41932,-0.496,-171.820,17.591,171.821,-1.574,566
63,31,0,1,0,8,8,41925,-6.961,-170.785,17.994,170.927,-1.612,565
63,31,0,1,0,8,9,41936,-7.130,-172.755,18.221,172.902,-1.612,566
63,31,0,1,0,8,10,41930,-5.866,-172.577,47.621,172.677,-1.605,566
63,31,0,1,0,8,11,41922,-6.701,-170.769,61.789,170.900,-1.610,565
63,31,0,1,0,8,12,41931,-6.834,-172.713,62.655,172.848,-1.610,566
63,31,0,1,0,8,13,41928,-5.521,-170.699,67.083,170.788,-1.603,565
63,31,0,1,0,8,14,41935,-5.500,-172.525,67.817,172.613,-1.603,566
63,31,0,1,0,8,15,42481,-2.810,-172.646,93.469,172.669,-1.587,644
64,32,0,0,0,2,0,23824,0.838,-31.537,195.609,31.548,-1.544,148
64,32,0,0,0,2,1,23851,0.834,-33.014,203.743,33.024,-1.546,149
64,32,0,0,0,2,2,23853,0.952,-32.973,205.183,32.986,-1.542,149
64,32,0,0,0,2,3,23825,0.616,-31.524,208.748,31.530,-1.551,148
64,32,0,0,0,2,4,24412,0.590,-32.019,212.043,32.024,-1.552,164
64,32,0,0,0,2,5,24400,1.397,-32.064,212.500,32.095,-1.527,164
64,32,0,0,0,2,6,24437,0.546,-33.639,222.864,33.644,-1.555,165
64,32,0,0,0,2,7,24396,1.115,-32.048,263.886,32.067,-1.536,164
64,32,0,0,0,2,8,24411,1.140,-32.050,263.912,32.070,-1.535,164
64,32,0,0,0,2,9,24407,1.159,-32.051,263.914,32.072,-1.535,164
64,32,0,0,0,2,10,24440,1.599,-33.271,264.724,33.309,-1.523,165
64,32,0,0,0,2,11,24402,1.140,-32.050,275.734,32.070,-1.535,164
64,32,0,0,0,2,12,24768,0.260,-31.504,280.032,31.505,-1.563,180
64,32,0,0,0,2,13,24787,0.880,-32.998,281.930,33.010,-1.544,181
64,32,0,0,0,2,14,24778,1.179,-32.893,283.090,32.914,-1.535,181
64,32,0,0,0,2,15,24774,0.255,-33.217,295.022,33.217,-1.563,181
64,32,0,0,0,4,0,28986,0.608,-72.964,70.199,72.967,-1.562,233
64,32,0,0,0,4,1,29934,0.616,-73.472,70.689,73.474,-1.562,265
64,32,0,0,0,4,2,29938,3.123,-72.863,90.184,72.930,-1.528,265
64,32,0,0,0,4,3,29936,3.149,-72.857,96.671,72.925,-1.528,265
64,32,0,0,0,4,4,29927,1.122,-71.559,99.995,71.568,-1.555,264
64,32,0,0,0,4,5,29941,1.321,-73.301,102.532,73.313,-1.553,265
64,32,0,0,0,4,6,29953,3.425,-72.790,112.463,72.871,-1.524,265
64,32,0,0,0,4,7,29955,3.286,-72.824,113.012,72.898,-1.526,265
64,32,0,0,0,4,8,29947,2.071,-73.119,137.357,73.148,-1.542,265
64,32,0,0,0,4,9,30661,1.294,-72.798,146.920,72.809,-1.553,297
64,32,0,0,0,4,10,30641,0.173,-71.103,164.707,71.103,-1.568,296
64,32,0,0,0,4,11,30656,3.354,-72.297,170.361,72.375,-1.524,297
64,32,0,0,0,4,12,30664,3.507,-72.261,179.080,72.346,-1.522,297
64,32,0,0,0,4,13,30647,0.518,-71.088,189.709,71.090,-1.564,296
64,32,0,0,0,4,14,30665,0.423,-73.009,195.001,73.010,-1.565,297
64,32,0,0,0,4,15,31876,2.646,-72.979,363.327,73.027,-1.535,393
64,32,0,0,0,6,0,35855,5.322,-115.877,67.751,115.999,-1.525,378
64,32,0,0,0,6,1,36520,4.760,-116.497,73.708,116.594,-1.530,430
64,32,0,0,0,6,2,36510,0.107,-117.442,74.526,117.442,-1.570,430
64,32,0,0,0,6,3,36526,4.964,-116.455,86.855,116.561,-1.528,430
64,32,0,0,0,6,4,36518,1.891,-117.080,112.658,117.095,-1.555,430
64,32,0,0,0,6,5,36509,2.927,-116.869,130.066,116.906,-1.546,430
64,32,0,0,0,6,6,36515,3.822,-116.687,132.476,116.750,-1.538,430
64,32,0,0,0,6,7,37118,4.335,-116.078,146.570,116.159,-1.533,482
64,32,0,0,0,6,8,37116,0.757,-114.921,150.169,114.923,-1.564,481
64,32,0,0,0,6,9,37109,0.679,-114.927,152.581,114.929,-1.565,481
64,32,0,0,0,6,10,37131,0.846,-116.787,152.626,116.790,-1.564,482
64,32,0,0,0,6,11,37123,0.433,-116.871,155.213,116.872,-1.567,482
64,32,0,0,0,6,12,37113,0.246,-114.962,186.087,114.962,-1.569,481
64,32,0,0,0,6,13,37125,0.250,-116.908,186.628,116.908,-1.569,482
64,32,0,0,0,6,14,37608,3.960,-116.659,263.210,116.726,-1.537,534
64,32,0,0,0,6,15,38310,3.638,-116.725,371.548,116.782,-1.540,638
64,32,0,0,0,8,0,42483,3.713,-171.727,122.849,171.767,-1.549,644
64,32,0,0,0,8,1,42478,5.190,-171.519,138.198,171.598,-1.541,644
64,32,0,0,0,8,2,42982,7.222,-170.732,157.255,170.885,-1.529,722
64,32,0,0,0,8,3,42989,7.666,-172.573,159.042,172.743,-1.526,723
64,32,0,0,0,8,4,42984,4.447,-171.123,164.877,171.181,-1.545,722
64,32,0,0,0,8,5,42978,7.469,-170.697,187.314,170.860,-1.527,722
64,32,0,0,0,8,6,42988,7.818,-172.539,189.363,172.716,-1.526,723
64,32,0,0,0,8,7,42981,0.178,-171.725,198.437,171.725,-1.570,722
64,32,0,0,0,8,8,43437,1.881,-171.985,213.840,171.995,-1.560,800
64,32,0,0,0,8,9,43440,7.059,-171.255,222.282,171.400,-1.530,800
64,32,0,0,0,8,10,43438,1.874,-171.986,224.946,171.996,-1.560,800
64,32,0,0,0,8,11,43439,1.114,-172.093,226.352,172.097,-1.564,800
64,32,0,0,0,8,12,43812,4.631,-171.097,304.459,171.160,-1.544,878
64,32,0,0,0,8,13,44135,7.823,-171.148,381.706,171.327,-1.525,956
64,32,0,0,0,8,14,44458,5.887,-170.920,445.294,171.021,-1.536,1034
64,32,0,0,0,8,15,44460,6.241,-172.892,450.467,173.005,-1.535,1035
65,33,0,0,0,2,0,23009,1.751,-33.218,93.389,33.264,-1.518,133
65,33,0,0,0,2,1,23001,2.666,-32.898,93.557,33.006,-1.490,133
65,33,0,0,0,2,2,23008,3.004,-32.780,109.190,32.917,-1.479,133
65,33,0,0,0,2,3,23004,3.218,-32.705,111.974,32.863,-1.473,133
65,33,0,0,0,2,4,23021,2.473,-32.966,116.929,33.058,-1.496,133
65,33,0,0,0,2,5,23890,3.086,-32.227,142.242,32.374,-1.475,149
65,33,0,0,0,2,6,23866,3.088,-32.226,152.053,32.374,-1.475,149
65,33,0,0,0,2,7,23843,1.587,-31.579,159.972,31.619,-1.521,148
65,33,0,0,0,2,8,23876,1.688,-32.715,165.789,32.759,-1.519,149
65,33,0,0,0,2,9,23872,3.099,-32.222,192.589,32.371,-1.475,149
65,33,0,0,0,2,10,23860,2.667,-32.373,195.192,32.483,-1.489,149
65,33,0,0,0,2,11,24438,3.164,-32.724,217.075,32.876,-1.474,165
65,33,0,0,0,2,12,24397,1.584,-32.075,268.833,32.114,-1.521,164
65,33,0,0,0,2,13,24433,1.675,-33.244,278.795,33.287,-1.520,165
65,33,0,0,0,2,14,24785,2.566,-32.408,279.842,32.510,-1.492,181
65,33,0,0,0,2,15,24776,1.957,-32.621,287.075,32.680,-1.511,181
65,33,0,0,0,4,0,29960,4.232,-72.594,91.372,72.717,-1.513,265
65,33,0,0,0,4,1,29950,3.906,-72.673,95.411,72.778,-1.517,265
65,33,0,0,0,4,2,29943,3.913,-72.671,102.595,72.777,-1.517,265
65,33,0,0,0,4,3,29945,4.912,-72.429,119.105,72.595,-1.503,265
65,33,0,0,0,4,4,29942,5.772,-72.220,121.506,72.450,-1.491,265
65,33,0,0,0,4,5,29933,5.765,-72.222,121.509,72.452,-1.491,265
65,33,0,0,0,4,6,29951,5.767,-72.221,121.514,72.451,-1.491,265
65,33,0,0,0,4,7,29940,6.582,-72.023,122.027,72.324,-1.480,265
65,33,0,0,0,4,8,29944,3.955,-72.661,133.266,72.769,-1.516,265
65,33,0,0,0,4,9,30659,4.837,-71.938,202.284,72.100,-1.504,297
65,33,0,0,0,4,10,30667,6.839,-71.451,203.508,71.778,-1.475,297
65,33,0,0,0,4,11,31165,5.653,-72.249,212.761,72.470,-1.493,329
65,33,0,0,0,4,12,31160,5.932,-72.181,232.113,72.425,-1.489,329
65,33,0,0,0,4,13,31158,4.496,-72.530,233.712,72.669,-1.509,329
65,33,0,0,0,4,14,31166,7.045,-71.911,256.452,72.255,-1.473,329
65,33,0,0,0,4,15,31553,4.214,-72.089,332.360,72.212,-1.512,361
65,33,0,0,0,6,0,36514,8.847,-115.667,137.345,116.005,-1.494,430
65,33,0,0,0,6,1,36524,9.507,-115.532,138.877,115.923,-1.489,430
65,33,0,0,0,6,2,37124,9.187,-115.092,144.498,115.458,-1.491,482
65,33,0,0,0,6,3,37130,8.697,-115.192,163.886,115.520,-1.495,482
65,33,0,0,0,6,4,37129,9.822,-114.963,171.679,115.382,-1.486,482
65,33,0,0,0,6,5,37126,7.745,-115.385,178.950,115.645,-1.504,482
65,33,0,0,0,6,6,37127,9.277,-115.074,201.305,115.447,-1.490,482
65,33,0,0,0,6,7,37607,9.836,-115.466,216.929,115.884,-1.486,534
65,33,0,0,0,6,8,37611,10.677,-115.295,245.170,115.788,-1.478,534
65,33,0,0,0,6,9,37976,8.188,-115.295,279.201,115.585,-1.500,586
65,33,0,0,0,6,10,37605,8.263,-115.785,280.192,116.079,-1.500,534
65,33,0,0,0,6,11,37975,9.794,-114.969,323.851,115.385,-1.486,586
65,33,0,0,0,6,12,37974,9.435,-115.042,324.543,115.428,-1.489,586
65,33,0,0,0,6,13,37978,6.021,-115.735,340.675,115.892,-1.519,586
65,33,0,0,0,6,14,38312,9.755,-115.482,356.998,115.893,-1.487,638
65,33,0,0,0,6,15,38315,7.458,-115.949,365.050,116.189,-1.507,638
65,33,0,0,0,8,0,41939,10.301,-171.982,59.177,172.290,-1.511,567
65,33,0,0,0,8,1,42486,15.533,-171.317,117.461,172.020,-1.480,645
65,33,0,0,0,8,2,42490,15.554,-171.312,122.255,172.017,-1.480,645
65,33,0,0,0,8,3,42485,11.158,-172.297,124.145,172.658,-1.506,645
65,33,0,0,0,8,4,42491,9.722,-172.619,129.127,172.893,-1.515,645
65,33,0,0,0,8,5,42487,9.748,-172.614,132.513,172.889,-1.514,645
65,33,0,0,0,8,6,42986,12.140,-171.570,191.991,171.999,-1.500,723
65,33,0,0,0,8,7,42985,9.720,-172.112,202.679,172.386,-1.514,723
65,33,0,0,0,8,8,43443,16.353,-171.133,265.931,171.913,-1.476,801
65,33,0,0,0,8,9,43814,9.294,-172.208,287.022,172.459,-1.517,879
65,33,0,0,0,8,10,43815,11.194,-171.782,310.207,172.146,-1.506,879
65,33,0,0,0,8,11,43818,13.826,-171.192,312.324,171.749,-1.490,879
65,33,0,0,0,8,12,43816,16.012,-170.702,314.233,171.451,-1.477,879
65,33,0,0,0,8,13,43817,14.344,-171.076,314.409,171.676,-1.487,879
65,33,0,0,0,8,14,44137,12.800,-171.929,358.595,172.405,-1.496,957
65,33,0,0,0,8,15,44462,9.666,-172.124,450.222,172.395,-1.515,1035
66,34,0,0,0,2,0,21248,3.202,-32.186,41.192,32.345,-1.472,117
66,34,0,0,0,2,1,21356,3.740,-31.998,45.192,32.216,-1.454,117
66,34,0,0,0,2,2,21223,4.204,-31.836,57.855,32.112,-1.440,117
66,34,0,0,0,2,3,21301,4.354,-31.783,67.547,32.080,-1.435,117
66,34,0,0,0,2,4,23027,3.843,-32.487,77.529,32.713,-1.453,133
66,34,0,0,0,2,5,23000,4.741,-32.172,77.909,32.520,-1.424,133
66,34,0,0,0,2,6,23012,3.320,-32.669,78.617,32.837,-1.470,133
66,34,0,0,0,2,7,23036,3.390,-32.645,95.831,32.820,-1.467,133
66,34,0,0,0,2,8,23020,4.617,-32.216,117.207,32.545,-1.428,133
66,34,0,0,0,2,9,23043,4.681,-32.194,124.864,32.532,-1.426,133
66,34,0,0,0,2,10,23884,4.548,-31.715,160.423,32.040,-1.428,149
66,34,0,0,0,2,11,23868,4.018,-31.901,161.904,32.153,-1.446,149
66,34,0,0,0,2,12,23863,4.240,-31.823,189.277,32.104,-1.438,149
66,34,0,0,0,2,13,23857,4.694,-31.664,192.519,32.010,-1.424,149
66,34,0,0,0,2,14,24416,3.369,-32.652,236.082,32.826,-1.468,165
66,34,0,0,0,2,15,24421,4.660,-32.201,273.492,32.536,-1.427,165
66,34,0,0,0,4,0,29014,8.399,-71.073,46.471,71.567,-1.453,233
66,34,0,0,0,4,1,28988,10.384,-70.591,48.392,71.351,-1.425,233
66,34,0,0,0,4,2,28991,9.066,-70.911,54.920,71.488,-1.444,233
66,34,0,0,0,4,3,28994,8.568,-71.032,61.199,71.547,-1.451,233
66,34,0,0,0,4,4,29956,8.824,-71.479,82.576,72.022,-1.448,265
66,34,0,0,0,4,5,29949,10.073,-71.176,92.112,71.885,-1.430,265
66,34,0,0,0,4,6,29958,9.033,-71.428,105.053,71.997,-1.445,265
66,34,0,0,0,4,7,29946,7.314,-71.846,105.547,72.217,-1.469,265
66,34,0,0,0,4,8,29954,8.727,-71.502,121.737,72.033,-1.449,265
66,34,0,0,0,4,9,30654,8.465,-71.057,149.195,71.559,-1.452,297
66,34,0,0,0,4,10,30653,8.130,-71.138,155.122,71.601,-1.457,297
66,34,0,0,0,4,11,30660,8.887,-70.954,178.459,71.509,-1.446,297
66,34,0,0,0,4,12,30662,10.164,-70.644,192.807,71.372,-1.428,297
66,34,0,0,0,4,13,31167,9.188,-71.391,260.420,71.980,-1.443,329
66,34,0,0,0,4,14,31162,8.932,-71.453,279.360,72.009,-1.446,329
66,34,0,0,0,4,15,31550,7.552,-71.278,311.792,71.677,-1.465,361
66,34,0,0,0,6,0,37138,14.262,-116.051,170.958,116.924,-1.449,483
66,34,0,0,0,6,1,37128,13.201,-114.277,185.672,115.037,-1.456,482
66,34,0,0,0,6,2,37121,14.430,-114.027,186.419,114.936,-1.445,482
66,34,0,0,0,6,3,37135,14.956,-115.820,189.355,116.782,-1.442,483
66,34,0,0,0,6,4,37119,13.246,-114.268,193.169,115.033,-1.455,482
66,34,0,0,0,6,5,37142,16.701,-115.240,193.699,116.444,-1.427,483
66,34,0,0,0,6,6,37120,13.254,-114.266,196.614,115.032,-1.455,482
66,34,0,0,0,6,7,37134,13.624,-116.263,200.157,117.059,-1.454,483
66,34,0,0,0,6,8,37609,14.786,-114.460,220.656,115.411,-1.442,534
66,34,0,0,0,6,9,37618,14.882,-116.367,223.822,117.315,-1.444,535
66,34,0,0,0,6,10,37610,11.449,-115.138,240.766,115.706,-1.472,534
66,34,0,0,0,6,11,37614,15.896,-116.029,259.304,117.113,-1.435,535
66,34,0,0,0,6,12,37979,15.199,-113.871,291.222,114.881,-1.438,586
66,34,0,0,0,6,13,37982,15.474,-115.648,295.889,116.679,-1.438,587
66,34,0,0,0,6,14,37980,12.700,-114.379,326.155,115.082,-1.460,586
66,34,0,0,0,6,15,37983,13.019,-116.465,332.112,117.190,-1.459,587
66,34,0,0,0,8,0,41957,22.250,-171.172,62.215,172.612,-1.442,568
66,34,0,0,0,8,1,41948,20.097,-171.841,62.342,173.012,-1.454,568
66,34,0,0,0,8,2,42494,24.324,-171.046,126.910,172.767,-1.430,646
66,34,0,0,0,8,3,42990,17.741,-170.314,156.725,171.236,-1.467,723
66,34,0,0,0,8,4,42992,24.459,-170.486,171.308,172.232,-1.428,724
66,34,0,0,0,8,5,42999,22.695,-171.034,183.290,172.533,-1.439,724
66,34,0,0,0,8,6,42987,19.360,-169.951,199.737,171.050,-1.457,723
66,34,0,0,0,8,7,42996,19.786,-171.937,201.967,173.072,-1.456,724
66,34,0,0,0,8,8,42991,18.294,-170.190,206.199,171.170,-1.464,723
66,34,0,0,0,8,9,43442,21.757,-169.921,215.983,171.308,-1.443,801
66,34,0,0,0,8,10,43450,22.267,-171.685,218.315,173.123,-1.442,802
66,34,0,0,0,8,11,43448,23.798,-171.210,251.996,172.856,-1.433,802
66,34,0,0,0,8,12,43441,18.676,-170.612,279.362,171.631,-1.462,801
66,34,0,0,0,8,13,44140,24.085,-171.120,397.615,172.807,-1.431,958
66,34,0,0,0,8,14,44136,17.028,-170.981,409.838,171.827,-1.472,957
66,34,0,0,0,8,15,44465,24.609,-170.439,440.247,172.206,-1.427,1036
67,35,0,0,1,2,0,21294,5.488,-31.387,36.677,31.863,-1.398,117
67,35,0,0,1,2,1,21242,5.106,-31.520,48.868,31.931,-1.410,117
67,35,0,0,1,2,2,21350,5.344,-31.437,63.129,31.888,-1.402,117
67,35,0,0,1,2,3,23017,6.175,-31.671,83.309,32.267,-1.378,133
67,35,0,0,1,2,4,23044,5.787,-31.807,97.481,32.329,-1.391,133
67,35,0,0,1,2,5,23006,5.688,-31.841,113.458,32.345,-1.394,133
67,35,0,0,1,2,6,23011,6.179,-31.670,117.644,32.267,-1.378,133
67,35,0,0,1,2,7,23037,5.359,-31.956,124.004,32.403,-1.405,133
67,35,0,0,1,2,8,23045,5.696,-31.838,134.829,32.344,-1.394,133
67,35,0,0,1,2,9,23856,5.617,-31.342,167.365,31.841,-1.393,149
67,35,0,0,1,2,10,23861,5.336,-31.440,172.517,31.889,-1.403,149
67,35,0,0,1,2,11,24420,5.857,-31.782,249.885,32.317,-1.389,165
67,35,0,0,1,2,12,24417,5.989,-31.736,273.103,32.296,-1.384,165
67,35,0,0,1,2,13,24415,6.207,-31.660,278.643,32.263,-1.377,165
67,35,0,0,1,2,14,24775,6.172,-31.148,284.351,31.753,-1.375,181
67,35,0,0,1,2,15,24783,5.552,-31.364,298.745,31.852,-1.396,181
67,35,0,0,1,4,0,29032,14.176,-71.748,69.860,73.135,-1.376,234
67,35,0,0,1,4,1,29966,14.297,-72.237,70.322,73.639,-1.375,266
67,35,0,0,1,4,2,29959,10.818,-70.995,93.860,71.814,-1.420,265
67,35,0,0,1,4,3,29935,13.485,-70.348,126.365,71.628,-1.381,265
67,35,0,0,1,4,4,29979,13.835,-72.452,130.248,73.761,-1.382,266
67,35,0,0,1,4,5,30666,11.378,-70.350,147.553,71.264,-1.410,297
67,35,0,0,1,4,6,30663,11.458,-70.330,150.646,71.257,-1.409,297
67,35,0,0,1,4,7,30652,11.820,-70.242,173.336,71.230,-1.404,297
67,35,0,0,1,4,8,31159,13.963,-70.231,232.310,71.606,-1.375,329
67,35,0,0,1,4,9,31172,14.301,-72.235,238.573,73.637,-1.375,330
67,35,0,0,1,4,10,31163,10.935,-70.967,250.087,71.804,-1.418,329
67,35,0,0,1,4,11,31554,13.117,-69.927,288.526,71.147,-1.385,361
67,35,0,0,1,4,12,31565,13.678,-71.979,289.845,73.267,-1.383,362
67,35,0,0,1,4,13,31552,12.999,-69.956,300.170,71.153,-1.387,361
67,35,0,0,1,4,14,31558,13.424,-72.097,309.468,73.336,-1.387,362
67,35,0,0,1,4,15,31877,13.692,-70.297,387.001,71.618,-1.378,393
67,35,0,0,1,6,0,35856,21.000,-113.809,55.064,115.730,-1.388,379
67,35,0,0,1,6,1,35864,17.173,-115.083,55.139,116.357,-1.423,379
67,35,0,0,1,6,2,36535,22.490,-113.835,80.169,116.035,-1.376,431
67,35,0,0,1,6,3,36528,22.284,-113.903,81.518,116.062,-1.378,431
67,35,0,0,1,6,4,36536,22.080,-113.971,86.941,116.090,-1.379,431
67,35,0,0,1,6,5,36537,17.738,-115.416,96.883,116.771,-1.418,431
67,35,0,0,1,6,6,36538,19.705,-114.762,122.899,116.441,-1.401,431
67,35,0,0,1,6,7,37143,21.201,-113.742,153.138,115.701,-1.387,483
67,35,0,0,1,6,8,37140,18.551,-114.624,160.951,116.115,-1.410,483
67,35,0,0,1,6,9,37137,19.291,-114.378,170.542,115.993,-1.404,483
67,35,0,0,1,6,10,37132,19.103,-114.440,203.117,116.023,-1.405,483
67,35,0,0,1,6,11,37136,19.996,-114.143,207.118,115.881,-1.397,483
67,35,0,0,1,6,12,37986,21.842,-113.529,282.529,115.611,-1.381,587
67,35,0,0,1,6,13,37987,19.541,-114.295,324.805,115.953,-1.401,587
67,35,0,0,1,6,14,38316,20.634,-114.453,369.467,116.298,-1.392,639
67,35,0,0,1,6,15,38599,18.486,-114.646,425.804,116.127,-1.411,691
67,35,0,0,1,8,0,43446,26.167,-170.474,234.652,172.471,-1.418,802
67,35,0,0,1,8,1,43452,31.386,-168.853,237.749,171.745,-1.387,802
67,35,0,0,1,8,2,43449,26.430,-170.392,248.138,172.430,-1.417,802
67,35,0,0,1,8,3,43445,25.485,-170.686,252.422,172.578,-1.423,802
67,35,0,0,1,8,4,43444,33.301,-168.259,256.896,171.523,-1.375,802
67,35,0,0,1,8,5,43447,31.438,-168.837,261.970,171.739,-1.387,802
67,35,0,0,1,8,6,43821,25.468,-170.173,296.464,172.068,-1.422,880
67,35,0,0,1,8,7,43820,26.195,-169.947,309.335,171.954,-1.418,880
67,35,0,0,1,8,8,43819,27.401,-169.572,320.382,171.772,-1.411,880
67,35,0,0,1,8,9,43822,30.690,-168.551,350.338,171.322,-1.391,880
67,35,0,0,1,8,10,44138,30.732,-169.056,350.648,171.827,-1.391,958
67,35,0,0,1,8,11,44143,33.234,-168.279,363.612,171.529,-1.376,958
67,35,0,0,1,8,12,44142,30.680,-169.072,381.720,171.833,-1.391,958
67,35,0,0,1,8,13,44144,27.917,-169.931,385.313,172.209,-1.408,958
67,35,0,0,1,8,14,44141,32.090,-168.635,393.122,171.661,-1.383,958
67,35,0,0,1,8,15,44464,27.431,-169.563,457.390,171.767,-1.410,1036
68,35,0,1,0,2,0,21294,5.488,-31.387,36.677,31.863,-1.398,117
68,35,0,1,0,2,1,21242,5.106,-31.520,48.868,31.931,-1.410,117
68,35,0,1,0,2,2,21350,5.344,-31.437,63.129,31.888,-1.402,117
68,35,0,1,0,2,3,23017,6.175,-31.671,83.309,32.267,-1.378,133
68,35,0,1,0,2,4,23044,5.787,-31.807,97.481,32.329,-1.391,133
68,35,0,1,0,2,5,23006,5.688,-31.841,113.458,32.345,-1.394,133
68,35,0,1,0,2,6,23011,6.179,-31.670,117.644,32.267,-1.378,133
68,35,0,1,0,2,7,23037,5.359,-31.956,124.004,32.403,-1.405,133
68,35,0,1,0,2,8,23045,5.696,-31.838,134.829,32.344,-1.394,133
68,35,0,1,0,2,9,23856,5.617,-31.342,167.365,31.841,-1.393,149
68,35,0,1,0,2,10,23861,5.336,-31.440,172.517,31.889,-1.403,149
68,35,0,1,0,2,11,24420,5.857,-31.782,249.885,32.317,-1.389,165
68,35,0,1,0,2,12,24417,5.989,-31.736,273.103,32.296,-1.384,165
68,35,0,1,0,2,13,24415,6.207,-31.660,278.643,32.263,-1.377,165
68,35,0,1,0,2,14,24775,6.172,-31.148,284.351,31.753,-1.375,181
68,35,0,1,0,2,15,24783,5.552,-31.364,298.745,31.852,-1.396,181
68,35,0,1,0,4,0,29002,12.856,-69.991,49.292,71.162,-1.389,233
68,35,0,1,0,4,1,29037,13.294,-72.157,50.875,73.371,-1.389,234
68,35,0,1,0,4,2,28992,11.123,-70.412,51.575,71.285,-1.414,233
68,35,0,1,0,4,3,28984,11.122,-70.412,62.139,71.285,-1.414,233
68,35,0,1,0,4,4,29012,13.698,-69.786,67.992,71.118,-1.377,233
68,35,0,1,0,4,5,29032,14.176,-71.748,69.860,73.135,-1.376,234
68,35,0,1,0,4,6,29966,14.297,-72.237,70.322,73.639,-1.375,266
68,35,0,1,0,4,7,29959,10.818,-70.995,93.860,71.814,-1.420,265
68,35,0,1,0,4,8,29935,13.485,-70.348,126.365,71.628,-1.381,265
68,35,0,1,0,4,9,29979,13.835,-72.452,130.248,73.761,-1.382,266
68,35,0,1,0,4,10,30666,11.378,-70.350,147.553,71.264,-1.410,297
68,35,0,1,0,4,11,30663,11.458,-70.330,150.646,71.257,-1.409,297
68,35,0,1,0,4,12,30652,11.820,-70.242,173.336,71.230,-1.404,297
68,35,0,1,0,4,13,31159,13.963,-70.231,232.310,71.606,-1.375,329
68,35,0,1,0,4,14,31172,14.301,-72.235,238.573,73.637,-1.375,330
68,35,0,1,0,4,15,31163,10.935,-70.967,250.087,71.804,-1.418,329
68,35,0,1,0,6,0,35868,20.983,-113.815,1.234,115.733,-1.388,379
68,35,0,1,0,6,1,35863,17.363,-115.019,33.807,116.322,-1.421,379
68,35,0,1,0,6,2,35862,18.937,-114.495,39.120,116.051,-1.407,379
68,35,0,1,0,6,3,35856,21.000,-113.809,55.064,115.730,-1.388,379
68,35,0,1,0,6,4,35864,17.173,-115.083,55.139,116.357,-1.423,379
68,35,0,1,0,6,5,36535,22.490,-113.835,80.169,116.035,-1.376,431
68,35,0,1,0,6,6,36528,22.284,-113.903,81.518,116.062,-1.378,431
68,35,0,1,0,6,7,36536,22.080,-113.971,86.941,116.090,-1.379,431
68,35,0,1,0,6,8,36537,17.738,-115.416,96.883,116.771,-1.418,431
68,35,0,1,0,6,9,36538,19.705,-114.762,122.899,116.441,-1.401,431
68,35,0,1,0,6,10,37143,21.201,-113.742,153.138,115.701,-1.387,483
68,35,0,1,0,6,11,37140,18.551,-114.624,160.951,116.115,-1.410,483
68,35,0,1,0,6,12,37137,19.291,-114.378,170.542,115.993,-1.404,483
68,35,0,1,0,6,13,37132,19.103,-114.440,203.117,116.023,-1.405,483
68,35,0,1,0,6,14,37136,19.996,-114.143,207.118,115.881,-1.397,483
68,35,0,1,0,6,15,37986,21.842,-113.529,282.529,115.611,-1.381,587
68,35,0,1,0,8,0,42498,32.972,-168.361,81.960,171.559,-1.377,646
68,35,0,1,0,8,1,42505,33.637,-170.289,82.939,173.579,-1.376,647
68,35,0,1,0,8,2,42502,33.001,-168.352,103.649,171.556,-1.377,646
68,35,0,1,0,8,3,42496,27.032,-170.205,125.659,172.338,-1.413,646
68,35,0,1,0,8,4,42493,26.244,-170.450,130.276,172.459,-1.418,646
68,35,0,1,0,8,5,42500,30.155,-169.236,132.366,171.902,-1.394,646
68,35,0,1,0,8,6,42497,29.200,-169.532,134.909,172.028,-1.400,646
68,35,0,1,0,8,7,42499,28.966,-169.605,138.132,172.061,-1.402,646
68,35,0,1,0,8,8,42994,33.101,-167.802,139.225,171.036,-1.376,724
68,35,0,1,0,8,9,42495,33.036,-168.341,139.656,171.552,-1.377,646
68,35,0,1,0,8,10,42997,32.194,-168.084,139.929,171.139,-1.382,724
68,35,0,1,0,8,11,42492,32.350,-168.554,140.320,171.630,-1.381,646
68,35,0,1,0,8,12,42993,32.174,-168.090,177.549,171.142,-1.382,724
68,35,0,1,0,8,13,42998,28.794,-169.140,191.566,171.573,-1.402,724
68,35,0,1,0,8,14,42995,31.021,-168.448,195.791,171.281,-1.389,724
68,35,0,1,0,8,15,43446,26.167,-170.474,234.652,172.471,-1.418,802
69,36,0,0,0,2,0,23035,7.343,-31.263,69.926,32.114,-1.340,133
69,36,0,0,0,2,1,23039,7.684,-31.143,84.599,32.077,-1.329,133
69,36,0,0,0,2,2,23005,6.775,-31.461,85.062,32.183,-1.359,133
69,36,0,0,0,2,3,23013,6.775,-31.461,110.985,32.183,-1.359,133
69,36,0,0,0,2,4,23032,7.148,-31.331,133.115,32.136,-1.347,133
69,36,0,0,0,2,5,23038,7.567,-31.184,134.382,32.089,-1.333,133
69,36,0,0,0,2,6,23867,6.592,-31.001,155.134,31.694,-1.361,149
69,36,0,0,0,2,7,23877,6.947,-30.877,185.209,31.649,-1.349,149
69,36,0,0,0,2,8,23883,7.523,-30.675,201.387,31.584,-1.330,149
69,36,0,0,0,2,9,24429,6.629,-31.512,223.526,32.202,-1.363,165
69,36,0,0,0,2,10,24413,6.302,-31.627,242.951,32.249,-1.374,165
69,36,0,0,0,2,11,24423,7.191,-31.316,244.436,32.131,-1.345,165
69,36,0,0,0,2,12,24434,6.650,-31.505,280.063,32.199,-1.363,165
69,36,0,0,0,2,13,24784,6.282,-31.109,296.563,31.737,-1.372,181
69,36,0,0,0,2,14,24781,6.853,-30.909,300.651,31.660,-1.353,181
69,36,0,0,0,2,15,24779,6.911,-30.889,304.065,31.653,-1.351,181
69,36,0,0,0,4,0,30674,14.665,-71.521,156.816,73.009,-1.369,298
69,36,0,0,0,4,1,30679,17.265,-70.314,158.513,72.403,-1.330,298
69,36,0,0,0,4,2,30683,15.985,-70.908,168.032,72.688,-1.349,298
69,36,0,0,0,4,3,30677,16.963,-70.454,201.464,72.467,-1.335,298
69,36,0,0,0,4,4,30668,15.704,-71.038,204.998,72.753,-1.353,298
69,36,0,0,0,4,5,30658,14.737,-69.534,208.376,71.079,-1.362,297
69,36,0,0,0,4,6,31164,14.853,-70.015,209.783,71.573,-1.362,329
69,36,0,0,0,4,7,31175,15.335,-71.756,214.941,73.376,-1.360,330
69,36,0,0,0,4,8,31161,15.144,-69.945,263.608,71.565,-1.358,329
69,36,0,0,0,4,9,31171,15.572,-71.646,270.147,73.319,-1.357,330
69,36,0,0,0,4,10,31157,14.703,-70.052,273.601,71.578,-1.364,329
69,36,0,0,0,4,11,31173,15.226,-71.806,280.498,73.403,-1.362,330
69,36,0,0,0,4,12,31559,14.311,-71.685,290.150,73.099,-1.374,362
69,36,0,0,0,4,13,31562,17.400,-70.251,294.521,72.374,-1.328,362
69,36,0,0,0,4,14,31549,14.967,-69.478,308.054,71.072,-1.359,361
69,36,0,0,0,4,15,31568,15.185,-71.279,315.907,72.879,-1.361,362
69,36,0,0,0,6,0,36530,24.909,-113.030,131.974,115.742,-1.354,431
69,36,0,0,0,6,1,37141,25.613,-112.274,156.840,115.159,-1.347,483
69,36,0,0,0,6,2,37612,27.997,-112.002,234.902,115.448,-1.326,535
69,36,0,0,0,6,3,37617,27.400,-112.201,253.691,115.498,-1.331,535
69,36,0,0,0,6,4,37621,28.057,-114.076,258.205,117.476,-1.330,536
69,36,0,0,0,6,5,37615,27.875,-112.043,266.252,115.458,-1.327,535
69,36,0,0,0,6,6,37619,27.946,-114.129,270.928,117.501,-1.331,536
69,36,0,0,0,6,7,37613,24.462,-113.179,272.278,115.792,-1.358,535
69,36,0,0,0,6,8,37981,22.648,-113.260,314.803,115.502,-1.373,587
69,36,0,0,0,6,9,37989,24.872,-112.520,315.454,115.236,-1.353,587
69,36,0,0,0,6,10,37985,23.214,-113.072,315.946,115.430,-1.368,587
69,36,0,0,0,6,11,37984,27.690,-111.583,333.854,114.967,-1.328,587
69,36,0,0,0,6,12,37991,27.579,-113.754,336.536,117.049,-1.333,588
69,36,0,0,0,6,13,37988,26.948,-111.829,336.895,115.030,-1.334,587
69,36,0,0,0,6,14,37992,28.318,-113.405,339.348,116.887,-1.326,588
69,36,0,0,0,6,15,38319,25.418,-112.861,372.631,115.688,-1.349,639
69,36,0,0,0,8,0,42501,35.230,-167.659,121.255,171.320,-1.364,646
69,36,0,0,0,8,1,42509,35.695,-169.463,122.590,173.182,-1.363,647
69,36,0,0,0,8,2,42507,38.661,-168.272,135.405,172.656,-1.345,647
69,36,0,0,0,8,3,43453,39.116,-168.090,230.571,172.581,-1.342,803
69,36,0,0,0,8,4,43454,37.689,-168.663,255.852,172.823,-1.351,803
69,36,0,0,0,8,5,43457,37.593,-168.701,271.848,172.839,-1.352,803
69,36,0,0,0,8,6,43451,35.264,-167.649,277.269,171.318,-1.363,802
69,36,0,0,0,8,7,43823,35.853,-168.866,279.387,172.630,-1.362,881
69,36,0,0,0,8,8,43455,36.066,-169.314,280.173,173.113,-1.361,803
69,36,0,0,0,8,9,43826,37.049,-168.386,330.545,172.414,-1.354,881
69,36,0,0,0,8,10,43824,33.860,-169.666,345.021,173.012,-1.374,881
69,36,0,0,0,8,11,44147,39.388,-167.981,360.349,172.537,-1.340,959
69,36,0,0,0,8,12,44145,34.910,-169.778,365.156,173.330,-1.368,959
69,36,0,0,0,8,13,44139,34.152,-167.994,406.749,171.430,-1.370,958
69,36,0,0,0,8,14,44151,34.475,-169.953,411.565,173.414,-1.371,959
69,36,0,0,0,8,15,44470,37.289,-168.290,422.102,172.372,-1.353,1037
70,37,0,0,1,2,0,21217,8.533,-30.322,27.427,31.500,-1.296,117
70,37,0,0,1,2,1,21216,8.372,-30.379,35.784,31.511,-1.302,117
70,37,0,0,1,2,2,21328,8.718,-30.257,37.398,31.488,-1.290,117
70,37,0,0,1,2,3,21348,8.667,-30.275,53.445,31.491,-1.292,117
70,37,0,0,1,2,4,23041,8.591,-30.826,82.496,32.001,-1.299,133
70,37,0,0,1,2,5,23040,8.328,-30.918,138.066,32.020,-1.308,133
70,37,0,0,1,2,6,23859,8.479,-30.341,145.210,31.504,-1.298,149
70,37,0,0,1,2,7,23882,8.481,-30.340,187.835,31.503,-1.298,149
70,37,0,0,1,2,8,23869,8.242,-30.424,195.740,31.521,-1.306,149
70,37,0,0,1,2,9,23887,8.232,-30.427,196.017,31.521,-1.307,149
70,37,0,0,1,2,10,23886,8.852,-30.210,208.869,31.481,-1.286,149
70,37,0,0,1,2,11,24439,9.014,-30.678,212.035,31.975,-1.285,165
70,37,0,0,1,2,12,24430,8.034,-31.021,216.255,32.045,-1.317,165
70,37,0,0,1,2,13,24435,8.655,-30.804,259.857,31.997,-1.297,165
70,37,0,0,1,2,14,24431,9.213,-30.609,270.096,31.965,-1.278,165
70,37,0,0,1,2,15,24780,7.698,-30.614,297.646,31.567,-1.324,181
70,37,0,0,1,4,0,29047,19.755,-69.159,8.333,71.925,-1.293,234
70,37,0,0,1,4,1,29025,20.661,-68.738,23.648,71.776,-1.279,234
70,37,0,0,1,4,2,29023,20.052,-69.021,34.867,71.874,-1.288,234
70,37,0,0,1,4,3,29052,17.965,-69.989,42.978,72.258,-1.320,234
70,37,0,0,1,4,4,29031,18.803,-69.600,51.100,72.095,-1.307,234
70,37,0,0,1,4,5,29056,20.605,-68.764,51.150,71.785,-1.280,234
70,37,0,0,1,4,6,29049,20.148,-68.976,52.316,71.858,-1.287,234
70,37,0,0,1,4,7,29970,18.299,-70.380,96.270,72.720,-1.316,266
70,37,0,0,1,4,8,29978,20.651,-69.288,102.629,72.300,-1.281,266
70,37,0,0,1,4,9,29975,19.711,-69.725,137.106,72.457,-1.295,266
70,37,0,0,1,4,10,30672,18.201,-69.880,192.574,72.211,-1.316,298
70,37,0,0,1,4,11,31174,18.831,-70.133,238.306,72.617,-1.308,330
70,37,0,0,1,4,12,31170,20.312,-69.446,262.911,72.355,-1.286,330
70,37,0,0,1,4,13,31169,20.308,-69.447,267.651,72.356,-1.286,330
70,37,0,0,1,4,14,31557,18.434,-69.772,287.727,72.166,-1.312,362
70,37,0,0,1,4,15,31566,19.474,-69.289,347.865,71.974,-1.297,362
70,37,0,0,1,6,0,36545,31.714,-112.345,94.410,116.735,-1.296,432
70,37,0,0,1,6,1,36548,31.929,-112.243,121.492,116.696,-1.294,432
70,37,0,0,1,6,2,37133,28.471,-111.323,168.303,114.906,-1.320,483
70,37,0,0,1,6,3,37148,33.575,-110.916,169.585,115.886,-1.277,484
70,37,0,0,1,6,4,37144,28.739,-113.205,171.225,116.796,-1.322,484
70,37,0,0,1,6,5,37150,30.361,-112.438,180.876,116.465,-1.307,484
70,37,0,0,1,6,6,37149,29.356,-112.914,196.407,116.668,-1.316,484
70,37,0,0,1,6,7,37616,28.626,-111.793,220.232,115.400,-1.320,535
70,37,0,0,1,6,8,37623,28.972,-113.643,223.859,117.278,-1.321,536
70,37,0,0,1,6,9,37620,28.553,-113.841,238.983,117.367,-1.325,536
70,37,0,0,1,6,10,37624,30.543,-112.900,242.717,116.958,-1.307,536
70,37,0,0,1,6,11,37625,30.106,-113.106,261.234,117.044,-1.311,536
70,37,0,0,1,6,12,37990,32.345,-111.499,289.089,116.096,-1.288,588
70,37,0,0,1,6,13,37996,30.985,-112.143,311.158,116.345,-1.301,588
70,37,0,0,1,6,14,37993,30.589,-112.330,328.288,116.420,-1.305,588
70,37,0,0,1,6,15,38601,30.585,-112.332,422.155,116.421,-1.305,692
70,37,0,0,1,8,0,43459,49.600,-165.849,280.353,173.107,-1.280,804
70,37,0,0,1,8,1,43828,47.822,-166.182,326.008,172.926,-1.291,882
70,37,0,0,1,8,2,43825,47.020,-164.384,326.377,170.977,-1.292,881
70,37,0,0,1,8,3,44150,45.770,-165.419,354.982,171.634,-1.301,959
70,37,0,0,1,8,4,44149,48.919,-164.156,381.532,171.290,-1.281,959
70,37,0,0,1,8,5,44154,49.706,-165.797,385.656,173.088,-1.280,960
70,37,0,0,1,8,6,44146,47.906,-164.562,386.211,171.393,-1.288,959
70,37,0,0,1,8,7,44155,48.573,-166.361,390.594,173.307,-1.287,960
70,37,0,0,1,8,8,44148,46.997,-164.927,391.975,171.492,-1.293,959
70,37,0,0,1,8,9,44158,47.255,-167.018,396.715,173.574,-1.295,960
70,37,0,0,1,8,10,44152,42.097,-166.893,408.979,172.120,-1.324,959
70,37,0,0,1,8,11,44469,48.358,-163.847,425.032,170.834,-1.284,1037
70,37,0,0,1,8,12,44471,48.684,-165.753,429.966,172.755,-1.285,1038
70,37,0,0,1,8,13,44468,43.617,-165.750,439.615,171.393,-1.313,1037
70,37,0,0,1,8,14,44467,48.260,-163.887,457.795,170.845,-1.284,1037
70,37,0,0,1,8,15,44474,48.884,-165.653,462.830,172.715,-1.284,1038
71,37,0,1,1,2,0,21217,8.533,-30.322,27.427,31.500,-1.296,117
71,37,0,1,1,2,1,21216,8.372,-30.379,35.784,31.511,-1.302,117
71,37,0,1,1,2,2,21328,8.718,-30.257,37.398,31.488,-1.290,117
71,37,0,1,1,2,3,21348,8.667,-30.275,53.445,31.491,-1.292,117
71,37,0,1,1,2,4,23041,8.591,-30.826,82.496,32.001,-1.299,133
71,37,0,1,1,2,5,23040,8.328,-30.918,138.066,32.020,-1.308,133
71,37,0,1,1,2,6,23859,8.479,-30.341,145.210,31.504,-1.298,149
71,37,0,1,1,2,7,23882,8.481,-30.340,187.835,31.503,-1.298,149
71,37,0,1,1,2,8,23869,8.242,-30.424,195.740,31.521,-1.306,149
71,37,0,1,1,2,9,23887,8.232,-30.427,196.017,31.521,-1.307,149
71,37,0,1,1,2,10,23886,8.852,-30.210,208.869,31.481,-1.286,149
71,37,0,1,1,2,11,24439,9.014,-30.678,212.035,31.975,-1.285,165
71,37,0,1,1,2,12,24430,8.034,-31.021,216.255,32.045,-1.317,165
71,37,0,1,1,2,13,24435,8.655,-30.804,259.857,31.997,-1.297,165
71,37,0,1,1,2,14,24431,9.213,-30.609,270.096,31.965,-1.278,165
71,37,0,1,1,2,15,24780,7.698,-30.614,297.646,31.567,-1.324,181
71,37,0,1,1,4,0,29047,19.755,-69.159,8.333,71.925,-1.293,234
71,37,0,1,1,4,1,29025,20.661,-68.738,23.648,71.776,-1.279,234
71,37,0,1,1,4,2,29023,20.052,-69.021,34.867,71.874,-1.288,234
71,37,0,1,1,4,3,29052,17.965,-69.989,42.978,72.258,-1.320,234
71,37,0,1,1,4,4,29031,18.803,-69.600,51.100,72.095,-1.307,234
71,37,0,1,1,4,5,29056,20.605,-68.764,51.150,71.785,-1.280,234
71,37,0,1,1,4,6,29049,20.148,-68.976,52.316,71.858,-1.287,234
71,37,0,1,1,4,7,29970,18.299,-70.380,96.270,72.720,-1.316,266
71,37,0,1,1,4,8,29978,20.651,-69.288,102.629,72.300,-1.281,266
71,37,0,1,1,4,9,29975,19.711,-69.725,137.106,72.457,-1.295,266
71,37,0,1,1,4,10,30672,18.201,-69.880,192.574,72.211,-1.316,298
71,37,0,1,1,4,11,31174,18.831,-70.133,238.306,72.617,-1.308,330
71,37,0,1,1,4,12,31170,20.312,-69.446,262.911,72.355,-1.286,330
71,37,0,1,1,4,13,31169,20.308,-69.447,267.651,72.356,-1.286,330
71,37,0,1,1,4,14,31557,18.434,-69.772,287.727,72.166,-1.312,362
71,37,0,1,1,4,15,31566,19.474,-69.289,347.865,71.974,-1.297,362
71,37,0,1,1,6,0,35876,28.607,-113.268,46.060,116.825,-1.323,380
71,37,0,1,1,6,1,35884,30.412,-112.414,57.053,116.455,-1.307,380
71,37,0,1,1,6,2,36546,29.939,-113.185,89.696,117.078,-1.312,432
71,37,0,1,1,6,3,36545,31.714,-112.345,94.410,116.735,-1.296,432
71,37,0,1,1,6,4,36548,31.929,-112.243,121.492,116.696,-1.294,432
71,37,0,1,1,6,5,37133,28.471,-111.323,168.303,114.906,-1.320,483
71,37,0,1,1,6,6,37148,33.575,-110.916,169.585,115.886,-1.277,484
71,37,0,1,1,6,7,37144,28.739,-113.205,171.225,116.796,-1.322,484
71,37,0,1,1,6,8,37150,30.361,-112.438,180.876,116.465,-1.307,484
71,37,0,1,1,6,9,37149,29.356,-112.914,196.407,116.668,-1.316,484
71,37,0,1,1,6,10,37616,28.626,-111.793,220.232,115.400,-1.320,535
71,37,0,1,1,6,11,37623,28.972,-113.643,223.859,117.278,-1.321,536
71,37,0,1,1,6,12,37620,28.553,-113.841,238.983,117.367,-1.325,536
71,37,0,1,1,6,13,37624,30.543,-112.900,242.717,116.958,-1.307,536
71,37,0,1,1,6,14,37625,30.106,-113.106,261.234,117.044,-1.311,536
71,37,0,1,1,6,15,37990,32.345,-111.499,289.089,116.096,-1.288,588
71,37,0,1,1,8,0,41963,46.039,-164.778,67.531,171.089,-1.298,569
71,37,0,1,1,8,1,42506,42.602,-166.691,82.583,172.049,-1.321,647
71,37,0,1,1,8,2,42503,43.629,-166.279,120.413,171.907,-1.314,647
71,37,0,1,1,8,3,42515,49.473,-165.913,134.846,173.132,-1.281,648
71,37,0,1,1,8,4,43005,48.717,-165.736,152.905,172.748,-1.285,726
71,37,0,1,1,8,5,43000,42.681,-166.126,161.351,171.521,-1.319,725
71,37,0,1,1,8,6,43002,42.128,-166.348,179.219,171.600,-1.323,725
71,37,0,1,1,8,7,43001,48.053,-163.970,188.460,170.866,-1.286,725
71,37,0,1,1,8,8,43004,48.382,-165.903,190.803,172.814,-1.287,726
71,37,0,1,1,8,9,43003,46.827,-164.462,190.899,170.999,-1.293,725
71,37,0,1,1,8,10,43008,47.238,-166.473,193.089,173.045,-1.294,726
71,37,0,1,1,8,11,43458,50.091,-165.605,223.764,173.015,-1.277,804
71,37,0,1,1,8,12,43460,50.116,-165.593,249.264,173.011,-1.277,804
71,37,0,1,1,8,13,43456,46.804,-165.005,254.218,171.515,-1.294,803
71,37,0,1,1,8,14,43462,49.958,-165.671,275.705,173.040,-1.278,804
71,37,0,1,1,8,15,43459,49.600,-165.849,280.353,173.107,-1.280,804
72,37,0,2,0,2,0,21217,8.533,-30.322,27.427,31.500,-1.296,117
72,37,0,2,0,2,1,21216,8.372,-30.379,35.784,31.511,-1.302,117
72,37,0,2,0,2,2,21328,8.718,-30.257,37.398,31.488,-1.290,117
72,37,0,2,0,2,3,21348,8.667,-30.275,53.445,31.491,-1.292,117
72,37,0,2,0,2,4,23041,8.591,-30.826,82.496,32.001,-1.299,133
72,37,0,2,0,2,5,23040,8.328,-30.918,138.066,32.020,-1.308,133
72,37,0,2,0,2,6,23859,8.479,-30.341,145.210,31.504,-1.298,149
72,37,0,2,0,2,7,23882,8.481,-30.340,187.835,31.503,-1.298,149
72,37,0,2,0,2,8,23869,8.242,-30.424,195.740,31.521,-1.306,149
72,37,0,2,0,2,9,23887,8.232,-30.427,196.017,31.521,-1.307,149
72,37,0,2,0,2,10,23886,8.852,-30.210,208.869,31.481,-1.286,149
72,37,0,2,0,2,11,24439,9.014,-30.678,212.035,31.975,-1.285,165
72,37,0,2,0,2,12,24430,8.034,-31.021,216.255,32.045,-1.317,165
72,37,0,2,0,2,13,24435,8.655,-30.804,259.857,31.997,-1.297,165
72,37,0,2,0,2,14,24431,9.213,-30.609,270.096,31.965,-1.278,165
72,37,0,2,0,2,15,24780,7.698,-30.614,297.646,31.567,-1.324,181
72,37,0,2,0,4,0,27919,20.031,-69.576,-24.742,72.402,-1.290,202
72,37,0,2,0,4,1,27898,19.570,-69.790,-16.671,72.482,-1.297,202
72,37,0,2,0,4,2,27914,20.443,-69.385,-5.978,72.334,-1.284,202
72,37,0,2,0,4,3,29035,18.687,-69.654,6.341,72.117,-1.309,234
72,37,0,2,0,4,4,29044,17.988,-69.978,6.866,72.253,-1.319,234
72,37,0,2,0,4,5,29047,19.755,-69.159,8.333,71.925,-1.293,234
72,37,0,2,0,4,6,29025,20.661,-68.738,23.648,71.776,-1.279,234
72,37,0,2,0,4,7,29023,20.052,-69.021,34.867,71.874,-1.288,234
72,37,0,2,0,4,8,29052,17.965,-69.989,42.978,72.258,-1.320,234
72,37,0,2,0,4,9,29031,18.803,-69.600,51.100,72.095,-1.307,234
72,37,0,2,0,4,10,29056,20.605,-68.764,51.150,71.785,-1.280,234
72,37,0,2,0,4,11,29049,20.148,-68.976,52.316,71.858,-1.287,234
72,37,0,2,0,4,12,29970,18.299,-70.380,96.270,72.720,-1.316,266
72,37,0,2,0,4,13,29978,20.651,-69.288,102.629,72.300,-1.281,266
72,37,0,2,0,4,14,29975,19.711,-69.725,137.106,72.457,-1.295,266
72,37,0,2,0,4,15,30672,18.201,-69.880,192.574,72.211,-1.316,298
72,37,0,2,0,6,0,35066,28.501,-111.835,-30.647,115.410,-1.321,327
72,37,0,2,0,6,1,35052,28.655,-111.783,-25.780,115.397,-1.320,327
72,37,0,2,0,6,2,35072,29.814,-113.244,-21.241,117.103,-1.313,328
72,37,0,2,0,6,3,35074,28.892,-113.681,-16.491,117.295,-1.322,328
72,37,0,2,0,6,4,35049,28.159,-111.948,-16.029,115.435,-1.324,327
72,37,0,2,0,6,5,35073,33.509,-111.496,-15.380,116.422,-1.279,328
72,37,0,2,0,6,6,35882,28.419,-113.357,9.097,116.865,-1.325,380
72,37,0,2,0,6,7,35881,32.710,-111.326,9.491,116.032,-1.285,380
72,37,0,2,0,6,8,35873,33.283,-111.055,35.050,115.935,-1.280,380
72,37,0,2,0,6,9,35879,30.008,-112.605,39.364,116.535,-1.310,380
72,37,0,2,0,6,10,35869,28.041,-111.466,45.312,114.939,-1.324,379
72,37,0,2,0,6,11,35876,28.607,-113.268,46.060,116.825,-1.323,380
72,37,0,2,0,6,12,35884,30.412,-112.414,57.053,116.455,-1.307,380
72,37,0,2,0,6,13,36546,29.939,-113.185,89.696,117.078,-1.312,432
72,37,0,2,0,6,14,36545,31.714,-112.345,94.410,116.735,-1.296,432
72,37,0,2,0,6,15,36548,31.929,-112.243,121.492,116.696,-1.294,432
72,37,0,2,0,8,0,40247,44.379,-165.978,-139.797,171.809,-1.310,335
72,37,0,2,0,8,1,40755,44.293,-165.479,-139.422,171.304,-1.309,413
72,37,0,2,0,8,2,40757,44.481,-165.403,-103.328,171.280,-1.308,413
72,37,0,2,0,8,3,40763,49.575,-165.309,-72.799,172.583,-1.279,414
72,37,0,2,0,8,4,41337,44.352,-165.989,-69.828,171.812,-1.310,491
72,37,0,2,0,8,5,40756,44.159,-165.533,-69.628,171.322,-1.310,413
72,37,0,2,0,8,6,41343,47.462,-166.915,-57.978,173.532,-1.294,492
72,37,0,2,0,8,7,41335,44.729,-165.837,-39.548,171.763,-1.307,491
72,37,0,2,0,8,8,41338,45.902,-165.366,-38.107,171.619,-1.300,491
72,37,0,2,0,8,9,41341,45.684,-165.454,-22.766,171.645,-1.301,491
72,37,0,2,0,8,10,41334,45.434,-165.554,-17.456,171.675,-1.303,491
72,37,0,2,0,8,11,41969,44.041,-165.580,5.064,171.337,-1.311,569
72,37,0,2,0,8,12,41968,45.495,-164.996,13.372,171.153,-1.302,569
72,37,0,2,0,8,13,41972,45.228,-165.104,52.940,171.187,-1.303,569
72,37,0,2,0,8,14,41970,42.859,-166.054,58.865,171.496,-1.318,569
72,37,0,2,0,8,15,41963,46.039,-164.778,67.531,171.089,-1.298,569
73,38,0,0,0,2,0,21298,10.107,-29.772,40.048,31.441,-1.244,117
73,38,0,0,0,2,1,21316,10.299,-29.705,41.761,31.439,-1.237,117
73,38,0,0,0,2,2,21311,9.503,-29.983,44.738,31.453,-1.264,117
73,38,0,0,0,2,3,21235,10.284,-29.710,45.072,31.440,-1.238,117
73,38,0,0,0,2,4,21314,9.285,-30.059,58.203,31.461,-1.271,117
73,38,0,0,0,2,5,21273,9.929,-29.834,63.075,31.443,-1.250,117
73,38,0,0,0,2,6,23007,9.930,-30.358,79.426,31.941,-1.255,133
73,38,0,0,0,2,7,23002,9.987,-30.338,93.437,31.940,-1.253,133
73,38,0,0,0,2,8,23010,10.501,-30.159,108.196,31.935,-1.236,133
73,38,0,0,0,2,9,23028,9.382,-30.550,111.282,31.958,-1.273,133
73,38,0,0,0,2,10,23016,9.603,-30.473,124.946,31.950,-1.266,133
73,38,0,0,0,2,11,23885,9.255,-30.070,148.899,31.462,-1.272,149
73,38,0,0,0,2,12,23875,9.486,-29.989,150.177,31.454,-1.264,149
73,38,0,0,0,2,13,23862,9.869,-29.855,161.540,31.444,-1.252,149
73,38,0,0,0,2,14,23871,9.264,-30.067,196.156,31.461,-1.272,149
73,38,0,0,0,2,15,24436,10.742,-30.075,252.190,31.935,-1.228,165
73,38,0,0,0,4,0,27908,21.908,-68.705,-9.301,72.113,-1.262,202
73,38,0,0,0,4,1,29024,20.867,-68.642,4.034,71.744,-1.276,234
73,38,0,0,0,4,2,29045,21.100,-68.534,6.334,71.709,-1.272,234
73,38,0,0,0,4,3,29034,21.042,-68.561,7.508,71.718,-1.273,234
73,38,0,0,0,4,4,29040,21.861,-68.181,20.592,71.600,-1.261,234
73,38,0,0,0,4,5,29039,23.014,-67.646,48.841,71.453,-1.243,234
73,38,0,0,0,4,6,29973,21.363,-68.958,75.148,72.191,-1.270,266
73,38,0,0,0,4,7,29972,22.535,-68.414,85.295,72.030,-1.253,266
73,38,0,0,0,4,8,29980,23.811,-67.822,94.831,71.880,-1.233,266
73,38,0,0,0,4,9,29977,21.222,-69.023,110.004,72.212,-1.273,266
73,38,0,0,0,4,10,30673,20.845,-68.652,147.546,71.747,-1.276,298
73,38,0,0,0,4,11,30684,22.780,-67.754,166.535,71.481,-1.246,298
73,38,0,0,0,4,12,30686,23.931,-67.220,176.707,71.353,-1.229,298
73,38,0,0,0,4,13,30676,23.597,-67.375,202.924,71.388,-1.234,298
73,38,0,0,0,4,14,31168,23.828,-67.814,213.153,71.878,-1.233,330
73,38,0,0,0,4,15,31564,23.820,-67.272,333.609,71.364,-1.230,362
73,38,0,0,0,6,0,35885,34.810,-110.332,7.859,115.693,-1.265,380
73,38,0,0,0,6,1,35877,35.432,-110.037,11.291,115.601,-1.259,380
73,38,0,0,0,6,2,35883,34.565,-110.448,24.220,115.730,-1.267,380
73,38,0,0,0,6,3,36539,35.334,-110.632,77.313,116.138,-1.262,432
73,38,0,0,0,6,4,36540,33.842,-111.338,79.834,116.368,-1.276,432
73,38,0,0,0,6,5,36544,35.551,-110.529,86.599,116.106,-1.260,432
73,38,0,0,0,6,6,36543,36.288,-110.180,88.441,116.002,-1.253,432
73,38,0,0,0,6,7,36547,34.339,-111.103,93.325,116.288,-1.271,432
73,38,0,0,0,6,8,36550,35.156,-110.716,120.143,116.163,-1.263,432
73,38,0,0,0,6,9,36549,37.807,-109.461,122.156,115.806,-1.238,432
73,38,0,0,0,6,10,36541,34.421,-111.064,132.521,116.276,-1.270,432
73,38,0,0,0,6,11,37146,34.977,-110.253,142.772,115.668,-1.264,484
73,38,0,0,0,6,12,37145,36.681,-109.447,159.573,115.430,-1.247,484
73,38,0,0,0,6,13,37622,37.325,-109.689,265.504,115.865,-1.243,536
73,38,0,0,0,6,14,37997,36.849,-109.367,282.434,115.408,-1.246,588
73,38,0,0,0,6,15,37999,34.982,-110.250,313.599,115.667,-1.264,588
73,38,0,0,0,8,0,41980,50.074,-165.060,14.126,172.488,-1.276,570
73,38,0,0,0,8,1,41976,55.522,-162.346,16.282,171.578,-1.241,570
73,38,0,0,0,8,2,41979,54.983,-162.615,44.800,171.659,-1.245,570
73,38,0,0,0,8,3,42512,56.085,-162.619,91.435,172.019,-1.239,648
73,38,0,0,0,8,4,42513,52.483,-164.413,106.289,172.586,-1.262,648
73,38,0,0,0,8,5,42517,56.124,-162.599,110.540,172.013,-1.238,648
73,38,0,0,0,8,6,43009,57.602,-161.309,153.161,171.285,-1.228,726
73,38,0,0,0,8,7,43006,57.085,-161.567,180.342,171.355,-1.231,726
73,38,0,0,0,8,8,43007,56.811,-161.704,189.813,171.393,-1.233,726
73,38,0,0,0,8,9,43461,51.953,-164.677,244.495,172.678,-1.265,804
73,38,0,0,0,8,10,43830,56.143,-162.037,305.051,171.488,-1.237,882
73,38,0,0,0,8,11,43827,52.226,-163.988,306.993,172.104,-1.262,882
73,38,0,0,0,8,12,43829,54.686,-162.762,341.326,171.703,-1.247,882
73,38,0,0,0,8,13,44153,55.745,-162.788,376.548,172.068,-1.241,960
73,38,0,0,0,8,14,44157,57.717,-161.805,408.461,171.791,-1.228,960
73,38,0,0,0,8,15,44472,55.919,-162.149,465.296,171.520,-1.239,1038
74,39,0,0,0,2,0,23071,12.880,-31.314,82.399,33.860,-1.181,134
74,39,0,0,0,2,1,23865,11.229,-29.380,154.541,31.452,-1.206,149
74,39,0,0,0,2,2,23870,11.049,-29.442,158.792,31.447,-1.212,149
74,39,0,0,0,2,3,23926,11.978,-31.456,165.381,33.659,-1.207,150
74,39,0,0,0,2,4,23935,11.883,-31.541,169.872,33.705,-1.210,150
74,39,0,0,0,2,5,23889,11.379,-29.327,173.506,31.457,-1.201,149
74,39,0,0,0,2,6,23922,12.214,-31.245,185.365,33.547,-1.198,150
74,39,0,0,0,2,7,23852,11.846,-29.164,186.654,31.478,-1.185,149
74,39,0,0,0,2,8,24422,11.582,-29.781,240.716,31.954,-1.200,165
74,39,0,0,0,2,9,24446,11.700,-32.368,249.847,34.418,-1.224,166
74,39,0,0,0,2,10,24428,11.297,-29.880,251.365,31.945,-1.209,165
74,39,0,0,0,2,11,24414,11.307,-29.877,254.336,31.945,-1.209,165
74,39,0,0,0,2,12,24459,12.303,-31.829,257.859,34.124,-1.202,166
74,39,0,0,0,2,13,24463,12.120,-31.993,269.072,34.212,-1.209,166
74,39,0,0,0,2,14,24448,12.073,-32.034,272.832,34.234,-1.210,166
74,39,0,0,0,2,15,24432,11.696,-29.741,278.301,31.958,-1.196,165
74,39,0,0,0,4,0,29963,25.437,-67.067,88.354,71.729,-1.208,266
74,39,0,0,0,4,1,29967,24.636,-67.439,112.339,71.798,-1.221,266
74,39,0,0,0,4,2,29981,25.203,-67.176,128.144,71.748,-1.212,266
74,39,0,0,0,4,3,29969,26.341,-66.648,134.714,71.664,-1.194,266
74,39,0,0,0,4,4,30671,26.646,-65.960,144.801,71.139,-1.187,298
74,39,0,0,0,4,5,30701,27.519,-67.882,149.366,73.248,-1.186,299
74,39,0,0,0,4,6,30681,25.647,-66.424,163.323,71.203,-1.202,298
74,39,0,0,0,4,7,30680,24.876,-66.782,169.002,71.264,-1.214,298
74,39,0,0,0,4,8,30670,25.873,-66.319,183.286,71.187,-1.199,298
74,39,0,0,0,4,9,30678,26.718,-65.927,186.163,71.135,-1.186,298
74,39,0,0,0,4,10,30675,25.892,-66.310,186.714,71.186,-1.199,298
74,39,0,0,0,4,11,30687,27.741,-67.720,191.797,73.182,-1.182,299
74,39,0,0,0,4,12,30697,27.278,-68.058,200.379,73.321,-1.190,299
74,39,0,0,0,4,13,30685,27.103,-65.748,200.569,71.115,-1.180,298
74,39,0,0,0,4,14,31563,26.494,-66.031,302.496,71.148,-1.189,362
74,39,0,0,0,4,15,31575,27.196,-68.118,311.456,73.347,-1.191,363
74,39,0,0,0,6,0,36560,42.022,-109.598,104.386,117.378,-1.205,433
74,39,0,0,0,6,1,36561,44.382,-108.109,108.492,116.865,-1.181,433
74,39,0,0,0,6,2,36553,43.925,-108.397,113.721,116.958,-1.186,433
74,39,0,0,0,6,3,36563,42.814,-109.098,127.548,117.198,-1.197,433
74,39,0,0,0,6,4,37151,41.641,-107.099,169.342,114.909,-1.200,484
74,39,0,0,0,6,5,37154,41.981,-109.038,172.198,116.841,-1.203,485
74,39,0,0,0,6,6,37157,43.054,-108.361,187.232,116.601,-1.193,485
74,39,0,0,0,6,7,37153,44.030,-107.745,189.989,116.394,-1.183,485
74,39,0,0,0,6,8,37147,39.237,-108.237,205.076,115.129,-1.223,484
74,39,0,0,0,6,9,37632,43.745,-108.511,216.875,116.997,-1.188,537
74,39,0,0,0,6,10,37626,44.513,-108.026,266.482,116.838,-1.180,537
74,39,0,0,0,6,11,37998,40.336,-107.716,308.089,115.021,-1.212,588
74,39,0,0,0,6,12,37995,38.916,-108.388,322.021,115.163,-1.226,588
74,39,0,0,0,6,13,37994,40.220,-107.771,324.093,115.031,-1.214,588
74,39,0,0,0,6,14,38002,41.039,-109.633,329.715,117.062,-1.213,589
74,39,0,0,0,6,15,38322,41.497,-109.929,352.196,117.501,-1.210,641
74,39,0,0,0,8,0,41348,60.668,-160.336,-10.166,171.430,-1.209,492
74,39,0,0,0,8,1,41352,65.059,-159.948,-5.328,172.673,-1.184,493
74,39,0,0,0,8,2,41977,57.795,-161.213,69.625,171.260,-1.227,570
74,39,0,0,0,8,3,42516,57.917,-161.706,69.833,171.765,-1.227,648
74,39,0,0,0,8,4,42511,59.185,-161.074,71.952,171.603,-1.219,648
74,39,0,0,0,8,5,42510,58.481,-161.425,81.124,171.692,-1.223,648
74,39,0,0,0,8,6,42521,62.069,-161.752,104.375,173.252,-1.204,649
74,39,0,0,0,8,7,42514,58.861,-161.236,121.341,171.644,-1.221,648
74,39,0,0,0,8,8,43464,65.074,-159.940,229.549,172.671,-1.184,805
74,39,0,0,0,8,9,43466,62.180,-161.685,272.864,173.229,-1.204,805
74,39,0,0,0,8,10,43832,64.537,-159.685,280.259,172.233,-1.187,883
74,39,0,0,0,8,11,43833,65.617,-159.034,316.641,172.039,-1.179,883
74,39,0,0,0,8,12,43831,61.343,-159.446,345.700,170.839,-1.204,882
74,39,0,0,0,8,13,44159,62.907,-161.247,364.821,173.083,-1.199,961
74,39,0,0,0,8,14,44162,63.919,-160.636,391.830,172.886,-1.192,961
74,39,0,0,0,8,15,44156,59.189,-161.072,402.073,171.603,-1.219,960
75,40,0,0,0,2,0,23092,13.180,-31.047,77.845,33.728,-1.169,134
75,40,0,0,0,2,1,23056,13.346,-30.898,80.632,33.657,-1.163,134
75,40,0,0,0,2,2,23881,12.654,-28.881,141.345,31.532,-1.158,149
75,40,0,0,0,2,3,23903,13.249,-30.321,147.689,33.089,-1.159,150
75,40,0,0,0,2,4,23879,13.267,-28.667,151.275,31.588,-1.137,149
75,40,0,0,0,2,5,23937,13.812,-29.818,157.758,32.861,-1.137,150
75,40,0,0,0,2,6,23892,12.697,-28.866,204.685,31.535,-1.156,149
75,40,0,0,0,2,7,24449,13.470,-30.788,218.899,33.605,-1.158,166
75,40,0,0,0,2,8,24419,13.318,-29.174,229.232,32.070,-1.143,165
75,40,0,0,0,2,9,24424,12.583,-29.431,229.759,32.008,-1.167,165
75,40,0,0,0,2,10,24471,13.862,-30.437,239.706,33.445,-1.143,166
75,40,0,0,0,2,11,24426,12.550,-29.442,241.854,32.005,-1.168,165
75,40,0,0,0,2,12,24453,13.232,-31.000,242.018,33.706,-1.167,166
75,40,0,0,0,2,13,24457,13.188,-31.039,254.883,33.724,-1.169,166
75,40,0,0,0,2,14,24427,12.421,-29.487,279.554,31.997,-1.172,165
75,40,0,0,0,2,15,24798,12.879,-30.651,290.530,33.247,-1.173,182
75,40,0,0,0,4,0,29073,28.145,-67.425,29.191,73.064,-1.175,235
75,40,0,0,0,4,1,29083,30.625,-65.613,33.879,72.409,-1.134,235
75,40,0,0,0,4,2,29068,30.247,-65.889,40.483,72.501,-1.140,235
75,40,0,0,0,4,3,29074,29.418,-66.495,55.618,72.712,-1.154,235
75,40,0,0,0,4,4,29965,28.269,-65.753,72.015,71.572,-1.165,266
75,40,0,0,0,4,5,29993,29.199,-67.268,73.994,73.332,-1.161,267
75,40,0,0,0,4,6,29985,30.058,-66.641,75.639,73.106,-1.147,267
75,40,0,0,0,4,7,29964,28.167,-65.800,75.782,71.575,-1.166,266
75,40,0,0,0,4,8,29996,29.523,-67.032,76.418,73.245,-1.156,267
75,40,0,0,0,4,9,29991,28.814,-67.549,77.872,73.438,-1.168,267
75,40,0,0,0,4,10,29983,30.361,-66.420,86.315,73.030,-1.142,267
75,40,0,0,0,4,11,29994,30.393,-66.397,113.076,73.022,-1.142,267
75,40,0,0,0,4,12,30669,27.706,-65.468,164.257,71.090,-1.170,298
75,40,0,0,0,4,13,30689,28.419,-67.225,168.480,72.985,-1.171,299
75,40,0,0,0,4,14,30688,29.608,-66.357,175.126,72.662,-1.151,299
75,40,0,0,0,4,15,31890,30.869,-66.048,364.892,72.906,-1.134,395
75,40,0,0,0,6,0,35081,48.085,-105.772,-25.453,116.189,-1.144,329
75,40,0,0,0,6,1,35080,46.945,-106.491,-16.342,116.379,-1.156,329
75,40,0,0,0,6,2,35093,44.838,-107.821,-6.509,116.773,-1.177,329
75,40,0,0,0,6,3,35091,45.041,-107.693,-1.421,116.732,-1.175,329
75,40,0,0,0,6,4,35895,48.099,-105.178,29.657,115.654,-1.142,381
75,40,0,0,0,6,5,35893,45.812,-106.621,31.508,116.046,-1.165,381
75,40,0,0,0,6,6,35888,46.597,-106.126,40.362,115.905,-1.157,381
75,40,0,0,0,6,7,35892,45.087,-107.079,54.905,116.184,-1.172,381
75,40,0,0,0,6,8,36558,44.784,-107.855,109.137,116.783,-1.177,433
75,40,0,0,0,6,9,36556,49.507,-104.875,119.704,115.973,-1.130,433
75,40,0,0,0,6,10,37155,44.689,-107.329,142.067,116.261,-1.176,485
75,40,0,0,0,6,11,37156,47.852,-105.334,153.314,115.694,-1.144,485
75,40,0,0,0,6,12,37633,46.475,-106.788,242.676,116.463,-1.160,537
75,40,0,0,0,6,13,37630,45.909,-107.145,273.151,116.566,-1.166,537
75,40,0,0,0,6,14,37629,49.521,-104.866,273.182,115.971,-1.130,537
75,40,0,0,0,6,15,38000,47.306,-105.678,284.099,115.783,-1.150,589
75,40,0,0,0,8,0,41981,72.795,-154.704,43.264,170.975,-1.131,571
75,40,0,0,0,8,1,41986,73.825,-156.385,43.680,172.934,-1.130,572
75,40,0,0,0,8,2,41985,72.880,-154.653,63.091,170.965,-1.130,571
75,40,0,0,0,8,3,41987,73.874,-156.349,63.899,172.923,-1.129,572
75,40,0,0,0,8,4,42520,67.546,-158.448,101.175,172.245,-1.168,649
75,40,0,0,0,8,5,42518,71.755,-155.910,111.961,171.630,-1.139,649
75,40,0,0,0,8,6,42519,66.740,-158.935,137.335,172.379,-1.173,649
75,40,0,0,0,8,7,43013,71.631,-155.406,153.534,171.120,-1.139,727
75,40,0,0,0,8,8,43014,69.669,-156.590,157.819,171.389,-1.152,727
75,40,0,0,0,8,9,43012,71.853,-155.273,208.077,171.092,-1.137,727
75,40,0,0,0,8,10,43465,71.383,-156.134,266.489,171.678,-1.142,805
75,40,0,0,0,8,11,43838,73.885,-156.341,303.396,172.920,-1.129,884
75,40,0,0,0,8,12,43834,69.857,-156.476,324.305,171.361,-1.151,883
75,40,0,0,0,8,13,44160,72.436,-155.499,366.942,171.543,-1.135,961
75,40,0,0,0,8,14,44165,71.187,-156.252,376.993,171.704,-1.143,961
75,40,0,0,0,8,15,44163,70.213,-156.840,402.641,171.839,-1.150,961
76,41,0,0,1,2,0,23080,15.300,-29.153,104.222,32.924,-1.088,134
76,41,0,0,1,2,1,23074,14.541,-29.830,105.737,33.186,-1.117,134
76,41,0,0,1,2,2,23069,14.982,-29.437,109.598,33.030,-1.100,134
76,41,0,0,1,2,3,23874,13.834,-28.469,140.212,31.652,-1.118,149
76,41,0,0,1,2,4,23923,14.310,-29.373,144.761,32.673,-1.117,150
76,41,0,0,1,2,5,23929,14.687,-29.036,159.952,32.539,-1.103,150
76,41,0,0,1,2,6,23864,13.550,-28.568,165.841,31.619,-1.128,149
76,41,0,0,1,2,7,23895,14.908,-28.838,166.268,32.464,-1.094,150
76,41,0,0,1,2,8,23894,14.898,-28.848,166.277,32.468,-1.094,150
76,41,0,0,1,2,9,23911,14.084,-29.575,171.809,32.757,-1.126,150
76,41,0,0,1,2,10,24445,14.671,-29.715,221.455,33.139,-1.112,166
76,41,0,0,1,2,11,24447,14.985,-29.434,248.602,33.029,-1.100,166
76,41,0,0,1,2,12,24425,14.026,-28.926,255.618,32.147,-1.119,165
76,41,0,0,1,2,13,24465,14.470,-29.894,263.953,33.212,-1.120,166
76,41,0,0,1,2,14,24791,14.449,-29.249,281.888,32.623,-1.112,182
76,41,0,0,1,2,15,24788,14.737,-28.991,297.670,32.522,-1.101,182
76,41,0,0,1,4,0,29064,31.407,-65.042,19.245,72.228,-1.121,235
76,41,0,0,1,4,1,29080,31.733,-64.804,22.314,72.157,-1.115,235
76,41,0,0,1,4,2,29065,31.944,-64.650,46.773,72.112,-1.112,235
76,41,0,0,1,4,3,29070,33.454,-63.547,60.827,71.815,-1.086,235
76,41,0,0,1,4,4,29982,31.889,-65.303,72.518,72.674,-1.117,267
76,41,0,0,1,4,5,29984,32.087,-65.159,95.931,72.631,-1.113,267
76,41,0,0,1,4,6,29989,31.320,-65.719,107.574,72.801,-1.126,267
76,41,0,0,1,4,7,30691,32.255,-64.423,149.821,72.046,-1.107,299
76,41,0,0,1,4,8,30694,31.104,-65.264,170.563,72.297,-1.126,299
76,41,0,0,1,4,9,30702,31.812,-64.746,171.775,72.139,-1.114,299
76,41,0,0,1,4,10,30699,31.806,-64.751,210.157,72.141,-1.114,299
76,41,0,0,1,4,11,31177,31.861,-65.324,211.624,72.680,-1.117,331
76,41,0,0,1,4,12,31176,31.779,-65.384,275.253,72.698,-1.118,331
76,41,0,0,1,4,13,31572,33.819,-63.281,282.112,71.751,-1.080,363
76,41,0,0,1,4,14,31570,33.341,-63.630,319.668,71.836,-1.088,363
76,41,0,0,1,4,15,31894,31.214,-65.796,360.601,72.825,-1.128,395
76,41,0,0,1,6,0,35087,52.375,-103.065,-0.491,115.609,-1.101,329
76,41,0,0,1,6,1,35887,51.852,-102.810,39.856,115.146,-1.104,381
76,41,0,0,1,6,2,35889,52.886,-102.157,57.922,115.035,-1.093,381
76,41,0,0,1,6,3,36562,54.343,-101.823,76.222,115.417,-1.081,433
76,41,0,0,1,6,4,36554,53.117,-102.597,112.562,115.532,-1.093,433
76,41,0,0,1,6,5,36568,53.993,-104.494,114.769,117.619,-1.094,434
76,41,0,0,1,6,6,36551,52.032,-103.282,116.789,115.648,-1.104,433
76,41,0,0,1,6,7,36559,50.961,-103.958,121.541,115.777,-1.115,433
76,41,0,0,1,6,8,36557,50.511,-104.241,139.239,115.834,-1.120,433
76,41,0,0,1,6,9,37152,51.099,-103.285,175.405,115.234,-1.111,485
76,41,0,0,1,6,10,37628,50.541,-104.222,245.335,115.830,-1.119,537
76,41,0,0,1,6,11,37634,53.407,-102.414,246.165,115.503,-1.090,537
76,41,0,0,1,6,12,37631,50.588,-104.193,278.877,115.825,-1.119,537
76,41,0,0,1,6,13,38001,51.686,-102.915,308.064,115.165,-1.105,589
76,41,0,0,1,6,14,38004,53.613,-104.165,342.324,117.152,-1.095,590
76,41,0,0,1,6,15,38607,50.480,-103.676,449.822,115.312,-1.118,693
76,41,0,0,1,8,0,43018,77.497,-153.745,168.748,172.172,-1.104,728
76,41,0,0,1,8,1,43020,75.821,-154.950,172.726,172.506,-1.116,728
76,41,0,0,1,8,2,43021,79.879,-152.032,174.762,171.740,-1.087,728
76,41,0,0,1,8,3,43015,76.867,-154.197,177.655,172.294,-1.108,728
76,41,0,0,1,8,4,43010,74.249,-153.827,188.247,170.809,-1.121,727
76,41,0,0,1,8,5,43023,79.467,-152.328,208.580,171.810,-1.090,728
76,41,0,0,1,8,6,43467,79.736,-152.745,209.191,172.304,-1.090,806
76,41,0,0,1,8,7,43463,73.497,-154.859,247.183,171.415,-1.128,805
76,41,0,0,1,8,8,43840,74.460,-155.928,286.412,172.794,-1.125,884
76,41,0,0,1,8,9,43837,80.152,-151.836,292.445,171.693,-1.085,884
76,41,0,0,1,8,10,44169,78.291,-153.783,355.317,172.565,-1.100,962
76,41,0,0,1,8,11,44161,74.227,-154.419,360.873,171.333,-1.123,961
76,41,0,0,1,8,12,44164,73.351,-154.947,362.323,171.432,-1.129,961
76,41,0,0,1,8,13,44170,74.524,-156.492,365.256,173.331,-1.126,962
76,41,0,0,1,8,14,44167,74.352,-156.615,366.550,173.368,-1.128,962
76,41,0,0,1,8,15,44479,76.732,-154.295,422.409,172.322,-1.109,1040
77,41,0,1,1,2,0,23080,15.300,-29.153,104.222,32.924,-1.088,134
77,41,0,1,1,2,1,23074,14.541,-29.830,105.737,33.186,-1.117,134
77,41,0,1,1,2,2,23069,14.982,-29.437,109.598,33.030,-1.100,134
77,41,0,1,1,2,3,23874,13.834,-28.469,140.212,31.652,-1.118,149
77,41,0,1,1,2,4,23923,14.310,-29.373,144.761,32.673,-1.117,150
77,41,0,1,1,2,5,23929,14.687,-29.036,159.952,32.539,-1.103,150
77,41,0,1,1,2,6,23864,13.550,-28.568,165.841,31.619,-1.128,149
77,41,0,1,1,2,7,23895,14.908,-28.838,166.268,32.464,-1.094,150
77,41,0,1,1,2,8,23894,14.898,-28.848,166.277,32.468,-1.094,150
77,41,0,1,1,2,9,23911,14.084,-29.575,171.809,32.757,-1.126,150
77,41,0,1,1,2,10,24445,14.671,-29.715,221.455,33.139,-1.112,166
77,41,0,1,1,2,11,24447,14.985,-29.434,248.602,33.029,-1.100,166
77,41,0,1,1,2,12,24425,14.026,-28.926,255.618,32.147,-1.119,165
77,41,0,1,1,2,13,24465,14.470,-29.894,263.953,33.212,-1.120,166
77,41,0,1,1,2,14,24791,14.449,-29.249,281.888,32.623,-1.112,182
77,41,0,1,1,2,15,24788,14.737,-28.991,297.670,32.522,-1.101,182
77,41,0,1,1,4,0,27948,31.548,-65.552,-10.905,72.749,-1.122,203
77,41,0,1,1,4,1,27942,33.479,-64.142,-1.391,72.354,-1.090,203
77,41,0,1,1,4,2,29076,32.539,-64.215,2.009,71.989,-1.102,235
77,41,0,1,1,4,3,29064,31.407,-65.042,19.245,72.228,-1.121,235
77,41,0,1,1,4,4,29080,31.733,-64.804,22.314,72.157,-1.115,235
77,41,0,1,1,4,5,29065,31.944,-64.650,46.773,72.112,-1.112,235
77,41,0,1,1,4,6,29070,33.454,-63.547,60.827,71.815,-1.086,235
77,41,0,1,1,4,7,29982,31.889,-65.303,72.518,72.674,-1.117,267
77,41,0,1,1,4,8,29984,32.087,-65.159,95.931,72.631,-1.113,267
77,41,0,1,1,4,9,29989,31.320,-65.719,107.574,72.801,-1.126,267
77,41,0,1,1,4,10,30691,32.255,-64.423,149.821,72.046,-1.107,299
77,41,0,1,1,4,11,30694,31.104,-65.264,170.563,72.297,-1.126,299
77,41,0,1,1,4,12,30702,31.812,-64.746,171.775,72.139,-1.114,299
77,41,0,1,1,4,13,30699,31.806,-64.751,210.157,72.141,-1.114,299
77,41,0,1,1,4,14,31177,31.861,-65.324,211.624,72.680,-1.117,331
77,41,0,1,1,4,15,31176,31.779,-65.384,275.253,72.698,-1.118,331
77,41,0,1,1,6,0,35088,51.504,-103.615,-68.421,115.710,-1.109,329
77,41,0,1,1,6,1,35085,52.145,-103.210,-26.022,115.635,-1.103,329
77,41,0,1,1,6,2,35084,52.108,-103.233,-22.432,115.639,-1.103,329
77,41,0,1,1,6,3,35082,51.076,-103.885,-13.147,115.762,-1.114,329
77,41,0,1,1,6,4,35890,52.177,-102.604,-0.522,115.109,-1.100,381
77,41,0,1,1,6,5,35087,52.375,-103.065,-0.491,115.609,-1.101,329
77,41,0,1,1,6,6,35887,51.852,-102.810,39.856,115.146,-1.104,381
77,41,0,1,1,6,7,35889,52.886,-102.157,57.922,115.035,-1.093,381
77,41,0,1,1,6,8,36562,54.343,-101.823,76.222,115.417,-1.081,433
77,41,0,1,1,6,9,36554,53.117,-102.597,112.562,115.532,-1.093,433
77,41,0,1,1,6,10,36568,53.993,-104.494,114.769,117.619,-1.094,434
77,41,0,1,1,6,11,36551,52.032,-103.282,116.789,115.648,-1.104,433
77,41,0,1,1,6,12,36559,50.961,-103.958,121.541,115.777,-1.115,433
77,41,0,1,1,6,13,36557,50.511,-104.241,139.239,115.834,-1.120,433
77,41,0,1,1,6,14,37152,51.099,-103.285,175.405,115.234,-1.111,485
77,41,0,1,1,6,15,37628,50.541,-104.222,245.335,115.830,-1.119,537
77,41,0,1,1,8,0,40775,74.878,-155.628,-102.272,172.704,-1.122,416
77,41,0,1,1,8,1,40776,80.264,-151.755,-99.424,171.674,-1.084,416
77,41,0,1,1,8,2,40771,76.651,-154.352,-83.490,172.337,-1.110,416
77,41,0,1,1,8,3,40777,76.683,-154.330,-79.616,172.331,-1.110,416
77,41,0,1,1,8,4,41358,74.774,-156.312,-63.239,173.276,-1.125,494
77,41,0,1,1,8,5,41360,79.846,-152.665,-38.070,172.285,-1.089,494
77,41,0,1,1,8,6,41363,77.864,-154.090,-16.016,172.646,-1.103,494
77,41,0,1,1,8,7,41359,80.611,-152.115,-8.467,172.154,-1.083,494
77,41,0,1,1,8,8,41988,74.295,-156.047,1.402,172.831,-1.126,572
77,41,0,1,1,8,9,41982,73.858,-154.063,1.447,170.852,-1.124,571
77,41,0,1,1,8,10,41991,79.742,-152.130,62.884,171.762,-1.088,572
77,41,0,1,1,8,11,42525,74.859,-156.251,122.758,173.258,-1.124,650
77,41,0,1,1,8,12,42523,77.761,-154.165,136.388,172.666,-1.104,650
77,41,0,1,1,8,13,43011,73.840,-154.074,163.391,170.854,-1.124,727
77,41,0,1,1,8,14,43019,74.916,-155.600,165.242,172.696,-1.122,728
77,41,0,1,1,8,15,43018,77.497,-153.745,168.748,172.172,-1.104,728
78,41,0,2,0,2,0,23080,15.300,-29.153,104.222,32.924,-1.088,134
78,41,0,2,0,2,1,23074,14.541,-29.830,105.737,33.186,-1.117,134
78,41,0,2,0,2,2,23069,14.982,-29.437,109.598,33.030,-1.100,134
78,41,0,2,0,2,3,23874,13.834,-28.469,140.212,31.652,-1.118,149
78,41,0,2,0,2,4,23923,14.310,-29.373,144.761,32.673,-1.117,150
78,41,0,2,0,2,5,23929,14.687,-29.036,159.952,32.539,-1.103,150
78,41,0,2,0,2,6,23864,13.550,-28.568,165.841,31.619,-1.128,149
78,41,0,2,0,2,7,23895,14.908,-28.838,166.268,32.464,-1.094,150
78,41,0,2,0,2,8,23894,14.898,-28.848,166.277,32.468,-1.094,150
78,41,0,2,0,2,9,23911,14.084,-29.575,171.809,32.757,-1.126,150
78,41,0,2,0,2,10,24445,14.671,-29.715,221.455,33.139,-1.112,166
78,41,0,2,0,2,11,24447,14.985,-29.434,248.602,33.029,-1.100,166
78,41,0,2,0,2,12,24425,14.026,-28.926,255.618,32.147,-1.119,165
78,41,0,2,0,2,13,24465,14.470,-29.894,263.953,33.212,-1.120,166
78,41,0,2,0,2,14,24791,14.449,-29.249,281.888,32.623,-1.112,182
78,41,0,2,0,2,15,24788,14.737,-28.991,297.670,32.522,-1.101,182
78,41,0,2,0,4,0,27940,32.498,-64.859,-21.498,72.545,-1.106,203
78,41,0,2,0,4,1,27950,32.114,-65.139,-16.956,72.625,-1.113,203
78,41,0,2,0,4,2,27933,32.068,-65.173,-16.933,72.635,-1.114,203
78,41,0,2,0,4,3,27948,31.548,-65.552,-10.905,72.749,-1.122,203
78,41,0,2,0,4,4,27942,33.479,-64.142,-1.391,72.354,-1.090,203
78,41,0,2,0,4,5,29076,32.539,-64.215,2.009,71.989,-1.102,235
78,41,0,2,0,4,6,29064,31.407,-65.042,19.245,72.228,-1.121,235
78,41,0,2,0,4,7,29080,31.733,-64.804,22.314,72.157,-1.115,235
78,41,0,2,0,4,8,29065,31.944,-64.650,46.773,72.112,-1.112,235
78,41,0,2,0,4,9,29070,33.454,-63.547,60.827,71.815,-1.086,235
78,41,0,2,0,4,10,29982,31.889,-65.303,72.518,72.674,-1.117,267
78,41,0,2,0,4,11,29984,32.087,-65.159,95.931,72.631,-1.113,267
78,41,0,2,0,4,12,29989,31.320,-65.719,107.574,72.801,-1.126,267
78,41,0,2,0,4,13,30691,32.255,-64.423,149.821,72.046,-1.107,299
78,41,0,2,0,4,14,30694,31.104,-65.264,170.563,72.297,-1.126,299
78,41,0,2,0,4,15,30702,31.812,-64.746,171.775,72.139,-1.114,299
78,41,0,2,0,6,0,33334,52.658,-102.301,-267.471,115.058,-1.095,173
78,41,0,2,0,6,1,33336,50.187,-103.860,-219.821,115.350,-1.121,173
78,41,0,2,0,6,2,33335,52.886,-102.157,-218.439,115.035,-1.093,173
78,41,0,2,0,6,3,33783,51.688,-103.498,-183.480,115.687,-1.108,225
78,41,0,2,0,6,4,34371,54.588,-103.370,-90.936,116.898,-1.085,278
78,41,0,2,0,6,5,34361,53.741,-101.618,-89.410,114.954,-1.084,277
78,41,0,2,0,6,6,34360,51.752,-102.873,-88.855,115.157,-1.105,277
78,41,0,2,0,6,7,34359,49.785,-104.114,-80.493,115.405,-1.125,277
78,41,0,2,0,6,8,35088,51.504,-103.615,-68.421,115.710,-1.109,329
78,41,0,2,0,6,9,35085,52.145,-103.210,-26.022,115.635,-1.103,329
78,41,0,2,0,6,10,35084,52.108,-103.233,-22.432,115.639,-1.103,329
78,41,0,2,0,6,11,35082,51.076,-103.885,-13.147,115.762,-1.114,329
78,41,0,2,0,6,12,35890,52.177,-102.604,-0.522,115.109,-1.100,381
78,41,0,2,0,6,13,35087,52.375,-103.065,-0.491,115.609,-1.101,329
78,41,0,2,0,6,14,35887,51.852,-102.810,39.856,115.146,-1.104,381
78,41,0,2,0,6,15,35889,52.886,-102.157,57.922,115.035,-1.093,381
78,41,0,2,0,8,0,38862,75.018,-156.136,-469.888,173.223,-1.123,26
78,41,0,2,0,8,1,38863,74.430,-156.559,-464.261,173.351,-1.127,26
78,41,0,2,0,8,2,39135,77.660,-153.627,-409.948,172.140,-1.103,104
78,41,0,2,0,8,3,39132,78.861,-152.764,-372.952,171.918,-1.094,104
78,41,0,2,0,8,4,39133,80.475,-151.604,-372.121,171.639,-1.083,104
78,41,0,2,0,8,5,39453,77.120,-154.625,-336.026,172.790,-1.108,182
78,41,0,2,0,8,6,39823,80.863,-151.325,-275.512,171.575,-1.080,260
78,41,0,2,0,8,7,39822,77.113,-154.021,-275.059,172.246,-1.107,260
78,41,0,2,0,8,8,39824,79.466,-152.329,-227.767,171.811,-1.090,260
78,41,0,2,0,8,9,39821,79.364,-152.402,-227.580,171.828,-1.091,260
78,41,0,2,0,8,10,40257,78.903,-153.344,-195.394,172.453,-1.096,338
78,41,0,2,0,8,11,40256,73.350,-154.948,-162.257,171.432,-1.129,337
78,41,0,2,0,8,12,40772,77.329,-153.865,-137.541,172.204,-1.105,416
78,41,0,2,0,8,13,40773,77.460,-153.771,-134.464,172.179,-1.104,416
78,41,0,2,0,8,14,40774,79.761,-152.117,-119.229,171.760,-1.088,416
78,41,0,2,0,8,15,40775,74.878,-155.628,-102.272,172.704,-1.122,416
79,42,0,0,1,2,0,21380,16.015,-27.850,45.509,32.127,-1.049,118
79,42,0,0,1,2,1,21403,15.754,-28.083,48.368,32.200,-1.060,118
79,42,0,0,1,2,2,21406,15.793,-28.049,58.183,32.189,-1.058,118
79,42,0,0,1,2,3,21379,16.176,-27.706,60.197,32.083,-1.042,118
79,42,0,0,1,2,4,23089,16.425,-28.147,105.472,32.589,-1.043,134
79,42,0,0,1,2,5,23048,16.405,-28.165,132.158,32.595,-1.043,134
79,42,0,0,1,2,6,23927,15.951,-27.908,148.340,32.144,-1.052,150
79,42,0,0,1,2,7,23916,15.993,-27.869,173.656,32.132,-1.050,150
79,42,0,0,1,2,8,23924,16.325,-27.573,184.330,32.044,-1.036,150
79,42,0,0,1,2,9,23914,15.889,-27.963,189.012,32.162,-1.054,150
79,42,0,0,1,2,10,23905,16.160,-27.720,197.502,32.087,-1.043,150
79,42,0,0,1,2,11,24472,15.729,-28.769,215.602,32.788,-1.070,166
79,42,0,0,1,2,12,24460,16.072,-28.463,248.606,32.687,-1.057,166
79,42,0,0,1,2,13,24468,16.552,-28.035,262.650,32.556,-1.037,166
79,42,0,0,1,2,14,24789,15.764,-28.074,280.833,32.197,-1.059,182
79,42,0,0,1,2,15,24795,15.330,-28.462,295.343,32.328,-1.077,182
79,42,0,0,1,4,0,29081,36.050,-61.651,-0.117,71.417,-1.042,235
79,42,0,0,1,4,1,29067,36.573,-61.269,6.903,71.354,-1.033,235
79,42,0,0,1,4,2,29072,35.288,-62.208,60.434,71.519,-1.055,235
79,42,0,0,1,4,3,29058,34.037,-63.121,66.331,71.713,-1.076,235
79,42,0,0,1,4,4,29986,35.024,-63.013,74.005,72.093,-1.063,267
79,42,0,0,1,4,5,29990,34.206,-63.611,89.234,72.225,-1.077,267
79,42,0,0,1,4,6,29987,36.178,-62.171,98.977,71.931,-1.044,267
79,42,0,0,1,4,7,29997,35.684,-62.532,101.018,71.997,-1.052,267
79,42,0,0,1,4,8,29995,34.906,-63.100,125.207,72.111,-1.066,267
79,42,0,0,1,4,9,30696,35.124,-62.327,143.175,71.543,-1.058,299
79,42,0,0,1,4,10,30700,35.998,-61.689,173.773,71.424,-1.043,299
79,42,0,0,1,4,11,31179,36.027,-62.281,225.426,71.950,-1.046,331
79,42,0,0,1,4,12,31178,34.468,-63.420,251.477,72.181,-1.073,331
79,42,0,0,1,4,13,31574,33.965,-63.174,322.017,71.726,-1.077,363
79,42,0,0,1,4,14,31573,34.989,-62.425,341.819,71.563,-1.060,363
79,42,0,0,1,4,15,32147,36.478,-61.338,471.420,71.366,-1.034,427
79,42,0,0,1,6,0,35899,55.563,-102.576,26.470,116.658,-1.074,382
79,42,0,0,1,6,1,35906,55.559,-102.579,68.498,116.659,-1.074,382
79,42,0,0,1,6,2,36574,55.887,-102.951,75.448,117.142,-1.073,434
79,42,0,0,1,6,3,36570,55.357,-103.383,77.485,117.271,-1.079,434
79,42,0,0,1,6,4,36564,58.661,-100.690,91.686,116.532,-1.043,434
79,42,0,0,1,6,5,36569,59.418,-100.073,94.690,116.384,-1.035,434
79,42,0,0,1,6,6,36571,57.453,-101.675,119.407,116.785,-1.056,434
79,42,0,0,1,6,7,36555,54.597,-101.663,121.505,115.396,-1.078,433
79,42,0,0,1,6,8,36566,55.799,-103.022,123.526,117.163,-1.074,434
79,42,0,0,1,6,9,37162,57.258,-101.194,162.672,116.270,-1.056,486
79,42,0,0,1,6,10,37159,55.581,-102.561,199.956,116.653,-1.074,486
79,42,0,0,1,6,11,37627,54.791,-101.541,235.193,115.380,-1.076,537
79,42,0,0,1,6,12,37636,55.585,-103.197,239.048,117.215,-1.077,538
79,42,0,0,1,6,13,37639,57.940,-101.278,253.921,116.680,-1.051,538
79,42,0,0,1,6,14,38327,56.515,-102.439,390.105,116.994,-1.067,642
79,42,0,0,1,6,15,38325,58.096,-101.151,412.607,116.648,-1.049,642
79,42,0,0,1,8,0,41992,88.397,-148.045,67.713,172.428,-1.033,573
79,42,0,0,1,8,1,42531,88.032,-149.005,115.840,173.067,-1.037,651
79,42,0,0,1,8,2,42522,81.437,-151.521,132.503,172.019,-1.078,650
79,42,0,0,1,8,3,43017,82.210,-150.356,139.505,171.363,-1.070,728
79,42,0,0,1,8,4,42524,82.416,-150.818,139.939,171.868,-1.071,650
79,42,0,0,1,8,5,43022,85.418,-148.050,174.461,170.924,-1.047,728
79,42,0,0,1,8,6,43027,86.438,-149.709,176.423,172.871,-1.047,729
79,42,0,0,1,8,7,43016,83.523,-149.412,180.854,171.172,-1.061,728
79,42,0,0,1,8,8,43836,84.996,-148.353,314.104,170.977,-1.051,884
79,42,0,0,1,8,9,43835,81.597,-150.797,323.069,171.458,-1.075,884
79,42,0,0,1,8,10,43839,82.165,-150.388,340.634,171.370,-1.071,884
79,42,0,0,1,8,11,44168,86.781,-147.680,354.504,171.290,-1.040,962
79,42,0,0,1,8,12,44166,81.663,-151.359,413.878,171.984,-1.076,962
79,42,0,0,1,8,13,44478,85.616,-147.907,421.194,170.899,-1.046,1040
79,42,0,0,1,8,14,44482,87.063,-149.178,425.821,172.725,-1.043,1041
79,42,0,0,1,8,15,44477,85.274,-148.153,461.995,170.941,-1.049,1040
80,42,0,1,0,2,0,21380,16.015,-27.850,45.509,32.127,-1.049,118
80,42,0,1,0,2,1,21403,15.754,-28.083,48.368,32.200,-1.060,118
80,42,0,1,0,2,2,21406,15.793,-28.049,58.183,32.189,-1.058,118
80,42,0,1,0,2,3,21379,16.176,-27.706,60.197,32.083,-1.042,118
80,42,0,1,0,2,4,23089,16.425,-28.147,105.472,32.589,-1.043,134
80,42,0,1,0,2,5,23048,16.405,-28.165,132.158,32.595,-1.043,134
80,42,0,1,0,2,6,23927,15.951,-27.908,148.340,32.144,-1.052,150
80,42,0,1,0,2,7,23916,15.993,-27.869,173.656,32.132,-1.050,150
80,42,0,1,0,2,8,23924,16.325,-27.573,184.330,32.044,-1.036,150
80,42,0,1,0,2,9,23914,15.889,-27.963,189.012,32.162,-1.054,150
80,42,0,1,0,2,10,23905,16.160,-27.720,197.502,32.087,-1.043,150
80,42,0,1,0,2,11,24472,15.729,-28.769,215.602,32.788,-1.070,166
80,42,0,1,0,2,12,24460,16.072,-28.463,248.606,32.687,-1.057,166
80,42,0,1,0,2,13,24468,16.552,-28.035,262.650,32.556,-1.037,166
80,42,0,1,0,2,14,24789,15.764,-28.074,280.833,32.197,-1.059,182
80,42,0,1,0,2,15,24795,15.330,-28.462,295.343,32.328,-1.077,182
80,42,0,1,0,4,0,27936,35.855,-62.406,-1.109,71.973,-1.049,203
80,42,0,1,0,4,1,29060,34.136,-63.049,-0.578,71.697,-1.075,235
80,42,0,1,0,4,2,27925,34.356,-63.502,-0.547,72.200,-1.075,203
80,42,0,1,0,4,3,27955,36.295,-62.085,-0.215,71.916,-1.042,203
80,42,0,1,0,4,4,29081,36.050,-61.651,-0.117,71.417,-1.042,235
80,42,0,1,0,4,5,29067,36.573,-61.269,6.903,71.354,-1.033,235
80,42,0,1,0,4,6,29072,35.288,-62.208,60.434,71.519,-1.055,235
80,42,0,1,0,4,7,29058,34.037,-63.121,66.331,71.713,-1.076,235
80,42,0,1,0,4,8,29986,35.024,-63.013,74.005,72.093,-1.063,267
80,42,0,1,0,4,9,29990,34.206,-63.611,89.234,72.225,-1.077,267
80,42,0,1,0,4,10,29987,36.178,-62.171,98.977,71.931,-1.044,267
80,42,0,1,0,4,11,29997,35.684,-62.532,101.018,71.997,-1.052,267
80,42,0,1,0,4,12,29995,34.906,-63.100,125.207,72.111,-1.066,267
80,42,0,1,0,4,13,30696,35.124,-62.327,143.175,71.543,-1.058,299
80,42,0,1,0,4,14,30700,35.998,-61.689,173.773,71.424,-1.043,299
80,42,0,1,0,4,15,31179,36.027,-62.281,225.426,71.950,-1.046,331
80,42,0,1,0,6,0,35102,59.161,-100.283,-27.512,116.433,-1.038,330
80,42,0,1,0,6,1,35099,59.520,-99.990,-5.752,116.364,-1.034,330
80,42,0,1,0,6,2,35098,57.048,-102.005,-5.272,116.874,-1.061,330
80,42,0,1,0,6,3,35902,55.396,-102.712,0.518,116.698,-1.076,382
80,42,0,1,0,6,4,35898,58.209,-100.420,2.776,116.071,-1.045,382
80,42,0,1,0,6,5,35900,59.011,-99.767,4.878,115.912,-1.037,382
80,42,0,1,0,6,6,35897,54.519,-101.127,26.182,114.887,-1.076,381
80,42,0,1,0,6,7,35899,55.563,-102.576,26.470,116.658,-1.074,382
80,42,0,1,0,6,8,35906,55.559,-102.579,68.498,116.659,-1.074,382
80,42,0,1,0,6,9,36574,55.887,-102.951,75.448,117.142,-1.073,434
80,42,0,1,0,6,10,36570,55.357,-103.383,77.485,117.271,-1.079,434
80,42,0,1,0,6,11,36564,58.661,-100.690,91.686,116.532,-1.043,434
80,42,0,1,0,6,12,36569,59.418,-100.073,94.690,116.384,-1.035,434
80,42,0,1,0,6,13,36571,57.453,-101.675,119.407,116.785,-1.056,434
80,42,0,1,0,6,14,36555,54.597,-101.663,121.505,115.396,-1.078,433
80,42,0,1,0,6,15,36566,55.799,-103.022,123.526,117.163,-1.074,434
80,42,0,1,0,8,0,40259,85.388,-148.681,-171.108,171.456,-1.049,338
80,42,0,1,0,8,1,40260,82.536,-150.731,-158.499,171.849,-1.070,338
80,42,0,1,0,8,2,40778,82.072,-150.455,-100.641,171.384,-1.071,416
80,42,0,1,0,8,3,40782,85.553,-150.460,-84.202,173.083,-1.054,417
80,42,0,1,0,8,4,41368,85.713,-150.974,-63.334,173.608,-1.054,495
80,42,0,1,0,8,5,41362,85.003,-148.958,-62.621,171.505,-1.052,494
80,42,0,1,0,8,6,41357,81.992,-151.123,-38.141,171.932,-1.074,494
80,42,0,1,0,8,7,41371,86.788,-150.061,-37.492,173.351,-1.046,495
80,42,0,1,0,8,8,41356,85.859,-148.343,-37.149,171.398,-1.046,494
80,42,0,1,0,8,9,41370,85.832,-150.873,-32.103,173.579,-1.054,495
80,42,0,1,0,8,10,41361,84.588,-149.256,-31.766,171.559,-1.055,494
80,42,0,1,0,8,11,41374,87.020,-149.864,-29.761,173.296,-1.045,495
80,42,0,1,0,8,12,41989,82.422,-150.204,21.090,171.332,-1.069,572
80,42,0,1,0,8,13,41990,83.444,-149.469,23.474,171.184,-1.062,572
80,42,0,1,0,8,14,41997,87.749,-148.596,39.866,172.571,-1.037,573
80,42,0,1,0,8,15,41992,88.397,-148.045,67.713,172.428,-1.033,573
81,43,0,0,0,2,0,21393,17.476,-26.545,34.263,31.781,-0.989,118
81,43,0,0,0,2,1,21424,16.923,-27.039,37.182,31.898,-1.012,118
81,43,0,0,0,2,2,21448,16.544,-27.378,50.519,31.988,-1.027,118
81,43,0,0,0,2,3,21396,16.572,-27.352,60.325,31.981,-1.026,118
81,43,0,0,0,2,4,21374,17.451,-26.568,62.593,31.786,-0.990,118
81,43,0,0,0,2,5,21399,16.791,-27.157,63.502,31.929,-1.017,118
81,43,0,0,0,2,6,21368,16.538,-27.383,67.326,31.990,-1.027,118
81,43,0,0,0,2,7,23064,16.746,-27.861,94.126,32.506,-1.030,134
81,43,0,0,0,2,8,23079,17.675,-27.031,114.603,32.297,-0.992,134
81,43,0,0,0,2,9,23062,17.397,-27.280,124.934,32.355,-1.003,134
81,43,0,0,0,2,10,23093,17.857,-26.868,132.493,32.261,-0.984,134
81,43,0,0,0,2,11,23893,16.629,-27.302,185.957,31.967,-1.024,150
81,43,0,0,0,2,12,23900,16.753,-27.191,188.747,31.937,-1.019,150
81,43,0,0,0,2,13,24444,17.296,-27.369,238.872,32.377,-1.007,166
81,43,0,0,0,2,14,24466,17.626,-27.075,268.135,32.307,-0.994,166
81,43,0,0,0,2,15,24474,17.479,-27.206,273.207,32.337,-1.000,166
81,43,0,0,0,4,0,29063,38.704,-59.712,41.980,71.159,-0.996,235
81,43,0,0,0,4,1,29079,37.535,-60.566,45.021,71.254,-1.016,235
81,43,0,0,0,4,2,29059,37.324,-60.720,52.258,71.274,-1.020,235
81,43,0,0,0,4,3,29075,38.592,-59.794,58.513,71.167,-0.998,235
81,43,0,0,0,4,4,29988,38.231,-60.671,106.610,71.712,-1.009,267
81,43,0,0,0,4,5,29992,39.746,-59.564,137.034,71.608,-0.982,267
81,43,0,0,0,4,6,29998,39.382,-59.830,138.252,71.628,-0.989,267
81,43,0,0,0,4,7,30710,40.329,-61.106,141.089,73.214,-0.987,300
81,43,0,0,0,4,8,30690,37.951,-60.262,143.774,71.217,-1.009,299
81,43,0,0,0,4,9,30692,38.625,-59.770,173.100,71.164,-0.997,299
81,43,0,0,0,4,10,30698,38.743,-59.684,196.426,71.156,-0.995,299
81,43,0,0,0,4,11,30719,40.036,-61.424,202.149,73.320,-0.993,300
81,43,0,0,0,4,12,31180,39.137,-60.009,262.035,71.644,-0.993,331
81,43,0,0,0,4,13,31182,40.357,-61.807,269.615,73.815,-0.992,332
81,43,0,0,0,4,14,31569,39.266,-59.302,297.203,71.123,-0.986,363
81,43,0,0,0,4,15,31577,40.323,-61.112,305.952,73.216,-0.988,364
81,43,0,0,0,6,0,35901,61.174,-98.004,2.958,115.529,-1.013,382
81,43,0,0,0,6,1,35905,62.312,-97.077,10.727,115.354,-1.000,382
81,43,0,0,0,6,2,35907,62.350,-97.046,18.294,115.349,-1.000,382
81,43,0,0,0,6,3,35904,63.267,-96.298,47.850,115.222,-0.990,382
81,43,0,0,0,6,4,36572,63.026,-97.133,87.740,115.789,-0.995,434
81,43,0,0,0,6,5,36567,61.478,-98.395,99.937,116.022,-1.012,434
81,43,0,0,0,6,6,37160,60.648,-98.432,142.492,115.616,-1.019,486
81,43,0,0,0,6,7,37161,59.956,-98.996,166.368,115.737,-1.026,486
81,43,0,0,0,6,8,37158,63.444,-96.154,168.150,115.199,-0.988,486
81,43,0,0,0,6,9,37637,62.640,-97.448,235.022,115.844,-0.999,538
81,43,0,0,0,6,10,37635,60.501,-99.191,241.402,116.186,-1.023,538
81,43,0,0,0,6,11,37640,61.697,-98.216,277.805,115.987,-1.010,538
81,43,0,0,0,6,12,38005,61.388,-97.829,339.196,115.495,-1.010,590
81,43,0,0,0,6,13,38324,62.571,-97.504,358.898,115.854,-1.000,642
81,43,0,0,0,6,14,38328,62.531,-97.536,362.733,115.860,-1.001,642
81,43,0,0,0,6,15,38608,60.492,-98.559,484.526,115.643,-1.020,694
81,43,0,0,0,8,0,41993,90.760,-146.040,35.307,171.945,-1.015,573
81,43,0,0,0,8,1,41995,91.891,-145.079,70.005,171.732,-1.006,573
81,43,0,0,0,8,2,42526,92.044,-145.599,70.185,172.253,-1.007,651
81,43,0,0,0,8,3,42529,89.236,-147.983,71.366,172.806,-1.028,651
81,43,0,0,0,8,4,42527,92.361,-145.330,78.390,172.196,-1.005,651
81,43,0,0,0,8,5,42530,91.566,-146.004,137.260,172.341,-1.011,651
81,43,0,0,0,8,6,43025,88.789,-147.713,151.928,172.344,-1.030,729
81,43,0,0,0,8,7,43026,89.807,-146.848,199.976,172.133,-1.022,729
81,43,0,0,0,8,8,43469,94.373,-143.622,252.963,171.853,-0.989,807
81,43,0,0,0,8,9,43842,95.070,-142.381,295.315,171.203,-0.982,885
81,43,0,0,0,8,10,43841,92.046,-144.948,304.504,171.705,-1.005,885
81,43,0,0,0,8,11,43843,94.295,-143.039,348.469,171.323,-0.988,885
81,43,0,0,0,8,12,44171,94.586,-143.441,349.487,171.819,-0.988,963
81,43,0,0,0,8,13,44483,92.935,-144.193,442.356,171.548,-0.998,1041
81,43,0,0,0,8,14,44481,93.627,-143.606,461.278,171.431,-0.993,1041
81,43,0,0,0,8,15,44480,92.513,-144.551,467.272,171.621,-1.001,1041
82,44,0,0,0,2,0,21434,17.968,-26.106,19.483,31.692,-0.968,118
82,44,0,0,0,2,1,21363,18.431,-25.692,25.916,31.619,-0.949,118
82,44,0,0,0,2,2,21420,17.773,-26.280,27.956,31.726,-0.976,118
82,44,0,0,0,2,3,21437,17.910,-26.157,30.269,31.701,-0.970,118
82,44,0,0,0,2,4,23085,18.869,-25.965,74.344,32.097,-0.942,134
82,44,0,0,0,2,5,23049,18.672,-26.141,83.057,32.124,-0.951,134
82,44,0,0,0,2,6,23051,18.665,-26.147,99.889,32.125,-0.951,134
82,44,0,0,0,2,7,23087,18.555,-26.245,134.271,32.142,-0.955,134
82,44,0,0,0,2,8,23898,18.632,-25.512,141.437,31.592,-0.940,150
82,44,0,0,0,2,9,23910,18.503,-25.628,180.866,31.609,-0.945,150
82,44,0,0,0,2,10,23919,18.659,-25.488,200.259,31.588,-0.939,150
82,44,0,0,0,2,11,23931,18.324,-25.787,204.015,31.635,-0.953,150
82,44,0,0,0,2,12,24450,18.481,-26.311,221.561,32.153,-0.958,166
82,44,0,0,0,2,13,24467,18.851,-25.980,235.025,32.099,-0.943,166
82,44,0,0,0,2,14,24441,18.259,-26.509,257.041,32.189,-0.968,166
82,44,0,0,0,2,15,24792,18.288,-25.820,304.719,31.640,-0.955,182
82,44,0,0,0,4,0,29095,42.638,-58.595,64.770,72.466,-0.942,236
82,44,0,0,0,4,1,30008,42.107,-59.904,88.660,73.222,-0.958,268
82,44,0,0,0,4,2,30713,40.676,-60.728,139.909,73.092,-0.981,300
82,44,0,0,0,4,3,30004,40.995,-61.112,140.791,73.589,-0.980,268
82,44,0,0,0,4,4,30703,43.051,-58.146,140.972,72.349,-0.933,300
82,44,0,0,0,4,5,30706,41.968,-59.323,143.399,72.667,-0.955,300
82,44,0,0,0,4,6,30717,42.468,-58.779,149.402,72.516,-0.945,300
82,44,0,0,0,4,7,30693,39.792,-58.917,154.013,71.096,-0.977,299
82,44,0,0,0,4,8,30716,40.704,-60.698,158.370,73.082,-0.980,300
82,44,0,0,0,4,9,30695,40.463,-58.427,183.320,71.070,-0.965,299
82,44,0,0,0,4,10,30704,41.434,-59.904,187.871,72.837,-0.966,300
82,44,0,0,0,4,11,30718,43.021,-58.179,208.891,72.357,-0.934,300
82,44,0,0,0,4,12,31192,43.302,-58.604,210.374,72.866,-0.934,332
82,44,0,0,0,4,13,31181,42.585,-59.384,257.096,73.075,-0.949,332
82,44,0,0,0,4,14,31581,42.998,-58.204,289.082,72.363,-0.935,364
82,44,0,0,0,4,15,31587,42.175,-59.099,291.741,72.604,-0.951,364
82,44,0,0,0,6,0,35122,66.703,-96.696,-50.366,117.471,-0.967,331
82,44,0,0,0,6,1,35101,65.659,-94.987,-49.500,115.472,-0.966,330
82,44,0,0,0,6,2,35135,69.496,-93.793,-28.334,116.734,-0.933,331
82,44,0,0,0,6,3,35121,66.076,-97.347,-6.791,117.654,-0.974,331
82,44,0,0,0,6,4,35097,64.849,-95.648,-6.734,115.559,-0.975,330
82,44,0,0,0,6,5,35118,68.516,-94.812,-3.472,116.978,-0.945,331
82,44,0,0,0,6,6,35903,64.097,-95.621,14.552,115.117,-0.980,382
82,44,0,0,0,6,7,36573,65.964,-94.739,81.379,115.442,-0.963,434
82,44,0,0,0,6,8,36577,67.032,-96.354,82.558,117.377,-0.963,435
82,44,0,0,0,6,9,36565,66.544,-94.267,134.662,115.388,-0.956,434
82,44,0,0,0,6,10,36575,67.423,-95.948,136.822,117.268,-0.958,435
82,44,0,0,0,6,11,37165,67.875,-94.764,197.830,116.564,-0.949,487
82,44,0,0,0,6,12,37638,66.570,-94.246,217.145,115.385,-0.956,538
82,44,0,0,0,6,13,37641,67.738,-95.621,220.381,117.182,-0.954,539
82,44,0,0,0,6,14,37642,69.223,-94.077,225.576,116.800,-0.936,539
82,44,0,0,0,6,15,38006,64.100,-95.620,296.759,115.117,-0.980,590
82,44,0,0,0,8,0,42004,100.589,-139.888,9.217,172.299,-0.947,574
82,44,0,0,0,8,1,41996,98.172,-139.748,15.397,170.784,-0.958,573
82,44,0,0,0,8,2,42001,99.394,-141.081,15.566,172.577,-0.957,574
82,44,0,0,0,8,3,42002,98.487,-141.986,22.214,172.800,-0.964,574
82,44,0,0,0,8,4,42528,96.266,-142.015,115.645,171.567,-0.975,651
82,44,0,0,0,8,5,43024,97.549,-140.277,185.804,170.861,-0.963,729
82,44,0,0,0,8,6,43028,99.103,-141.371,187.922,172.647,-0.959,730
82,44,0,0,0,8,7,43030,99.336,-141.138,197.397,172.591,-0.958,730
82,44,0,0,0,8,8,43471,102.482,-138.698,213.690,172.452,-0.934,808
82,44,0,0,0,8,9,43476,101.740,-139.438,218.241,172.609,-0.940,808
82,44,0,0,0,8,10,43473,102.596,-138.584,232.395,172.428,-0.934,808
82,44,0,0,0,8,11,43474,101.514,-139.664,237.195,172.659,-0.942,808
82,44,0,0,0,8,12,43468,98.004,-140.540,247.402,171.337,-0.962,807
82,44,0,0,0,8,13,43472,100.022,-141.153,247.425,172.999,-0.954,808
82,44,0,0,0,8,14,43478,99.192,-141.982,250.042,173.199,-0.961,808
82,44,0,0,0,8,15,43477,102.386,-138.794,277.047,172.472,-0.935,808
83,45,0,0,1,2,0,23067,19.888,-25.054,139.318,31.988,-0.900,134
83,45,0,0,1,2,1,23902,19.145,-25.054,150.681,31.532,-0.918,150
83,45,0,0,1,2,2,23936,19.002,-25.182,154.268,31.547,-0.924,150
83,45,0,0,1,2,3,23896,19.519,-24.721,160.187,31.497,-0.902,150
83,45,0,0,1,2,4,23913,19.234,-24.974,169.751,31.523,-0.915,150
83,45,0,0,1,2,5,23915,19.002,-25.182,189.775,31.547,-0.924,150
83,45,0,0,1,2,6,23928,19.819,-24.452,195.931,31.476,-0.890,150
83,45,0,0,1,2,7,23899,19.519,-24.721,199.203,31.497,-0.902,150
83,45,0,0,1,2,8,23906,19.853,-24.422,204.742,31.473,-0.888,150
83,45,0,0,1,2,9,23920,18.962,-25.217,208.615,31.551,-0.926,150
83,45,0,0,1,2,10,24473,19.273,-25.604,211.871,32.047,-0.926,166
83,45,0,0,1,2,11,24462,19.112,-25.748,221.090,32.066,-0.932,166
83,45,0,0,1,2,12,24469,19.951,-24.998,261.415,31.984,-0.897,166
83,45,0,0,1,2,13,24452,20.015,-24.941,263.859,31.979,-0.895,166
83,45,0,0,1,2,14,24458,19.361,-25.526,264.799,32.037,-0.922,166
83,45,0,0,1,2,15,24796,19.258,-24.953,303.910,31.521,-0.914,182
83,45,0,0,1,4,0,29105,43.975,-57.141,9.144,72.103,-0.915,236
83,45,0,0,1,4,1,29090,44.540,-56.527,15.193,71.966,-0.903,236
83,45,0,0,1,4,2,29102,44.596,-56.465,51.078,71.953,-0.902,236
83,45,0,0,1,4,3,30012,45.307,-56.425,77.394,72.363,-0.894,268
83,45,0,0,1,4,4,30007,44.977,-56.783,77.624,72.438,-0.901,268
83,45,0,0,1,4,5,30002,44.618,-57.173,85.705,72.523,-0.908,268
83,45,0,0,1,4,6,30016,45.124,-56.623,96.594,72.404,-0.898,268
83,45,0,0,1,4,7,30003,45.678,-56.020,96.789,72.283,-0.887,268
83,45,0,0,1,4,8,30001,44.266,-57.556,97.641,72.610,-0.915,268
83,45,0,0,1,4,9,30019,43.934,-57.917,119.976,72.695,-0.922,268
83,45,0,0,1,4,10,30715,43.391,-57.776,169.582,72.255,-0.927,300
83,45,0,0,1,4,11,30708,45.315,-55.684,204.340,71.792,-0.888,300
83,45,0,0,1,4,12,31588,43.182,-58.003,326.475,72.312,-0.931,364
83,45,0,0,1,4,13,31584,43.317,-57.857,336.754,72.275,-0.928,364
83,45,0,0,1,4,14,31582,44.244,-56.849,343.867,72.037,-0.909,364
83,45,0,0,1,4,15,31895,44.392,-57.419,368.259,72.578,-0.913,396
83,45,0,0,1,6,0,35914,71.776,-90.711,8.090,115.673,-0.901,383
83,45,0,0,1,6,1,35913,70.378,-92.163,41.662,115.962,-0.919,383
83,45,0,0,1,6,2,35912,70.826,-91.698,53.374,115.865,-0.913,383
83,45,0,0,1,6,3,35915,71.900,-90.581,58.012,115.649,-0.900,383
83,45,0,0,1,6,4,36576,71.726,-91.476,104.382,116.243,-0.906,435
83,45,0,0,1,6,5,36579,70.047,-93.221,130.442,116.605,-0.926,435
83,45,0,0,1,6,6,36580,73.439,-89.697,139.035,115.926,-0.885,435
83,45,0,0,1,6,7,37168,69.775,-92.789,145.230,116.097,-0.926,487
83,45,0,0,1,6,8,37169,72.631,-89.822,152.567,115.513,-0.891,487
83,45,0,0,1,6,9,37164,70.022,-92.533,156.260,116.041,-0.923,487
83,45,0,0,1,6,10,37167,70.555,-91.979,157.521,115.923,-0.916,487
83,45,0,0,1,6,11,37163,70.834,-91.689,187.538,115.864,-0.913,487
83,45,0,0,1,6,12,37648,71.734,-91.468,220.711,116.242,-0.906,539
83,45,0,0,1,6,13,37643,70.883,-92.353,230.417,116.419,-0.916,539
83,45,0,0,1,6,14,37645,71.418,-91.797,273.989,116.306,-0.910,539
83,45,0,0,1,6,15,38331,71.507,-91.703,408.990,116.288,-0.909,643
83,45,0,0,1,8,0,42000,103.003,-137.478,48.185,171.784,-0.928,574
83,45,0,0,1,8,1,41999,106.924,-133.565,61.678,171.092,-0.896,574
83,45,0,0,1,8,2,42003,104.282,-136.202,70.753,171.539,-0.917,574
83,45,0,0,1,8,3,42534,104.519,-136.665,70.974,172.051,-0.918,652
83,45,0,0,1,8,4,42535,106.265,-134.922,71.651,171.745,-0.904,652
83,45,0,0,1,8,5,42532,104.823,-136.361,107.492,171.995,-0.915,652
83,45,0,0,1,8,6,43029,105.539,-134.948,208.039,171.317,-0.907,730
83,45,0,0,1,8,7,43475,108.534,-132.657,218.488,171.399,-0.885,808
83,45,0,0,1,8,8,43481,109.930,-133.968,221.010,173.298,-0.884,809
83,45,0,0,1,8,9,43470,103.808,-137.375,232.002,172.186,-0.924,808
83,45,0,0,1,8,10,43846,104.351,-136.134,318.714,171.527,-0.917,886
83,45,0,0,1,8,11,43844,104.698,-135.787,325.368,171.464,-0.914,886
83,45,0,0,1,8,12,44175,109.114,-134.925,390.021,173.524,-0.891,965
83,45,0,0,1,8,13,44172,108.137,-133.054,404.468,171.455,-0.888,964
83,45,0,0,1,8,14,44176,109.475,-134.501,409.123,173.422,-0.888,965
83,45,0,0,1,8,15,44484,106.224,-134.263,462.217,171.202,-0.901,1042
84,45,0,1,0,2,0,23067,19.888,-25.054,139.318,31.988,-0.900,134
84,45,0,1,0,2,1,23902,19.145,-25.054,150.681,31.532,-0.918,150
84,45,0,1,0,2,2,23936,19.002,-25.182,154.268,31.547,-0.924,150
84,45,0,1,0,2,3,23896,19.519,-24.721,160.187,31.497,-0.902,150
84,45,0,1,0,2,4,23913,19.234,-24.974,169.751,31.523,-0.915,150
84,45,0,1,0,2,5,23915,19.002,-25.182,189.775,31.547,-0.924,150
84,45,0,1,0,2,6,23928,19.819,-24.452,195.931,31.476,-0.890,150
84,45,0,1,0,2,7,23899,19.519,-24.721,199.203,31.497,-0.902,150
84,45,0,1,0,2,8,23906,19.853,-24.422,204.742,31.473,-0.888,150
84,45,0,1,0,2,9,23920,18.962,-25.217,208.615,31.551,-0.926,150
84,45,0,1,0,2,10,24473,19.273,-25.604,211.871,32.047,-0.926,166
84,45,0,1,0,2,11,24462,19.112,-25.748,221.090,32.066,-0.932,166
84,45,0,1,0,2,12,24469,19.951,-24.998,261.415,31.984,-0.897,166
84,45,0,1,0,2,13,24452,20.015,-24.941,263.859,31.979,-0.895,166
84,45,0,1,0,2,14,24458,19.361,-25.526,264.799,32.037,-0.922,166
84,45,0,1,0,2,15,24796,19.258,-24.953,303.910,31.521,-0.914,182
84,45,0,1,0,4,0,27982,45.075,-56.676,-6.172,72.415,-0.899,204
84,45,0,1,0,4,1,27979,45.050,-56.703,-1.131,72.421,-0.899,204
84,45,0,1,0,4,2,29112,45.463,-55.523,4.237,71.761,-0.885,236
84,45,0,1,0,4,3,29105,43.975,-57.141,9.144,72.103,-0.915,236
84,45,0,1,0,4,4,29090,44.540,-56.527,15.193,71.966,-0.903,236
84,45,0,1,0,4,5,29102,44.596,-56.465,51.078,71.953,-0.902,236
84,45,0,1,0,4,6,30012,45.307,-56.425,77.394,72.363,-0.894,268
84,45,0,1,0,4,7,30007,44.977,-56.783,77.624,72.438,-0.901,268
84,45,0,1,0,4,8,30002,44.618,-57.173,85.705,72.523,-0.908,268
84,45,0,1,0,4,9,30016,45.124,-56.623,96.594,72.404,-0.898,268
84,45,0,1,0,4,10,30003,45.678,-56.020,96.789,72.283,-0.887,268
84,45,0,1,0,4,11,30001,44.266,-57.556,97.641,72.610,-0.915,268
84,45,0,1,0,4,12,30019,43.934,-57.917,119.976,72.695,-0.922,268
84,45,0,1,0,4,13,30715,43.391,-57.776,169.582,72.255,-0.927,300
84,45,0,1,0,4,14,30708,45.315,-55.684,204.340,71.792,-0.888,300
84,45,0,1,0,4,15,31588,43.182,-58.003,326.475,72.312,-0.931,364
84,45,0,1,0,6,0,35116,70.362,-92.894,-52.806,116.534,-0.923,331
84,45,0,1,0,6,1,35120,70.087,-93.179,-33.014,116.596,-0.926,331
84,45,0,1,0,6,2,35119,70.452,-92.800,-32.792,116.513,-0.921,331
84,45,0,1,0,6,3,35111,69.941,-93.332,-23.772,116.630,-0.928,331
84,45,0,1,0,6,4,35129,71.605,-91.603,-20.506,116.268,-0.907,331
84,45,0,1,0,6,5,35134,70.285,-92.974,-7.522,116.551,-0.923,331
84,45,0,1,0,6,6,35130,71.915,-91.280,-5.517,116.206,-0.904,331
84,45,0,1,0,6,7,35131,70.070,-93.197,-5.103,116.600,-0.926,331
84,45,0,1,0,6,8,35914,71.776,-90.711,8.090,115.673,-0.901,383
84,45,0,1,0,6,9,35913,70.378,-92.163,41.662,115.962,-0.919,383
84,45,0,1,0,6,10,35912,70.826,-91.698,53.374,115.865,-0.913,383
84,45,0,1,0,6,11,35915,71.900,-90.581,58.012,115.649,-0.900,383
84,45,0,1,0,6,12,36576,71.726,-91.476,104.382,116.243,-0.906,435
84,45,0,1,0,6,13,36579,70.047,-93.221,130.442,116.605,-0.926,435
84,45,0,1,0,6,14,36580,73.439,-89.697,139.035,115.926,-0.885,435
84,45,0,1,0,6,15,37168,69.775,-92.789,145.230,116.097,-0.926,487
84,45,0,1,0,8,0,39833,107.384,-133.106,-217.845,171.022,-0.892,262
84,45,0,1,0,8,1,40267,106.088,-135.099,-209.553,171.774,-0.905,340
84,45,0,1,0,8,2,40269,104.525,-136.659,-179.021,172.050,-0.918,340
84,45,0,1,0,8,3,40272,103.444,-137.738,-170.693,172.257,-0.927,340
84,45,0,1,0,8,4,40273,103.978,-137.205,-170.622,172.153,-0.922,340
84,45,0,1,0,8,5,40270,105.885,-135.302,-141.521,171.809,-0.907,340
84,45,0,1,0,8,6,41387,108.180,-133.011,-54.771,171.449,-0.888,496
84,45,0,1,0,8,7,41398,109.013,-135.044,-45.308,173.553,-0.892,497
84,45,0,1,0,8,8,41381,107.604,-133.586,-44.866,171.534,-0.893,496
84,45,0,1,0,8,9,41391,104.809,-136.376,-33.540,171.998,-0.916,496
84,45,0,1,0,8,10,41386,102.771,-138.410,-30.367,172.393,-0.932,496
84,45,0,1,0,8,11,41388,103.772,-137.411,-17.675,172.193,-0.924,496
84,45,0,1,0,8,12,41390,105.040,-136.145,-5.666,171.956,-0.914,496
84,45,0,1,0,8,13,41389,105.673,-135.513,-2.909,171.845,-0.908,496
84,45,0,1,0,8,14,42005,103.735,-136.748,12.978,171.642,-0.922,574
84,45,0,1,0,8,15,42000,103.003,-137.478,48.185,171.784,-0.928,574
85,46,0,0,1,2,0,21417,21.065,-23.339,70.369,31.440,-0.837,118
85,46,0,0,1,2,1,23060,20.777,-24.260,71.414,31.941,-0.863,134
85,46,0,0,1,2,2,23053,21.387,-23.715,71.514,31.935,-0.837,134
85,46,0,0,1,2,3,23058,21.231,-23.855,72.838,31.935,-0.844,134
85,46,0,0,1,2,4,23054,21.228,-23.858,72.840,31.935,-0.844,134
85,46,0,0,1,2,5,23094,21.222,-23.863,72.847,31.935,-0.844,134
85,46,0,0,1,2,6,23077,21.080,-23.989,95.300,31.935,-0.850,134
85,46,0,0,1,2,7,23072,20.935,-24.119,129.316,31.938,-0.856,134
85,46,0,0,1,2,8,23083,21.033,-24.032,130.723,31.936,-0.852,134
85,46,0,0,1,2,9,23047,20.589,-24.428,137.520,31.948,-0.870,134
85,46,0,0,1,2,10,23909,20.614,-23.742,151.107,31.442,-0.856,150
85,46,0,0,1,2,11,23904,20.896,-23.491,160.235,31.439,-0.844,150
85,46,0,0,1,2,12,24454,20.281,-24.703,220.508,31.962,-0.883,166
85,46,0,0,1,2,13,24443,21.130,-23.946,227.006,31.935,-0.848,166
85,46,0,0,1,2,14,24470,20.299,-24.688,233.484,31.961,-0.883,166
85,46,0,0,1,2,15,24793,20.024,-24.269,293.409,31.464,-0.881,182
85,46,0,0,1,4,0,29089,46.887,-53.974,43.385,71.496,-0.856,236
85,46,0,0,1,4,1,29107,45.732,-55.230,61.108,71.706,-0.879,236
85,46,0,0,1,4,2,30006,46.677,-54.934,84.681,72.087,-0.866,268
85,46,0,0,1,4,3,30017,46.972,-54.614,86.783,72.035,-0.860,268
85,46,0,0,1,4,4,30000,46.561,-55.061,86.889,72.108,-0.869,268
85,46,0,0,1,4,5,30010,46.660,-54.952,91.849,72.090,-0.867,268
85,46,0,0,1,4,6,30018,47.338,-54.216,101.630,71.974,-0.853,268
85,46,0,0,1,4,7,30707,47.846,-52.932,160.495,71.351,-0.836,300
85,46,0,0,1,4,8,30712,47.558,-53.245,161.866,71.392,-0.842,300
85,46,0,0,1,4,9,31184,46.156,-55.501,230.830,72.185,-0.877,332
85,46,0,0,1,4,10,31186,47.333,-54.221,258.905,71.975,-0.853,332
85,46,0,0,1,4,11,31580,47.651,-53.144,287.030,71.378,-0.840,364
85,46,0,0,1,4,12,31585,47.488,-53.321,307.711,71.402,-0.843,364
85,46,0,0,1,4,13,31590,45.871,-55.079,308.833,71.679,-0.876,364
85,46,0,0,1,4,14,31579,46.453,-54.447,316.448,71.570,-0.864,364
85,46,0,0,1,4,15,31578,47.519,-53.287,343.093,71.397,-0.843,364
85,46,0,0,1,6,0,36582,75.966,-87.071,97.919,115.551,-0.853,435
85,46,0,0,1,6,1,36591,77.433,-88.534,99.657,117.618,-0.852,436
85,46,0,0,1,6,2,36581,75.757,-87.288,135.198,115.578,-0.856,435
85,46,0,0,1,6,3,36583,77.203,-88.840,137.550,117.698,-0.855,436
85,46,0,0,1,6,4,37166,73.620,-88.794,154.042,115.344,-0.879,487
85,46,0,0,1,6,5,37175,78.162,-86.743,163.549,116.763,-0.837,488
85,46,0,0,1,6,6,37644,75.868,-87.172,220.549,115.564,-0.855,539
85,46,0,0,1,6,7,37647,75.925,-87.113,221.135,115.557,-0.854,539
85,46,0,0,1,6,8,37646,76.425,-86.594,262.824,115.496,-0.848,539
85,46,0,0,1,6,9,37658,77.740,-88.125,267.437,117.514,-0.848,540
85,46,0,0,1,6,10,38009,76.079,-86.240,282.985,115.001,-0.848,591
85,46,0,0,1,6,11,38329,73.893,-89.225,360.927,115.850,-0.879,643
85,46,0,0,1,6,12,38335,77.549,-88.379,365.321,117.579,-0.851,644
85,46,0,0,1,6,13,38330,77.479,-85.498,373.248,115.382,-0.835,643
85,46,0,0,1,6,14,38333,78.615,-86.963,379.258,117.231,-0.836,644
85,46,0,0,1,6,15,38613,78.055,-86.885,465.426,116.797,-0.839,696
85,46,0,0,1,8,0,42533,109.359,-131.834,129.736,171.288,-0.878,652
85,46,0,0,1,8,1,42537,110.365,-133.458,131.284,173.180,-0.880,653
85,46,0,0,1,8,2,42539,113.892,-129.319,131.818,172.322,-0.849,653
85,46,0,0,1,8,3,43032,114.567,-127.763,197.424,171.607,-0.840,731
85,46,0,0,1,8,4,43480,111.758,-131.823,230.512,172.821,-0.868,809
85,46,0,0,1,8,5,43482,114.553,-128.544,243.566,172.180,-0.843,809
85,46,0,0,1,8,6,43484,110.189,-133.664,244.876,173.227,-0.881,809
85,46,0,0,1,8,7,43848,110.128,-132.973,329.815,172.656,-0.879,887
85,46,0,0,1,8,8,43845,108.446,-132.046,331.932,170.870,-0.883,886
85,46,0,0,1,8,9,43849,109.865,-133.281,335.580,172.726,-0.881,887
85,46,0,0,1,8,10,43851,110.837,-132.140,342.481,172.470,-0.873,887
85,46,0,0,1,8,11,43847,111.681,-131.150,342.743,172.258,-0.865,887
85,46,0,0,1,8,12,44177,114.964,-128.061,369.202,172.094,-0.839,965
85,46,0,0,1,8,13,44174,113.166,-130.171,393.451,172.485,-0.855,965
85,46,0,0,1,8,14,44487,114.281,-128.099,443.079,171.667,-0.842,1043
85,46,0,0,1,8,15,44486,110.822,-132.158,462.154,172.474,-0.873,1043
86,46,0,1,0,2,0,21417,21.065,-23.339,70.369,31.440,-0.837,118
86,46,0,1,0,2,1,23060,20.777,-24.260,71.414,31.941,-0.863,134
86,46,0,1,0,2,2,23053,21.387,-23.715,71.514,31.935,-0.837,134
86,46,0,1,0,2,3,23058,21.231,-23.855,72.838,31.935,-0.844,134
86,46,0,1,0,2,4,23054,21.228,-23.858,72.840,31.935,-0.844,134
86,46,0,1,0,2,5,23094,21.222,-23.863,72.847,31.935,-0.844,134
86,46,0,1,0,2,6,23077,21.080,-23.989,95.300,31.935,-0.850,134
86,46,0,1,0,2,7,23072,20.935,-24.119,129.316,31.938,-0.856,134
86,46,0,1,0,2,8,23083,21.033,-24.032,130.723,31.936,-0.852,134
86,46,0,1,0,2,9,23047,20.589,-24.428,137.520,31.948,-0.870,134
86,46,0,1,0,2,10,23909,20.614,-23.742,151.107,31.442,-0.856,150
86,46,0,1,0,2,11,23904,20.896,-23.491,160.235,31.439,-0.844,150
86,46,0,1,0,2,12,24454,20.281,-24.703,220.508,31.962,-0.883,166
86,46,0,1,0,2,13,24443,21.130,-23.946,227.006,31.935,-0.848,166
86,46,0,1,0,2,14,24470,20.299,-24.688,233.484,31.961,-0.883,166
86,46,0,1,0,2,15,24793,20.024,-24.269,293.409,31.464,-0.881,182
86,46,0,1,0,4,0,27988,47.996,-53.500,-3.584,71.874,-0.840,204
86,46,0,1,0,4,1,29094,46.951,-53.905,23.423,71.485,-0.854,236
86,46,0,1,0,4,2,29104,47.277,-53.550,24.919,71.434,-0.848,236
86,46,0,1,0,4,3,29085,47.517,-53.289,35.417,71.398,-0.843,236
86,46,0,1,0,4,4,29088,47.545,-53.259,37.104,71.394,-0.842,236
86,46,0,1,0,4,5,29089,46.887,-53.974,43.385,71.496,-0.856,236
86,46,0,1,0,4,6,29107,45.732,-55.230,61.108,71.706,-0.879,236
86,46,0,1,0,4,7,30006,46.677,-54.934,84.681,72.087,-0.866,268
86,46,0,1,0,4,8,30017,46.972,-54.614,86.783,72.035,-0.860,268
86,46,0,1,0,4,9,30000,46.561,-55.061,86.889,72.108,-0.869,268
86,46,0,1,0,4,10,30010,46.660,-54.952,91.849,72.090,-0.867,268
86,46,0,1,0,4,11,30018,47.338,-54.216,101.630,71.974,-0.853,268
86,46,0,1,0,4,12,30707,47.846,-52.932,160.495,71.351,-0.836,300
86,46,0,1,0,4,13,30712,47.558,-53.245,161.866,71.392,-0.842,300
86,46,0,1,0,4,14,31184,46.156,-55.501,230.830,72.185,-0.877,332
86,46,0,1,0,4,15,31186,47.333,-54.221,258.905,71.975,-0.853,332
86,46,0,1,0,6,0,35112,76.604,-86.407,-10.334,115.475,-0.845,331
86,46,0,1,0,6,1,35125,75.052,-88.020,-8.816,115.674,-0.865,331
86,46,0,1,0,6,2,35113,74.933,-88.144,-3.078,115.691,-0.866,331
86,46,0,1,0,6,3,35911,75.703,-86.630,18.192,115.046,-0.853,383
86,46,0,1,0,6,4,35917,77.245,-87.960,18.322,117.063,-0.850,384
86,46,0,1,0,6,5,35920,78.260,-86.612,46.506,116.732,-0.836,384
86,46,0,1,0,6,6,35909,75.376,-86.969,46.883,115.088,-0.857,383
86,46,0,1,0,6,7,35910,73.441,-88.980,49.887,115.374,-0.881,383
86,46,0,1,0,6,8,36578,77.463,-85.516,84.511,115.384,-0.835,435
86,46,0,1,0,6,9,36589,78.585,-87.004,86.005,117.240,-0.836,436
86,46,0,1,0,6,10,36582,75.966,-87.071,97.919,115.551,-0.853,435
86,46,0,1,0,6,11,36591,77.433,-88.534,99.657,117.618,-0.852,436
86,46,0,1,0,6,12,36581,75.757,-87.288,135.198,115.578,-0.856,435
86,46,0,1,0,6,13,36583,77.203,-88.840,137.550,117.698,-0.855,436
86,46,0,1,0,6,14,37166,73.620,-88.794,154.042,115.344,-0.879,487
86,46,0,1,0,6,15,37175,78.162,-86.743,163.549,116.763,-0.837,488
86,46,0,1,0,8,0,40274,108.948,-132.244,-139.145,171.342,-0.882,340
86,46,0,1,0,8,1,40789,108.587,-131.905,-138.742,170.851,-0.882,418
86,46,0,1,0,8,2,40794,113.066,-129.525,-104.293,171.932,-0.853,419
86,46,0,1,0,8,3,40793,113.156,-129.420,-103.374,171.912,-0.852,419
86,46,0,1,0,8,4,40796,113.224,-129.340,-86.876,171.897,-0.852,419
86,46,0,1,0,8,5,40790,111.584,-131.264,-80.389,172.282,-0.866,419
86,46,0,1,0,8,6,41393,110.955,-132.766,-53.680,173.025,-0.875,497
86,46,0,1,0,8,7,41400,115.299,-127.669,0.361,172.027,-0.836,497
86,46,0,1,0,8,8,42009,114.931,-127.337,0.629,171.534,-0.837,575
86,46,0,1,0,8,9,42008,113.015,-129.585,12.883,171.944,-0.854,575
86,46,0,1,0,8,10,42012,111.114,-131.815,19.001,172.399,-0.870,575
86,46,0,1,0,8,11,42011,114.202,-128.192,59.282,171.684,-0.843,575
86,46,0,1,0,8,12,42013,111.969,-130.812,63.712,172.188,-0.863,575
86,46,0,1,0,8,13,42543,112.824,-130.573,82.718,172.565,-0.858,653
86,46,0,1,0,8,14,42540,112.947,-130.428,105.424,172.535,-0.857,653
86,46,0,1,0,8,15,42533,109.359,-131.834,129.736,171.288,-0.878,652
87,47,0,0,0,2,0,23967,22.790,-25.128,143.019,33.924,-0.834,151
87,47,0,0,0,2,1,23897,21.630,-22.835,152.383,31.453,-0.812,150
87,47,0,0,0,2,2,23932,21.276,-23.151,157.621,31.442,-0.828,150
87,47,0,0,0,2,3,23970,23.120,-24.443,163.438,33.646,-0.813,151
87,47,0,0,0,2,4,23969,22.864,-24.975,170.293,33.860,-0.829,151
87,47,0,0,0,2,5,23921,21.998,-22.506,182.986,31.471,-0.797,150
87,47,0,0,0,2,6,23946,23.334,-24.000,194.635,33.474,-0.799,151
87,47,0,0,0,2,7,23912,21.401,-23.040,201.881,31.445,-0.822,150
87,47,0,0,0,2,8,23958,22.890,-24.922,204.222,33.839,-0.828,151
87,47,0,0,0,2,9,23944,23.522,-23.610,205.494,33.327,-0.787,151
87,47,0,0,0,2,10,24480,23.373,-25.061,220.145,34.268,-0.820,167
87,47,0,0,0,2,11,24451,21.897,-23.260,262.842,31.945,-0.816,166
87,47,0,0,0,2,12,24790,21.587,-22.873,281.212,31.451,-0.814,182
87,47,0,0,0,2,13,24803,23.132,-24.419,301.256,33.636,-0.812,183
87,47,0,0,0,2,14,24794,21.352,-23.083,301.831,31.444,-0.824,182
87,47,0,0,0,2,15,24797,21.407,-23.034,315.253,31.446,-0.822,182
87,47,0,0,0,4,0,30039,51.512,-52.954,110.475,73.876,-0.799,269
87,47,0,0,0,4,1,30014,49.261,-52.125,136.464,71.719,-0.814,268
87,47,0,0,0,4,2,30013,49.550,-51.810,139.367,71.690,-0.808,268
87,47,0,0,0,4,3,30705,48.237,-52.506,139.841,71.300,-0.828,300
87,47,0,0,0,4,4,30738,51.657,-51.764,140.000,73.130,-0.786,301
87,47,0,0,0,4,5,29999,48.605,-52.838,140.772,71.793,-0.827,268
87,47,0,0,0,4,6,30020,52.013,-52.132,140.835,73.642,-0.787,269
87,47,0,0,0,4,7,30709,49.761,-50.849,182.802,71.147,-0.796,300
87,47,0,0,0,4,8,30739,51.299,-52.353,188.123,73.297,-0.796,301
87,47,0,0,0,4,9,30714,50.274,-50.292,201.710,71.111,-0.786,300
87,47,0,0,0,4,10,31187,48.673,-52.764,214.851,71.785,-0.826,332
87,47,0,0,0,4,11,31190,50.630,-50.636,217.967,71.606,-0.785,332
87,47,0,0,0,4,12,31188,49.629,-51.724,231.502,71.683,-0.806,332
87,47,0,0,0,4,13,31586,48.536,-52.182,279.426,71.265,-0.822,364
87,47,0,0,0,4,14,31185,49.183,-52.210,280.524,71.727,-0.815,332
87,47,0,0,0,4,15,31605,51.674,-51.737,285.353,73.123,-0.786,365
87,47,0,0,0,6,0,36596,79.406,-85.914,73.139,116.989,-0.825,436
87,47,0,0,0,6,1,36584,81.806,-82.726,74.951,116.343,-0.791,436
87,47,0,0,0,6,2,36593,78.807,-86.709,89.900,117.171,-0.833,436
87,47,0,0,0,6,3,36595,81.833,-82.690,104.139,116.337,-0.791,436
87,47,0,0,0,6,4,37170,80.786,-83.257,153.795,116.009,-0.800,488
87,47,0,0,0,6,5,37171,81.162,-82.757,168.447,115.914,-0.795,488
87,47,0,0,0,6,6,37652,79.222,-86.157,211.326,117.044,-0.827,540
87,47,0,0,0,6,7,37653,79.192,-86.198,223.589,117.053,-0.828,540
87,47,0,0,0,6,8,37650,81.900,-82.601,224.536,116.321,-0.790,540
87,47,0,0,0,6,9,37654,81.952,-82.532,232.104,116.308,-0.789,540
87,47,0,0,0,6,10,37655,80.816,-84.041,263.352,116.594,-0.805,540
87,47,0,0,0,6,11,38011,81.460,-82.363,331.815,115.842,-0.791,592
87,47,0,0,0,6,12,38012,80.978,-83.002,348.041,115.961,-0.798,592
87,47,0,0,0,6,13,38332,81.347,-83.336,349.539,116.457,-0.797,644
87,47,0,0,0,6,14,38334,79.266,-86.100,374.228,117.031,-0.827,644
87,47,0,0,0,6,15,38618,80.176,-84.067,454.489,116.170,-0.809,696
87,47,0,0,0,8,0,42536,117.786,-124.750,87.857,171.570,-0.814,653
87,47,0,0,0,8,1,42548,119.541,-125.814,88.928,173.549,-0.811,654
87,47,0,0,0,8,2,42541,116.712,-126.011,92.210,171.757,-0.824,653
87,47,0,0,0,8,3,42542,119.070,-123.244,110.662,171.367,-0.803,653
87,47,0,0,0,8,4,43031,116.799,-125.145,145.050,171.182,-0.820,731
87,47,0,0,0,8,5,43036,120.676,-123.395,148.375,172.595,-0.797,732
87,47,0,0,0,8,6,43037,120.151,-124.123,169.064,172.751,-0.802,732
87,47,0,0,0,8,7,43033,118.654,-122.968,170.489,170.880,-0.803,731
87,47,0,0,0,8,8,43035,120.857,-123.144,209.880,172.542,-0.795,732
87,47,0,0,0,8,9,43483,118.439,-123.984,237.334,171.464,-0.808,809
87,47,0,0,0,8,10,43479,117.252,-125.377,239.686,171.661,-0.819,809
87,47,0,0,0,8,11,43490,119.559,-125.788,240.188,173.542,-0.811,810
87,47,0,0,0,8,12,43850,115.168,-127.058,323.846,171.486,-0.834,887
87,47,0,0,0,8,13,43855,120.454,-123.703,346.858,172.660,-0.799,888
87,47,0,0,0,8,14,44173,117.192,-125.447,363.446,171.671,-0.819,965
87,47,0,0,0,8,15,44485,116.826,-125.114,454.877,171.178,-0.820,1043
88,48,0,0,1,2,0,23918,22.282,-22.253,193.955,31.491,-0.785,150
88,48,0,0,1,2,1,23989,23.732,-23.173,195.799,33.170,-0.773,151
88,48,0,0,1,2,2,23983,24.209,-22.184,201.134,32.836,-0.742,151
88,48,0,0,1,2,3,23957,24.095,-22.421,202.366,32.913,-0.749,151
88,48,0,0,1,2,4,23933,22.497,-22.060,204.499,31.508,-0.776,150
88,48,0,0,1,2,5,23908,22.912,-21.689,206.238,31.550,-0.758,150
88,48,0,0,1,2,6,24464,23.279,-22.025,209.749,32.048,-0.758,166
88,48,0,0,1,2,7,24461,23.580,-21.757,218.286,32.084,-0.745,166
88,48,0,0,1,2,8,24475,24.334,-23.066,219.411,33.529,-0.759,167
88,48,0,0,1,2,9,24481,24.537,-22.644,227.552,33.389,-0.745,167
88,48,0,0,1,2,10,24442,22.946,-22.323,228.351,32.013,-0.772,166
88,48,0,0,1,2,11,24493,24.099,-23.553,240.317,33.697,-0.774,167
88,48,0,0,1,2,12,24799,22.780,-21.807,280.137,31.536,-0.764,182
88,48,0,0,1,2,13,24455,22.706,-22.537,280.332,31.992,-0.782,166
88,48,0,0,1,2,14,24805,23.583,-23.483,292.373,33.281,-0.783,183
88,48,0,0,1,2,15,24804,23.918,-22.788,293.291,33.036,-0.761,183
88,48,0,0,1,4,0,30711,51.091,-49.403,155.944,71.070,-0.769,300
88,48,0,0,1,4,1,30725,52.386,-50.568,159.886,72.811,-0.768,301
88,48,0,0,1,4,2,30732,51.702,-51.691,207.439,73.110,-0.785,301
88,48,0,0,1,4,3,31203,52.087,-52.011,224.258,73.608,-0.785,333
88,48,0,0,1,4,4,31194,52.421,-51.462,245.006,73.460,-0.776,333
88,48,0,0,1,4,5,31189,51.356,-49.846,246.486,71.569,-0.770,332
88,48,0,0,1,4,6,31183,51.377,-49.823,268.778,71.568,-0.770,332
88,48,0,0,1,4,7,31202,52.727,-50.961,275.124,73.329,-0.768,333
88,48,0,0,1,4,8,31191,50.644,-50.621,279.396,71.605,-0.785,332
88,48,0,0,1,4,9,31598,52.983,-49.588,286.656,72.569,-0.752,365
88,48,0,0,1,4,10,31583,50.527,-50.017,287.699,71.096,-0.780,364
88,48,0,0,1,4,11,31604,51.872,-51.412,295.354,73.034,-0.781,365
88,48,0,0,1,4,12,31601,52.832,-49.837,309.879,72.629,-0.756,365
88,48,0,0,1,4,13,31591,51.063,-49.434,313.257,71.071,-0.769,364
88,48,0,0,1,4,14,31593,52.232,-50.822,321.086,72.877,-0.772,365
88,48,0,0,1,4,15,31603,53.226,-49.189,334.646,72.475,-0.746,365
88,48,0,0,1,6,0,37172,85.070,-77.567,139.671,115.125,-0.739,488
88,48,0,0,1,6,1,36590,85.404,-77.948,140.284,115.627,-0.740,436
88,48,0,0,1,6,2,37181,84.822,-77.897,150.289,115.164,-0.743,488
88,48,0,0,1,6,3,37174,84.991,-77.673,160.666,115.137,-0.740,488
88,48,0,0,1,6,4,37176,84.309,-78.579,168.213,115.250,-0.750,488
88,48,0,0,1,6,5,37178,83.587,-79.538,172.181,115.382,-0.761,488
88,48,0,0,1,6,6,37180,84.280,-78.618,174.412,115.255,-0.751,488
88,48,0,0,1,6,7,37179,84.772,-77.964,179.232,115.172,-0.744,488
88,48,0,0,1,6,8,37177,84.928,-77.757,203.015,115.147,-0.741,488
88,48,0,0,1,6,9,37659,84.535,-79.102,212.532,115.772,-0.752,540
88,48,0,0,1,6,10,37657,82.956,-81.199,220.676,116.082,-0.775,540
88,48,0,0,1,6,11,37649,85.093,-78.360,257.199,115.677,-0.744,540
88,48,0,0,1,6,12,38013,82.186,-81.399,292.543,115.673,-0.781,592
88,48,0,0,1,6,13,38010,82.279,-81.275,328.985,115.652,-0.779,592
88,48,0,0,1,6,14,38339,83.457,-80.534,357.378,115.977,-0.768,644
88,48,0,0,1,6,15,38337,84.237,-79.498,397.740,115.826,-0.756,644
88,48,0,0,1,8,0,43040,125.136,-117.217,159.599,171.461,-0.753,732
88,48,0,0,1,8,1,43039,123.626,-119.309,172.256,171.808,-0.768,732
88,48,0,0,1,8,2,43487,125.941,-116.947,221.374,171.865,-0.748,810
88,48,0,0,1,8,3,43489,123.419,-120.441,231.123,172.448,-0.773,810
88,48,0,0,1,8,4,43485,124.212,-119.343,241.597,172.254,-0.765,810
88,48,0,0,1,8,5,43486,122.576,-121.609,255.263,172.666,-0.781,810
88,48,0,0,1,8,6,43488,122.906,-121.152,269.218,172.580,-0.778,810
88,48,0,0,1,8,7,43853,124.281,-118.401,308.668,171.652,-0.761,888
88,48,0,0,1,8,8,43854,123.770,-119.110,319.736,171.774,-0.766,888
88,48,0,0,1,8,9,43856,126.421,-115.437,344.077,171.196,-0.740,888
88,48,0,0,1,8,10,44182,123.604,-120.185,358.384,172.402,-0.771,966
88,48,0,0,1,8,11,44180,122.591,-121.589,368.625,172.663,-0.781,966
88,48,0,0,1,8,12,44181,124.511,-118.929,390.090,172.183,-0.762,966
88,48,0,0,1,8,13,44179,123.587,-120.209,395.717,172.406,-0.772,966
88,48,0,0,1,8,14,44178,126.137,-116.676,413.699,171.825,-0.746,966
88,48,0,0,1,8,15,44488,124.180,-118.541,430.604,171.676,-0.762,1044
89,48,0,1,0,2,0,23918,22.282,-22.253,193.955,31.491,-0.785,150
89,48,0,1,0,2,1,23989,23.732,-23.173,195.799,33.170,-0.773,151
89,48,0,1,0,2,2,23983,24.209,-22.184,201.134,32.836,-0.742,151
89,48,0,1,0,2,3,23957,24.095,-22.421,202.366,32.913,-0.749,151
89,48,0,1,0,2,4,23933,22.497,-22.060,204.499,31.508,-0.776,150
89,48,0,1,0,2,5,23908,22.912,-21.689,206.238,31.550,-0.758,150
89,48,0,1,0,2,6,24464,23.279,-22.025,209.749,32.048,-0.758,166
89,48,0,1,0,2,7,24461,23.580,-21.757,218.286,32.084,-0.745,166
89,48,0,1,0,2,8,24475,24.334,-23.066,219.411,33.529,-0.759,167
89,48,0,1,0,2,9,24481,24.537,-22.644,227.552,33.389,-0.745,167
89,48,0,1,0,2,10,24442,22.946,-22.323,228.351,32.013,-0.772,166
89,48,0,1,0,2,11,24493,24.099,-23.553,240.317,33.697,-0.774,167
89,48,0,1,0,2,12,24799,22.780,-21.807,280.137,31.536,-0.764,182
89,48,0,1,0,2,13,24455,22.706,-22.537,280.332,31.992,-0.782,166
89,48,0,1,0,2,14,24805,23.583,-23.483,292.373,33.281,-0.783,183
89,48,0,1,0,2,15,24804,23.918,-22.788,293.291,33.036,-0.761,183
89,48,0,1,0,4,0,29098,50.907,-49.603,51.517,71.078,-0.772,236
89,48,0,1,0,4,1,29127,52.240,-50.808,52.894,72.873,-0.771,237
89,48,0,1,0,4,2,29129,53.245,-49.159,69.204,72.468,-0.746,237
89,48,0,1,0,4,3,30040,53.605,-49.519,69.606,72.977,-0.746,269
89,48,0,1,0,4,4,30005,50.988,-50.247,105.179,71.586,-0.778,268
89,48,0,1,0,4,5,30021,52.394,-51.507,107.902,73.472,-0.777,269
89,48,0,1,0,4,6,30025,53.626,-49.485,110.661,72.969,-0.745,269
89,48,0,1,0,4,7,30036,53.342,-49.952,128.950,73.079,-0.753,269
89,48,0,1,0,4,8,30009,50.651,-50.614,137.110,71.605,-0.785,268
89,48,0,1,0,4,9,30711,51.091,-49.403,155.944,71.070,-0.769,300
89,48,0,1,0,4,10,30725,52.386,-50.568,159.886,72.811,-0.768,301
89,48,0,1,0,4,11,30732,51.702,-51.691,207.439,73.110,-0.785,301
89,48,0,1,0,4,12,31203,52.087,-52.011,224.258,73.608,-0.785,333
89,48,0,1,0,4,13,31194,52.421,-51.462,245.006,73.460,-0.776,333
89,48,0,1,0,4,14,31189,51.356,-49.846,246.486,71.569,-0.770,332
89,48,0,1,0,4,15,31183,51.377,-49.823,268.778,71.568,-0.770,332
89,48,0,1,0,6,0,35929,84.125,-78.823,43.677,115.283,-0.753,384
89,48,0,1,0,6,1,35925,82.081,-81.537,56.011,115.696,-0.782,384
89,48,0,1,0,6,2,36585,84.685,-78.903,85.695,115.746,-0.750,436
89,48,0,1,0,6,3,36586,85.445,-77.893,93.636,115.621,-0.739,436
89,48,0,1,0,6,4,36588,83.414,-80.591,103.512,115.986,-0.768,436
89,48,0,1,0,6,5,36594,82.906,-81.265,134.986,116.092,-0.775,436
89,48,0,1,0,6,6,37172,85.070,-77.567,139.671,115.125,-0.739,488
89,48,0,1,0,6,7,36590,85.404,-77.948,140.284,115.627,-0.740,436
89,48,0,1,0,6,8,37181,84.822,-77.897,150.289,115.164,-0.743,488
89,48,0,1,0,6,9,37174,84.991,-77.673,160.666,115.137,-0.740,488
89,48,0,1,0,6,10,37176,84.309,-78.579,168.213,115.250,-0.750,488
89,48,0,1,0,6,11,37178,83.587,-79.538,172.181,115.382,-0.761,488
89,48,0,1,0,6,12,37180,84.280,-78.618,174.412,115.255,-0.751,488
89,48,0,1,0,6,13,37179,84.772,-77.964,179.232,115.172,-0.744,488
89,48,0,1,0,6,14,37177,84.928,-77.757,203.015,115.147,-0.741,488
89,48,0,1,0,6,15,37659,84.535,-79.102,212.532,115.772,-0.752,540
89,48,0,1,0,8,0,40285,123.583,-120.214,-160.519,172.407,-0.772,342
89,48,0,1,0,8,1,40280,123.368,-120.512,-152.882,172.461,-0.774,342
89,48,0,1,0,8,2,40799,125.038,-117.352,-136.236,171.482,-0.754,420
89,48,0,1,0,8,3,40798,125.800,-116.296,-113.056,171.320,-0.746,420
89,48,0,1,0,8,4,41403,122.209,-122.118,-68.756,172.765,-0.785,498
89,48,0,1,0,8,5,41409,123.737,-120.000,-48.128,172.368,-0.770,498
89,48,0,1,0,8,6,41410,124.867,-118.435,-11.516,172.101,-0.759,498
89,48,0,1,0,8,7,41407,125.397,-117.701,-2.661,171.982,-0.754,498
89,48,0,1,0,8,8,42016,125.610,-116.560,6.341,171.360,-0.748,576
89,48,0,1,0,8,9,42014,122.399,-121.008,22.034,172.118,-0.780,576
89,48,0,1,0,8,10,42019,123.704,-119.200,57.335,171.789,-0.767,576
89,48,0,1,0,8,11,42547,122.906,-121.152,74.783,172.580,-0.778,654
89,48,0,1,0,8,12,42545,124.722,-118.636,87.479,172.134,-0.760,654
89,48,0,1,0,8,13,42546,124.746,-118.602,121.606,172.128,-0.760,654
89,48,0,1,0,8,14,43038,125.355,-116.913,150.051,171.413,-0.751,732
89,48,0,1,0,8,15,43040,125.136,-117.217,159.599,171.461,-0.753,732
90,49,0,0,1,2,0,23133,25.397,-20.860,94.641,32.865,-0.688,135
90,49,0,0,1,2,1,23066,24.140,-21.257,99.725,32.165,-0.722,134
90,49,0,0,1,2,2,23115,24.909,-21.873,102.658,33.149,-0.721,135
90,49,0,0,1,2,3,23090,24.140,-21.257,105.982,32.165,-0.722,134
90,49,0,0,1,2,4,23111,25.035,-21.610,107.480,33.072,-0.712,135
90,49,0,0,1,2,5,23097,24.894,-21.903,109.474,33.158,-0.722,135
90,49,0,0,1,2,6,23949,24.605,-21.364,146.843,32.585,-0.715,151
90,49,0,0,1,2,7,23954,24.910,-20.729,165.971,32.407,-0.694,151
90,49,0,0,1,2,8,23930,23.675,-21.008,167.389,31.652,-0.726,150
90,49,0,0,1,2,9,23938,24.427,-21.732,172.846,32.695,-0.727,151
90,49,0,0,1,2,10,23962,24.573,-21.429,206.453,32.604,-0.717,151
90,49,0,0,1,2,11,24494,25.010,-21.663,227.008,33.087,-0.714,167
90,49,0,0,1,2,12,24482,24.751,-22.201,238.181,33.249,-0.731,167
90,49,0,0,1,2,13,24478,25.014,-21.654,256.475,33.085,-0.714,167
90,49,0,0,1,2,14,24456,23.953,-21.424,267.785,32.136,-0.730,166
90,49,0,0,1,2,15,24498,24.761,-22.179,277.022,33.242,-0.730,167
90,49,0,0,1,4,0,30028,55.433,-46.519,87.300,72.366,-0.698,269
90,49,0,0,1,4,1,30029,54.702,-47.720,112.929,72.591,-0.717,269
90,49,0,0,1,4,2,30043,54.406,-48.205,120.128,72.689,-0.725,269
90,49,0,0,1,4,3,30023,54.369,-48.266,123.744,72.702,-0.726,269
90,49,0,0,1,4,4,30027,54.557,-47.956,134.461,72.638,-0.721,269
90,49,0,0,1,4,5,30041,54.236,-48.484,134.997,72.748,-0.729,269
90,49,0,0,1,4,6,30727,54.663,-46.831,153.552,71.981,-0.708,301
90,49,0,0,1,4,7,30728,54.406,-47.254,183.568,72.062,-0.715,301
90,49,0,0,1,4,8,30733,54.517,-47.072,189.527,72.027,-0.712,301
90,49,0,0,1,4,9,30735,54.364,-47.322,196.029,72.075,-0.716,301
90,49,0,0,1,4,10,31193,54.318,-48.349,246.345,72.719,-0.727,333
90,49,0,0,1,4,11,31208,55.383,-46.601,247.143,72.381,-0.700,333
90,49,0,0,1,4,12,31197,54.704,-47.717,248.683,72.590,-0.717,333
90,49,0,0,1,4,13,31198,55.833,-45.864,266.920,72.255,-0.688,333
90,49,0,0,1,4,14,31597,55.392,-45.635,309.774,71.769,-0.689,365
90,49,0,0,1,4,15,31905,54.872,-47.441,390.036,72.536,-0.713,397
90,49,0,0,1,6,0,35931,87.441,-77.737,56.991,117.000,-0.727,385
90,49,0,0,1,6,1,36592,86.702,-76.224,114.270,115.444,-0.721,436
90,49,0,0,1,6,2,36600,88.053,-77.668,116.271,117.412,-0.723,437
90,49,0,0,1,6,3,36587,86.197,-76.894,129.297,115.510,-0.728,436
90,49,0,0,1,6,4,36597,87.888,-77.952,131.168,117.477,-0.726,437
90,49,0,0,1,6,5,37173,85.484,-77.019,201.518,115.062,-0.733,488
90,49,0,0,1,6,6,37186,87.099,-78.328,205.112,117.139,-0.732,489
90,49,0,0,1,6,7,37651,87.105,-75.689,215.331,115.395,-0.715,540
90,49,0,0,1,6,8,37663,88.402,-77.065,218.793,117.277,-0.717,541
90,49,0,0,1,6,9,37656,85.730,-77.515,242.325,115.578,-0.735,540
90,49,0,0,1,6,10,38016,89.197,-74.703,305.399,116.347,-0.697,593
90,49,0,0,1,6,11,38015,89.201,-74.696,328.230,116.345,-0.697,593
90,49,0,0,1,6,12,38338,86.139,-76.971,362.195,115.518,-0.729,644
90,49,0,0,1,6,13,38341,89.996,-74.311,364.055,116.710,-0.690,645
90,49,0,0,1,6,14,38344,87.491,-78.639,368.957,117.638,-0.732,645
90,49,0,0,1,6,15,38615,86.234,-76.022,426.303,114.959,-0.723,696
90,49,0,0,1,8,0,42551,130.266,-114.155,108.613,173.207,-0.720,655
90,49,0,0,1,8,1,42560,130.935,-113.050,115.949,172.986,-0.712,655
90,49,0,0,1,8,2,42557,131.718,-111.758,117.811,172.741,-0.704,655
90,49,0,0,1,8,3,42549,128.829,-112.946,128.140,171.329,-0.720,654
90,49,0,0,1,8,4,42556,130.337,-114.037,129.554,173.182,-0.719,655
90,49,0,0,1,8,5,43034,126.987,-114.652,147.166,171.087,-0.734,732
90,49,0,0,1,8,6,43047,130.123,-113.435,156.353,172.625,-0.717,733
90,49,0,0,1,8,7,43044,131.982,-110.366,182.666,172.046,-0.696,733
90,49,0,0,1,8,8,43041,129.366,-114.685,200.695,172.882,-0.725,733
90,49,0,0,1,8,9,43494,131.084,-112.805,251.482,172.939,-0.711,811
90,49,0,0,1,8,10,43492,132.685,-110.162,256.171,172.456,-0.693,811
90,49,0,0,1,8,11,43857,131.097,-111.827,300.533,172.313,-0.706,889
90,49,0,0,1,8,12,43852,128.044,-113.188,325.974,170.900,-0.724,888
90,49,0,0,1,8,13,43859,129.645,-114.224,329.610,172.786,-0.722,889
90,49,0,0,1,8,14,44186,130.943,-113.036,387.050,172.983,-0.712,967
90,49,0,0,1,8,15,44492,130.323,-113.104,453.067,172.559,-0.715,1045
91,49,0,1,1,2,0,23133,25.397,-20.860,94.641,32.865,-0.688,135
91,49,0,1,1,2,1,23066,24.140,-21.257,99.725,32.165,-0.722,134
91,49,0,1,1,2,2,23115,24.909,-21.873,102.658,33.149,-0.721,135
91,49,0,1,1,2,3,23090,24.140,-21.257,105.982,32.165,-0.722,134
91,49,0,1,1,2,4,23111,25.035,-21.610,107.480,33.072,-0.712,135
91,49,0,1,1,2,5,23097,24.894,-21.903,109.474,33.158,-0.722,135
91,49,0,1,1,2,6,23949,24.605,-21.364,146.843,32.585,-0.715,151
91,49,0,1,1,2,7,23954,24.910,-20.729,165.971,32.407,-0.694,151
91,49,0,1,1,2,8,23930,23.675,-21.008,167.389,31.652,-0.726,150
91,49,0,1,1,2,9,23938,24.427,-21.732,172.846,32.695,-0.727,151
91,49,0,1,1,2,10,23962,24.573,-21.429,206.453,32.604,-0.717,151
91,49,0,1,1,2,11,24494,25.010,-21.663,227.008,33.087,-0.714,167
91,49,0,1,1,2,12,24482,24.751,-22.201,238.181,33.249,-0.731,167
91,49,0,1,1,2,13,24478,25.014,-21.654,256.475,33.085,-0.714,167
91,49,0,1,1,2,14,24456,23.953,-21.424,267.785,32.136,-0.730,166
91,49,0,1,1,2,15,24498,24.761,-22.179,277.022,33.242,-0.730,167
91,49,0,1,1,4,0,29140,54.624,-46.896,25.701,71.993,-0.709,237
91,49,0,1,1,4,1,29157,54.429,-47.215,29.962,72.054,-0.715,237
91,49,0,1,1,4,2,29113,55.314,-45.763,33.527,71.791,-0.691,237
91,49,0,1,1,4,3,29131,55.349,-45.706,64.257,71.781,-0.690,237
91,49,0,1,1,4,4,30031,55.487,-46.431,87.280,72.351,-0.697,269
91,49,0,1,1,4,5,30028,55.433,-46.519,87.300,72.366,-0.698,269
91,49,0,1,1,4,6,30029,54.702,-47.720,112.929,72.591,-0.717,269
91,49,0,1,1,4,7,30043,54.406,-48.205,120.128,72.689,-0.725,269
91,49,0,1,1,4,8,30023,54.369,-48.266,123.744,72.702,-0.726,269
91,49,0,1,1,4,9,30027,54.557,-47.956,134.461,72.638,-0.721,269
91,49,0,1,1,4,10,30041,54.236,-48.484,134.997,72.748,-0.729,269
91,49,0,1,1,4,11,30727,54.663,-46.831,153.552,71.981,-0.708,301
91,49,0,1,1,4,12,30728,54.406,-47.254,183.568,72.062,-0.715,301
91,49,0,1,1,4,13,30733,54.517,-47.072,189.527,72.027,-0.712,301
91,49,0,1,1,4,14,30735,54.364,-47.322,196.029,72.075,-0.716,301
91,49,0,1,1,4,15,31193,54.318,-48.349,246.345,72.719,-0.727,333
91,49,0,1,1,6,0,35152,89.089,-75.878,-12.584,117.023,-0.705,333
91,49,0,1,1,6,1,35154,89.294,-75.523,-8.404,116.950,-0.702,333
91,49,0,1,1,6,2,35939,89.193,-74.709,10.053,116.348,-0.697,385
91,49,0,1,1,6,3,35926,86.505,-75.662,14.236,114.926,-0.719,384
91,49,0,1,1,6,4,35938,88.139,-76.531,14.504,116.728,-0.715,385
91,49,0,1,1,6,5,35927,86.445,-75.742,20.734,114.933,-0.720,384
91,49,0,1,1,6,6,35944,87.932,-76.888,21.221,116.807,-0.718,385
91,49,0,1,1,6,7,35921,86.806,-75.262,40.349,114.890,-0.714,384
91,49,0,1,1,6,8,35941,88.170,-76.478,40.976,116.717,-0.715,385
91,49,0,1,1,6,9,35919,86.184,-76.089,55.749,114.966,-0.723,384
91,49,0,1,1,6,10,35931,87.441,-77.737,56.991,117.000,-0.727,385
91,49,0,1,1,6,11,36592,86.702,-76.224,114.270,115.444,-0.721,436
91,49,0,1,1,6,12,36600,88.053,-77.668,116.271,117.412,-0.723,437
91,49,0,1,1,6,13,36587,86.197,-76.894,129.297,115.510,-0.728,436
91,49,0,1,1,6,14,36597,87.888,-77.952,131.168,117.477,-0.726,437
91,49,0,1,1,6,15,37173,85.484,-77.019,201.518,115.062,-0.733,488
91,49,0,1,1,8,0,41406,127.831,-114.330,-8.703,171.500,-0.730,498
91,49,0,1,1,8,1,42020,128.473,-112.594,14.059,170.830,-0.720,576
91,49,0,1,1,8,2,42027,129.815,-113.944,14.216,172.729,-0.720,577
91,49,0,1,1,8,3,42028,131.979,-110.370,14.359,172.046,-0.696,577
91,49,0,1,1,8,4,42029,132.558,-109.415,35.550,171.882,-0.690,577
91,49,0,1,1,8,5,42018,128.354,-112.759,59.457,170.849,-0.721,576
91,49,0,1,1,8,6,42023,129.757,-114.040,60.103,172.748,-0.721,577
91,49,0,1,1,8,7,42022,127.228,-114.319,60.594,171.043,-0.732,576
91,49,0,1,1,8,8,42025,128.967,-115.342,61.302,173.021,-0.730,577
91,49,0,1,1,8,9,42031,132.730,-109.132,67.162,171.834,-0.688,577
91,49,0,1,1,8,10,42017,127.129,-114.456,67.393,171.061,-0.733,576
91,49,0,1,1,8,11,42030,128.730,-115.734,68.268,173.106,-0.732,577
91,49,0,1,1,8,12,42554,131.582,-111.982,93.431,172.782,-0.705,655
91,49,0,1,1,8,13,42550,128.993,-112.720,107.359,171.304,-0.718,654
91,49,0,1,1,8,14,42544,127.954,-114.159,108.321,171.477,-0.728,654
91,49,0,1,1,8,15,42551,130.266,-114.155,108.613,173.207,-0.720,655
92,49,0,2,0,2,0,23133,25.397,-20.860,94.641,32.865,-0.688,135
92,49,0,2,0,2,1,23066,24.140,-21.257,99.725,32.165,-0.722,134
92,49,0,2,0,2,2,23115,24.909,-21.873,102.658,33.149,-0.721,135
92,49,0,2,0,2,3,23090,24.140,-21.257,105.982,32.165,-0.722,134
92,49,0,2,0,2,4,23111,25.035,-21.610,107.480,33.072,-0.712,135
92,49,0,2,0,2,5,23097,24.894,-21.903,109.474,33.158,-0.722,135
92,49,0,2,0,2,6,23949,24.605,-21.364,146.843,32.585,-0.715,151
92,49,0,2,0,2,7,23954,24.910,-20.729,165.971,32.407,-0.694,151
92,49,0,2,0,2,8,23930,23.675,-21.008,167.389,31.652,-0.726,150
92,49,0,2,0,2,9,23938,24.427,-21.732,172.846,32.695,-0.727,151
92,49,0,2,0,2,10,23962,24.573,-21.429,206.453,32.604,-0.717,151
92,49,0,2,0,2,11,24494,25.010,-21.663,227.008,33.087,-0.714,167
92,49,0,2,0,2,12,24482,24.751,-22.201,238.181,33.249,-0.731,167
92,49,0,2,0,2,13,24478,25.014,-21.654,256.475,33.085,-0.714,167
92,49,0,2,0,2,14,24456,23.953,-21.424,267.785,32.136,-0.730,166
92,49,0,2,0,2,15,24498,24.761,-22.179,277.022,33.242,-0.730,167
92,49,0,2,0,4,0,29125,54.364,-47.322,20.324,72.075,-0.716,237
92,49,0,2,0,4,1,29126,54.319,-47.395,22.000,72.090,-0.717,237
92,49,0,2,0,4,2,29140,54.624,-46.896,25.701,71.993,-0.709,237
92,49,0,2,0,4,3,29157,54.429,-47.215,29.962,72.054,-0.715,237
92,49,0,2,0,4,4,29113,55.314,-45.763,33.527,71.791,-0.691,237
92,49,0,2,0,4,5,29131,55.349,-45.706,64.257,71.781,-0.690,237
92,49,0,2,0,4,6,30031,55.487,-46.431,87.280,72.351,-0.697,269
92,49,0,2,0,4,7,30028,55.433,-46.519,87.300,72.366,-0.698,269
92,49,0,2,0,4,8,30029,54.702,-47.720,112.929,72.591,-0.717,269
92,49,0,2,0,4,9,30043,54.406,-48.205,120.128,72.689,-0.725,269
92,49,0,2,0,4,10,30023,54.369,-48.266,123.744,72.702,-0.726,269
92,49,0,2,0,4,11,30027,54.557,-47.956,134.461,72.638,-0.721,269
92,49,0,2,0,4,12,30041,54.236,-48.484,134.997,72.748,-0.729,269
92,49,0,2,0,4,13,30727,54.663,-46.831,153.552,71.981,-0.708,301
92,49,0,2,0,4,14,30728,54.406,-47.254,183.568,72.062,-0.715,301
92,49,0,2,0,4,15,30733,54.517,-47.072,189.527,72.027,-0.712,301
92,49,0,2,0,6,0,35155,88.590,-76.741,-58.369,117.206,-0.714,333
92,49,0,2,0,6,1,35151,88.878,-76.242,-45.561,117.099,-0.709,333
92,49,0,2,0,6,2,35150,89.662,-74.888,-38.769,116.822,-0.696,333
92,49,0,2,0,6,3,35144,86.336,-76.710,-26.959,115.492,-0.726,332
92,49,0,2,0,6,4,35149,89.786,-74.673,-18.218,116.780,-0.694,333
92,49,0,2,0,6,5,35152,89.089,-75.878,-12.584,117.023,-0.705,333
92,49,0,2,0,6,6,35154,89.294,-75.523,-8.404,116.950,-0.702,333
92,49,0,2,0,6,7,35939,89.193,-74.709,10.053,116.348,-0.697,385
92,49,0,2,0,6,8,35926,86.505,-75.662,14.236,114.926,-0.719,384
92,49,0,2,0,6,9,35938,88.139,-76.531,14.504,116.728,-0.715,385
92,49,0,2,0,6,10,35927,86.445,-75.742,20.734,114.933,-0.720,384
92,49,0,2,0,6,11,35944,87.932,-76.888,21.221,116.807,-0.718,385
92,49,0,2,0,6,12,35921,86.806,-75.262,40.349,114.890,-0.714,384
92,49,0,2,0,6,13,35941,88.170,-76.478,40.976,116.717,-0.715,385
92,49,0,2,0,6,14,35919,86.184,-76.089,55.749,114.966,-0.723,384
92,49,0,2,0,6,15,35931,87.441,-77.737,56.991,117.000,-0.727,385
92,49,0,2,0,8,0,39851,130.961,-112.052,-247.240,172.356,-0.708,265
92,49,0,2,0,8,1,40286,127.439,-114.872,-208.089,171.570,-0.734,342
92,49,0,2,0,8,2,40291,130.927,-113.063,-179.703,172.989,-0.712,343
92,49,0,2,0,8,3,40287,130.060,-114.494,-174.341,173.276,-0.722,343
92,49,0,2,0,8,4,40281,128.596,-113.269,-172.445,171.367,-0.722,342
92,49,0,2,0,8,5,40803,131.895,-110.510,-117.713,172.072,-0.697,421
92,49,0,2,0,8,6,40800,127.050,-114.566,-112.618,171.076,-0.734,420
92,49,0,2,0,8,7,40802,131.783,-110.695,-109.150,172.105,-0.699,421
92,49,0,2,0,8,8,40806,131.944,-110.429,-98.726,172.057,-0.697,421
92,49,0,2,0,8,9,41404,127.597,-114.654,-67.251,171.542,-0.732,498
92,49,0,2,0,8,10,41417,130.287,-114.120,-26.263,173.200,-0.719,499
92,49,0,2,0,8,11,41408,128.959,-112.767,-26.002,171.309,-0.719,498
92,49,0,2,0,8,12,41401,127.842,-114.314,-19.206,171.497,-0.730,498
92,49,0,2,0,8,13,41414,131.140,-112.711,-14.475,172.920,-0.710,499
92,49,0,2,0,8,14,41415,131.421,-112.248,-9.037,172.833,-0.707,499
92,49,0,2,0,8,15,41406,127.831,-114.330,-8.703,171.500,-0.730,498
93,50,0,0,1,2,0,23139,26.107,-19.386,70.590,32.518,-0.639,135
93,50,0,0,1,2,1,23114,25.420,-20.812,74.259,32.853,-0.686,135
93,50,0,0,1,2,2,23105,25.888,-19.840,78.374,32.616,-0.654,135
93,50,0,0,1,2,3,23149,25.609,-20.419,86.021,32.753,-0.673,135
93,50,0,0,1,2,4,23126,25.863,-19.893,99.324,32.628,-0.656,135
93,50,0,0,1,2,5,23110,25.570,-20.500,105.212,32.773,-0.676,135
93,50,0,0,1,2,6,23128,25.505,-20.635,112.915,32.807,-0.680,135
93,50,0,0,1,2,7,23095,26.096,-19.408,116.618,32.522,-0.639,135
93,50,0,0,1,2,8,23981,25.560,-19.381,142.832,32.077,-0.649,151
93,50,0,0,1,2,9,23965,25.097,-20.341,153.791,32.305,-0.681,151
93,50,0,0,1,2,10,23942,25.139,-20.254,160.071,32.283,-0.678,151
93,50,0,0,1,2,11,23948,25.340,-19.837,179.569,32.181,-0.664,151
93,50,0,0,1,2,12,23986,25.553,-19.395,192.089,32.080,-0.649,151
93,50,0,0,1,2,13,24483,25.953,-19.706,220.976,32.586,-0.649,167
93,50,0,0,1,2,14,24492,25.445,-20.760,237.547,32.839,-0.684,167
93,50,0,0,1,2,15,24489,25.589,-20.461,262.618,32.764,-0.675,167
93,50,0,0,1,4,0,30026,57.368,-43.344,78.589,71.901,-0.647,269
93,50,0,0,1,4,1,30044,55.891,-45.767,103.303,72.239,-0.686,269
93,50,0,0,1,4,2,30030,57.576,-43.002,107.478,71.862,-0.641,269
93,50,0,0,1,4,3,30032,57.702,-42.795,108.130,71.840,-0.638,269
93,50,0,0,1,4,4,30024,55.888,-45.773,127.640,72.240,-0.686,269
93,50,0,0,1,4,5,30038,56.122,-45.389,135.809,72.179,-0.680,269
93,50,0,0,1,4,6,30720,55.709,-45.116,178.613,71.686,-0.681,301
93,50,0,0,1,4,7,30734,55.576,-45.333,188.242,71.720,-0.684,301
93,50,0,0,1,4,8,30722,55.619,-45.262,192.513,71.709,-0.683,301
93,50,0,0,1,4,9,31195,56.589,-44.623,214.398,72.066,-0.668,333
93,50,0,0,1,4,10,31209,56.871,-44.160,215.594,72.002,-0.660,333
93,50,0,0,1,4,11,31205,56.549,-44.688,224.308,72.075,-0.669,333
93,50,0,0,1,4,12,31199,57.537,-43.065,229.424,71.869,-0.643,333
93,50,0,0,1,4,13,31207,56.819,-44.245,255.833,72.014,-0.662,333
93,50,0,0,1,4,14,31201,57.029,-43.900,256.602,71.969,-0.656,333
93,50,0,0,1,4,15,31908,57.341,-43.388,359.864,71.906,-0.648,397
93,50,0,0,1,6,0,36611,91.914,-70.996,76.253,116.140,-0.658,437
93,50,0,0,1,6,1,36602,90.757,-72.996,76.656,116.469,-0.677,437
93,50,0,0,1,6,2,36601,91.690,-71.382,77.127,116.200,-0.661,437
93,50,0,0,1,6,3,36608,92.289,-70.348,93.776,116.043,-0.651,437
93,50,0,0,1,6,4,36612,91.516,-71.683,105.149,116.248,-0.664,437
93,50,0,0,1,6,5,36607,92.150,-70.588,108.717,116.079,-0.654,437
93,50,0,0,1,6,6,36603,91.621,-71.501,134.994,116.219,-0.663,437
93,50,0,0,1,6,7,37182,92.227,-69.466,143.154,115.462,-0.646,489
93,50,0,0,1,6,8,37662,91.513,-71.688,223.868,116.249,-0.665,541
93,50,0,0,1,6,9,38017,92.357,-69.241,285.337,115.430,-0.643,593
93,50,0,0,1,6,10,38014,91.338,-71.002,287.088,115.689,-0.661,593
93,50,0,0,1,6,11,38019,91.338,-71.002,315.302,115.689,-0.661,593
93,50,0,0,1,6,12,38018,90.196,-72.976,342.755,116.021,-0.680,593
93,50,0,0,1,6,13,38345,90.837,-72.857,360.045,116.445,-0.676,645
93,50,0,0,1,6,14,38340,90.803,-72.915,379.324,116.455,-0.677,645
93,50,0,0,1,6,15,38343,90.968,-72.630,401.649,116.406,-0.674,645
93,50,0,0,1,8,0,43043,133.655,-107.604,153.602,171.588,-0.678,733
93,50,0,0,1,8,1,43042,135.481,-104.591,153.852,171.156,-0.657,733
93,50,0,0,1,8,2,43046,135.754,-104.140,209.127,171.097,-0.654,733
93,50,0,0,1,8,3,43497,136.096,-104.531,209.833,171.607,-0.655,811
93,50,0,0,1,8,4,43495,134.402,-107.328,233.944,171.998,-0.674,811
93,50,0,0,1,8,5,43491,134.753,-106.749,249.689,171.912,-0.670,811
93,50,0,0,1,8,6,43493,133.992,-108.004,262.593,172.101,-0.678,811
93,50,0,0,1,8,7,43496,133.353,-109.058,273.500,172.269,-0.686,811
93,50,0,0,1,8,8,43858,133.374,-108.068,326.875,171.660,-0.681,889
93,50,0,0,1,8,9,44185,137.216,-102.682,361.948,171.382,-0.642,967
93,50,0,0,1,8,10,44184,136.610,-103.683,368.725,171.501,-0.649,967
93,50,0,0,1,8,11,44189,138.096,-105.166,373.184,173.581,-0.651,968
93,50,0,0,1,8,12,44183,136.884,-103.230,388.483,171.446,-0.646,967
93,50,0,0,1,8,13,44187,138.433,-104.493,399.506,173.443,-0.647,968
93,50,0,0,1,8,14,44491,133.924,-107.160,450.276,171.519,-0.675,1045
93,50,0,0,1,8,15,44490,134.961,-105.449,462.042,171.272,-0.663,1045
94,50,0,1,0,2,0,23139,26.107,-19.386,70.590,32.518,-0.639,135
94,50,0,1,0,2,1,23114,25.420,-20.812,74.259,32.853,-0.686,135
94,50,0,1,0,2,2,23105,25.888,-19.840,78.374,32.616,-0.654,135
94,50,0,1,0,2,3,23149,25.609,-20.419,86.021,32.753,-0.673,135
94,50,0,1,0,2,4,23126,25.863,-19.893,99.324,32.628,-0.656,135
94,50,0,1,0,2,5,23110,25.570,-20.500,105.212,32.773,-0.676,135
94,50,0,1,0,2,6,23128,25.505,-20.635,112.915,32.807,-0.680,135
94,50,0,1,0,2,7,23095,26.096,-19.408,116.618,32.522,-0.639,135
94,50,0,1,0,2,8,23981,25.560,-19.381,142.832,32.077,-0.649,151
94,50,0,1,0,2,9,23965,25.097,-20.341,153.791,32.305,-0.681,151
94,50,0,1,0,2,10,23942,25.139,-20.254,160.071,32.283,-0.678,151
94,50,0,1,0,2,11,23948,25.340,-19.837,179.569,32.181,-0.664,151
94,50,0,1,0,2,12,23986,25.553,-19.395,192.089,32.080,-0.649,151
94,50,0,1,0,2,13,24483,25.953,-19.706,220.976,32.586,-0.649,167
94,50,0,1,0,2,14,24492,25.445,-20.760,237.547,32.839,-0.684,167
94,50,0,1,0,2,15,24489,25.589,-20.461,262.618,32.764,-0.675,167
94,50,0,1,0,4,0,30034,55.950,-45.670,69.639,72.223,-0.685,269
94,50,0,1,0,4,1,29143,55.591,-45.309,69.831,71.716,-0.684,237
94,50,0,1,0,4,2,30022,55.960,-45.654,70.349,72.221,-0.684,269
94,50,0,1,0,4,3,30026,57.368,-43.344,78.589,71.901,-0.647,269
94,50,0,1,0,4,4,30044,55.891,-45.767,103.303,72.239,-0.686,269
94,50,0,1,0,4,5,30030,57.576,-43.002,107.478,71.862,-0.641,269
94,50,0,1,0,4,6,30032,57.702,-42.795,108.130,71.840,-0.638,269
94,50,0,1,0,4,7,30024,55.888,-45.773,127.640,72.240,-0.686,269
94,50,0,1,0,4,8,30038,56.122,-45.389,135.809,72.179,-0.680,269
94,50,0,1,0,4,9,30720,55.709,-45.116,178.613,71.686,-0.681,301
94,50,0,1,0,4,10,30734,55.576,-45.333,188.242,71.720,-0.684,301
94,50,0,1,0,4,11,30722,55.619,-45.262,192.513,71.709,-0.683,301
94,50,0,1,0,4,12,31195,56.589,-44.623,214.398,72.066,-0.668,333
94,50,0,1,0,4,13,31209,56.871,-44.160,215.594,72.002,-0.660,333
94,50,0,1,0,4,14,31205,56.549,-44.688,224.308,72.075,-0.669,333
94,50,0,1,0,4,15,31199,57.537,-43.065,229.424,71.869,-0.643,333
94,50,0,1,0,6,0,35940,92.127,-69.639,29.873,115.486,-0.647,385
94,50,0,1,0,6,1,35933,91.914,-70.007,42.023,115.539,-0.651,385
94,50,0,1,0,6,2,35943,90.679,-72.141,49.118,115.875,-0.672,385
94,50,0,1,0,6,3,35934,90.117,-73.112,52.229,116.045,-0.682,385
94,50,0,1,0,6,4,35937,90.305,-72.787,70.884,115.987,-0.678,385
94,50,0,1,0,6,5,36610,90.676,-73.136,71.213,116.494,-0.679,437
94,50,0,1,0,6,6,36604,92.952,-69.202,74.298,115.883,-0.640,437
94,50,0,1,0,6,7,36606,91.198,-72.233,74.730,116.339,-0.670,437
94,50,0,1,0,6,8,36611,91.914,-70.996,76.253,116.140,-0.658,437
94,50,0,1,0,6,9,36602,90.757,-72.996,76.656,116.469,-0.677,437
94,50,0,1,0,6,10,36601,91.690,-71.382,77.127,116.200,-0.661,437
94,50,0,1,0,6,11,36608,92.289,-70.348,93.776,116.043,-0.651,437
94,50,0,1,0,6,12,36612,91.516,-71.683,105.149,116.248,-0.664,437
94,50,0,1,0,6,13,36607,92.150,-70.588,108.717,116.079,-0.654,437
94,50,0,1,0,6,14,36603,91.621,-71.501,134.994,116.219,-0.663,437
94,50,0,1,0,6,15,37182,92.227,-69.466,143.154,115.462,-0.646,489
94,50,0,1,0,8,0,41412,136.515,-103.839,-51.576,171.519,-0.650,499
94,50,0,1,0,8,1,41416,133.702,-108.482,-18.492,172.176,-0.682,499
94,50,0,1,0,8,2,42024,134.583,-106.073,9.952,171.359,-0.667,577
94,50,0,1,0,8,3,42032,135.124,-105.180,20.122,171.235,-0.661,577
94,50,0,1,0,8,4,42037,138.165,-103.923,51.661,172.886,-0.645,578
94,50,0,1,0,8,5,42026,134.434,-106.319,56.717,171.395,-0.669,577
94,50,0,1,0,8,6,42033,134.203,-106.701,64.670,171.451,-0.672,577
94,50,0,1,0,8,7,42555,136.849,-103.289,112.542,171.453,-0.647,655
94,50,0,1,0,8,8,42559,136.058,-104.594,112.610,171.615,-0.655,655
94,50,0,1,0,8,9,42565,138.468,-104.422,113.834,173.428,-0.646,656
94,50,0,1,0,8,10,42553,133.346,-109.070,118.145,172.271,-0.686,655
94,50,0,1,0,8,11,42558,134.873,-106.550,133.658,171.883,-0.669,655
94,50,0,1,0,8,12,42552,134.188,-107.680,134.121,172.051,-0.676,655
94,50,0,1,0,8,13,43045,136.041,-103.667,140.736,171.038,-0.651,733
94,50,0,1,0,8,14,43056,137.629,-104.994,142.547,173.105,-0.652,734
94,50,0,1,0,8,15,43043,133.655,-107.604,153.602,171.588,-0.678,733
95,51,0,0,0,2,0,21541,25.852,-18.774,48.413,31.950,-0.628,119
95,51,0,0,0,2,1,21543,25.993,-18.482,52.476,31.894,-0.618,119
95,51,0,0,0,2,2,23118,26.493,-18.585,88.317,32.362,-0.612,135
95,51,0,0,0,2,3,23120,26.603,-18.356,92.996,32.322,-0.604,135
95,51,0,0,0,2,4,23104,26.480,-18.612,97.840,32.367,-0.613,135
95,51,0,0,0,2,5,23136,26.378,-18.823,107.963,32.406,-0.620,135
95,51,0,0,0,2,6,23138,26.803,-17.941,114.012,32.254,-0.590,135
95,51,0,0,0,2,7,23973,25.780,-18.924,142.929,31.980,-0.633,151
95,51,0,0,0,2,8,23966,26.090,-18.282,143.530,31.857,-0.611,151
95,51,0,0,0,2,9,23971,25.953,-18.565,154.697,31.910,-0.621,151
95,51,0,0,0,2,10,23947,25.798,-18.886,157.202,31.973,-0.632,151
95,51,0,0,0,2,11,23945,25.867,-18.743,174.657,31.944,-0.627,151
95,51,0,0,0,2,12,23977,26.035,-18.394,184.719,31.878,-0.615,151
95,51,0,0,0,2,13,23943,25.833,-18.814,197.426,31.958,-0.629,151
95,51,0,0,0,2,14,24497,26.570,-18.426,250.226,32.334,-0.606,167
95,51,0,0,0,2,15,24484,26.445,-18.684,251.561,32.380,-0.615,167
95,51,0,0,0,4,0,29155,58.483,-40.562,63.501,71.173,-0.606,237
95,51,0,0,0,4,1,30035,58.716,-41.130,99.294,71.689,-0.611,269
95,51,0,0,0,4,2,30042,58.526,-41.443,117.163,71.713,-0.616,269
95,51,0,0,0,4,3,30726,58.531,-40.484,154.289,71.167,-0.605,301
95,51,0,0,0,4,4,30745,60.427,-41.612,159.082,73.369,-0.603,302
95,51,0,0,0,4,5,30737,58.735,-40.149,173.164,71.146,-0.600,301
95,51,0,0,0,4,6,30752,60.587,-41.175,178.366,73.254,-0.597,302
95,51,0,0,0,4,7,30731,57.462,-42.238,206.494,71.316,-0.634,301
95,51,0,0,0,4,8,30721,57.463,-42.236,206.497,71.315,-0.634,301
95,51,0,0,0,4,9,30730,58.824,-40.003,206.504,71.137,-0.597,301
95,51,0,0,0,4,10,31213,61.014,-41.448,214.192,73.761,-0.597,334
95,51,0,0,0,4,11,31200,58.284,-41.841,221.857,71.747,-0.623,333
95,51,0,0,0,4,12,31204,59.371,-40.056,227.374,71.620,-0.594,333
95,51,0,0,0,4,13,31220,60.993,-41.506,234.603,73.776,-0.598,334
95,51,0,0,0,4,14,31206,58.971,-40.712,238.953,71.660,-0.604,333
95,51,0,0,0,4,15,31216,60.850,-41.897,246.196,73.879,-0.603,334
95,51,0,0,0,6,0,37188,92.684,-68.677,174.781,115.355,-0.638,489
95,51,0,0,0,6,1,37191,96.298,-66.339,176.058,116.937,-0.603,490
95,51,0,0,0,6,2,37183,95.020,-64.640,176.196,114.922,-0.597,489
95,51,0,0,0,6,3,37189,94.130,-66.177,177.629,115.065,-0.613,489
95,51,0,0,0,6,4,37195,96.664,-65.483,179.126,116.756,-0.595,490
95,51,0,0,0,6,5,37201,95.906,-67.257,180.974,117.139,-0.612,490
95,51,0,0,0,6,6,37187,93.285,-67.638,183.096,115.226,-0.627,489
95,51,0,0,0,6,7,37194,96.894,-64.944,192.935,116.646,-0.590,490
95,51,0,0,0,6,8,37660,93.411,-68.408,227.639,115.781,-0.632,541
95,51,0,0,0,6,9,37664,95.027,-65.615,248.703,115.480,-0.604,541
95,51,0,0,0,6,10,37665,96.592,-66.910,253.005,117.504,-0.606,542
95,51,0,0,0,6,11,37661,94.883,-65.865,263.478,115.503,-0.607,541
95,51,0,0,0,6,12,37669,96.499,-67.129,268.158,117.552,-0.608,542
95,51,0,0,0,6,13,38020,95.245,-64.251,342.639,114.890,-0.593,593
95,51,0,0,0,6,14,38025,96.879,-64.978,347.893,116.652,-0.591,594
95,51,0,0,0,6,15,38348,97.337,-65.168,349.391,117.138,-0.590,646
95,51,0,0,0,8,0,43052,138.999,-102.257,157.867,172.561,-0.634,734
95,51,0,0,0,8,1,43049,140.740,-98.778,158.782,171.945,-0.612,734
95,51,0,0,0,8,2,43051,139.417,-101.421,160.638,172.405,-0.629,734
95,51,0,0,0,8,3,43055,141.496,-97.269,190.923,171.704,-0.602,734
95,51,0,0,0,8,4,43053,140.026,-100.204,205.466,172.186,-0.621,734
95,51,0,0,0,8,5,43501,139.923,-101.516,221.444,172.870,-0.628,812
95,51,0,0,0,8,6,43498,142.725,-95.919,232.612,171.962,-0.592,812
95,51,0,0,0,8,7,43860,141.541,-97.178,319.710,171.690,-0.602,890
95,51,0,0,0,8,8,44191,142.902,-95.566,394.977,171.912,-0.589,968
95,51,0,0,0,8,9,44192,139.447,-102.468,394.991,173.047,-0.634,968
95,51,0,0,0,8,10,44188,139.151,-103.058,411.880,173.159,-0.637,968
95,51,0,0,0,8,11,44493,140.606,-99.047,419.326,171.989,-0.614,1046
95,51,0,0,0,8,12,44497,142.374,-95.515,420.070,171.445,-0.591,1046
95,51,0,0,0,8,13,44190,140.957,-99.452,420.566,172.509,-0.614,968
95,51,0,0,0,8,14,44496,141.993,-96.275,422.404,171.554,-0.596,1046
95,51,0,0,0,8,15,44495,141.835,-96.592,440.915,171.602,-0.598,1046
96,52,0,0,0,2,0,23096,27.019,-17.494,100.369,32.188,-0.575,135
96,52,0,0,0,2,1,23102,27.129,-17.265,110.520,32.157,-0.567,135
96,52,0,0,0,2,2,23140,27.321,-16.867,129.401,32.108,-0.553,135
96,52,0,0,0,2,3,23147,26.910,-17.721,135.745,32.220,-0.582,135
96,52,0,0,0,2,4,23099,27.141,-17.240,139.191,32.154,-0.566,135
96,52,0,0,0,2,5,23951,26.581,-17.261,140.297,31.694,-0.576,151
96,52,0,0,0,2,6,23960,26.495,-17.441,144.135,31.720,-0.582,151
96,52,0,0,0,2,7,23961,26.506,-17.417,147.495,31.717,-0.581,151
96,52,0,0,0,2,8,23939,26.721,-16.971,161.402,31.655,-0.566,151
96,52,0,0,0,2,9,23985,26.452,-17.529,162.051,31.733,-0.585,151
96,52,0,0,0,2,10,23980,27.035,-16.319,163.263,31.579,-0.543,151
96,52,0,0,0,2,11,23952,26.436,-17.562,191.524,31.738,-0.586,151
96,52,0,0,0,2,12,23964,26.447,-17.540,210.029,31.735,-0.586,151
96,52,0,0,0,2,13,24479,26.868,-17.808,213.412,32.233,-0.585,167
96,52,0,0,0,2,14,24476,27.211,-17.096,215.686,32.135,-0.561,167
96,52,0,0,0,2,15,24486,27.006,-17.520,248.930,32.191,-0.575,167
96,52,0,0,0,4,0,30723,59.626,-38.686,162.650,71.076,-0.576,301
96,52,0,0,0,4,1,30741,60.857,-40.438,166.557,73.067,-0.586,302
96,52,0,0,0,4,2,30753,61.133,-39.683,166.801,72.883,-0.576,302
96,52,0,0,0,4,3,30729,59.585,-38.754,182.008,71.079,-0.577,301
96,52,0,0,0,4,4,30755,61.674,-38.205,182.383,72.549,-0.555,302
96,52,0,0,0,4,5,30754,61.117,-39.725,186.880,72.893,-0.576,302
96,52,0,0,0,4,6,30724,59.700,-38.564,187.478,71.073,-0.574,301
96,52,0,0,0,4,7,30744,61.238,-39.396,191.942,72.816,-0.572,302
96,52,0,0,0,4,8,30758,61.967,-37.403,199.356,72.381,-0.543,302
96,52,0,0,0,4,9,30746,61.014,-40.007,205.443,72.961,-0.580,302
96,52,0,0,0,4,10,31211,62.018,-38.706,237.026,73.105,-0.558,334
96,52,0,0,0,4,11,31196,60.051,-38.941,257.426,71.571,-0.575,333
96,52,0,0,0,4,12,31212,61.562,-39.952,264.202,73.389,-0.576,334
96,52,0,0,0,4,13,31599,59.509,-38.878,288.094,71.083,-0.579,365
96,52,0,0,0,4,14,31592,59.776,-38.440,289.306,71.069,-0.571,365
96,52,0,0,0,4,15,31607,61.220,-39.444,296.527,72.827,-0.572,366
96,52,0,0,0,6,0,35957,99.036,-59.931,1.447,115.757,-0.544,386
96,52,0,0,0,6,1,35951,97.006,-64.682,8.366,116.593,-0.588,386
96,52,0,0,0,6,2,35961,98.092,-62.141,10.278,116.118,-0.565,386
96,52,0,0,0,6,3,35960,97.862,-62.679,18.828,116.213,-0.570,386
96,52,0,0,0,6,4,36618,98.312,-62.886,77.551,116.704,-0.569,438
96,52,0,0,0,6,5,36624,98.182,-63.189,103.659,116.759,-0.572,438
96,52,0,0,0,6,6,36626,98.850,-61.626,129.199,116.486,-0.557,438
96,52,0,0,0,6,7,37196,97.403,-63.752,150.888,116.412,-0.580,490
96,52,0,0,0,6,8,37190,98.675,-60.776,191.983,115.890,-0.552,490
96,52,0,0,0,6,9,37668,98.336,-62.829,253.943,116.694,-0.569,542
96,52,0,0,0,6,10,37667,97.717,-64.278,268.409,116.963,-0.582,542
96,52,0,0,0,6,11,38027,97.897,-62.596,303.106,116.199,-0.569,594
96,52,0,0,0,6,12,38032,96.970,-64.766,339.318,116.610,-0.589,594
96,52,0,0,0,6,13,38349,98.618,-62.170,369.807,116.578,-0.562,646
96,52,0,0,0,6,14,38347,97.908,-63.830,379.166,116.877,-0.578,646
96,52,0,0,0,6,15,38352,97.559,-64.648,390.618,117.035,-0.585,646
96,52,0,0,0,8,0,42042,144.115,-92.038,33.633,170.997,-0.568,578
96,52,0,0,0,8,1,42052,145.868,-92.990,34.042,172.987,-0.568,579
96,52,0,0,0,8,2,42050,147.558,-88.803,50.592,172.219,-0.542,579
96,52,0,0,0,8,3,42035,144.328,-91.611,70.608,170.948,-0.566,578
96,52,0,0,0,8,4,42569,147.875,-89.341,114.484,172.768,-0.543,657
96,52,0,0,0,8,5,42571,147.449,-90.396,117.374,172.953,-0.550,657
96,52,0,0,0,8,6,43061,146.607,-91.159,179.049,172.637,-0.556,735
96,52,0,0,0,8,7,43050,143.643,-92.979,189.878,171.110,-0.574,734
96,52,0,0,0,8,8,43499,144.061,-93.250,216.189,171.608,-0.574,812
96,52,0,0,0,8,9,43503,146.144,-93.629,266.991,173.564,-0.570,813
96,52,0,0,0,8,10,43500,143.630,-94.112,269.128,171.717,-0.580,812
96,52,0,0,0,8,11,44193,143.200,-94.971,391.762,171.830,-0.586,968
96,52,0,0,0,8,12,44197,146.247,-93.376,392.558,173.514,-0.568,969
96,52,0,0,0,8,13,44498,144.810,-90.649,449.827,170.843,-0.559,1046
96,52,0,0,0,8,14,44500,146.429,-91.600,454.870,172.719,-0.559,1047
96,52,0,0,0,8,15,44494,142.598,-95.067,468.303,171.383,-0.588,1046
97,53,0,0,0,2,0,21488,27.091,-16.204,17.809,31.567,-0.539,119
97,53,0,0,0,2,1,21528,27.453,-15.452,22.265,31.503,-0.513,119
97,53,0,0,0,2,2,21491,27.251,-15.872,27.939,31.536,-0.527,119
97,53,0,0,0,2,3,21511,27.508,-15.339,44.456,31.495,-0.509,119
97,53,0,0,0,2,4,21522,27.091,-16.204,70.740,31.567,-0.539,119
97,53,0,0,0,2,5,23101,27.510,-16.475,71.854,32.066,-0.540,135
97,53,0,0,0,2,6,23112,27.776,-15.922,95.996,32.016,-0.520,135
97,53,0,0,0,2,7,23122,27.513,-16.468,104.142,32.065,-0.539,135
97,53,0,0,0,2,8,23142,28.098,-15.254,105.518,31.972,-0.497,135
97,53,0,0,0,2,9,23106,27.712,-16.055,138.791,32.027,-0.525,135
97,53,0,0,0,2,10,23976,27.581,-15.187,140.281,31.486,-0.503,151
97,53,0,0,0,2,11,23940,27.462,-15.434,159.831,31.502,-0.512,151
97,53,0,0,0,2,12,23963,27.683,-14.976,160.868,31.474,-0.496,151
97,53,0,0,0,2,13,23984,27.453,-15.452,175.005,31.503,-0.513,151
97,53,0,0,0,2,14,24491,27.802,-15.868,280.223,32.012,-0.519,167
97,53,0,0,0,2,15,24800,27.438,-15.483,341.601,31.505,-0.514,183
97,53,0,0,0,4,0,29163,62.312,-36.462,10.847,72.196,-0.529,238
97,53,0,0,0,4,1,29178,62.937,-34.753,20.828,71.895,-0.505,238
97,53,0,0,0,4,2,29184,62.826,-35.056,34.902,71.945,-0.509,238
97,53,0,0,0,4,3,29168,63.266,-33.855,47.052,71.755,-0.491,238
97,53,0,0,0,4,4,29191,63.015,-34.541,47.233,71.861,-0.501,238
97,53,0,0,0,4,5,29162,63.010,-34.554,54.637,71.863,-0.502,238
97,53,0,0,0,4,6,30049,62.583,-37.163,112.360,72.785,-0.536,270
97,53,0,0,0,4,7,30747,63.166,-34.127,184.993,71.796,-0.495,302
97,53,0,0,0,4,8,30740,63.159,-34.147,207.260,71.799,-0.496,302
97,53,0,0,0,4,9,31214,63.201,-35.473,248.092,72.476,-0.511,334
97,53,0,0,0,4,10,31218,62.670,-36.925,277.634,72.739,-0.532,334
97,53,0,0,0,4,11,31610,62.801,-35.126,298.159,71.957,-0.510,366
97,53,0,0,0,4,12,31614,62.347,-36.367,320.787,72.178,-0.528,366
97,53,0,0,0,4,13,31617,62.490,-35.975,321.963,72.105,-0.522,366
97,53,0,0,0,4,14,31616,62.436,-36.124,332.789,72.133,-0.525,366
97,53,0,0,0,4,15,31913,62.951,-36.156,390.641,72.595,-0.521,398
97,53,0,0,0,6,0,37199,99.779,-58.190,139.885,115.508,-0.528,490
97,53,0,0,0,6,1,36620,100.221,-58.418,140.514,116.004,-0.528,438
97,53,0,0,0,6,2,37202,100.071,-57.508,158.803,115.418,-0.522,490
97,53,0,0,0,6,3,37200,101.382,-54.440,175.036,115.074,-0.493,490
97,53,0,0,0,6,4,37204,103.230,-55.494,178.294,117.201,-0.493,491
97,53,0,0,0,6,5,37193,99.624,-58.555,184.554,115.557,-0.531,490
97,53,0,0,0,6,6,37666,100.439,-57.906,279.798,115.936,-0.523,542
97,53,0,0,0,6,7,38028,99.328,-59.246,283.437,115.656,-0.538,594
97,53,0,0,0,6,8,38021,99.382,-59.120,295.112,115.637,-0.537,594
97,53,0,0,0,6,9,38030,99.276,-59.368,297.752,115.673,-0.539,594
97,53,0,0,0,6,10,38029,99.859,-58.004,302.555,115.483,-0.526,594
97,53,0,0,0,6,11,38024,99.770,-58.212,308.028,115.511,-0.528,594
97,53,0,0,0,6,12,38023,101.245,-54.758,318.001,115.104,-0.496,594
97,53,0,0,0,6,13,38031,100.063,-57.526,319.377,115.420,-0.522,594
97,53,0,0,0,6,14,38351,99.901,-59.166,354.462,116.107,-0.535,646
97,53,0,0,0,6,15,38350,100.223,-58.411,400.866,116.002,-0.528,646
97,53,0,0,0,8,0,43060,148.443,-86.610,187.301,171.862,-0.528,735
97,53,0,0,0,8,1,43057,148.278,-87.019,207.035,171.926,-0.531,735
97,53,0,0,0,8,2,43502,150.763,-82.186,210.486,171.709,-0.499,813
97,53,0,0,0,8,3,43510,150.530,-82.761,211.857,171.781,-0.503,813
97,53,0,0,0,8,4,43506,150.591,-82.612,223.748,171.763,-0.502,813
97,53,0,0,0,8,5,43509,149.307,-85.792,253.056,172.200,-0.522,813
97,53,0,0,0,8,6,43505,150.237,-83.489,262.254,171.877,-0.507,813
97,53,0,0,0,8,7,43504,148.364,-88.130,268.295,172.565,-0.536,813
97,53,0,0,0,8,8,43508,148.134,-88.700,268.813,172.660,-0.540,813
97,53,0,0,0,8,9,43507,150.868,-81.925,270.007,171.677,-0.497,813
97,53,0,0,0,8,10,43512,148.955,-86.665,279.812,172.332,-0.527,813
97,53,0,0,0,8,11,43861,149.683,-83.538,283.990,171.416,-0.509,891
97,53,0,0,0,8,12,43862,149.430,-84.165,314.607,171.502,-0.513,891
97,53,0,0,0,8,13,44196,149.190,-86.083,376.333,172.244,-0.523,969
97,53,0,0,0,8,14,44195,149.252,-85.930,401.341,172.221,-0.522,969
97,53,0,0,0,8,15,44502,149.369,-84.317,441.523,171.524,-0.514,1047
98,54,0,0,0,2,0,21533,27.895,-14.536,51.656,31.455,-0.480,119
98,54,0,0,0,2,1,21544,27.890,-14.546,53.961,31.455,-0.481,119
98,54,0,0,0,2,2,21611,27.822,-14.687,60.317,31.460,-0.486,119
98,54,0,0,0,2,3,21594,27.959,-14.402,60.752,31.451,-0.476,119
98,54,0,0,0,2,4,23144,28.650,-14.108,83.115,31.936,-0.458,135
98,54,0,0,0,2,5,23113,28.700,-14.005,84.998,31.935,-0.454,135
98,54,0,0,0,2,6,23121,28.432,-14.561,120.354,31.944,-0.473,135
98,54,0,0,0,2,7,23972,28.176,-13.952,139.439,31.441,-0.460,151
98,54,0,0,0,2,8,23975,28.241,-13.817,184.611,31.440,-0.455,151
98,54,0,0,0,2,9,23968,27.879,-14.569,189.764,31.456,-0.482,151
98,54,0,0,0,2,10,23974,28.002,-14.312,198.961,31.448,-0.472,151
98,54,0,0,0,2,11,23950,28.350,-13.592,208.253,31.439,-0.447,151
98,54,0,0,0,2,12,24496,28.799,-13.800,211.665,31.935,-0.447,167
98,54,0,0,0,2,13,24477,28.823,-13.751,219.861,31.935,-0.445,167
98,54,0,0,0,2,14,24485,28.201,-15.041,223.223,31.961,-0.490,167
98,54,0,0,0,2,15,24495,28.860,-13.674,223.255,31.935,-0.442,167
98,54,0,0,0,4,0,28047,64.153,-32.872,-40.989,72.085,-0.474,206
98,54,0,0,0,4,1,28042,64.882,-30.881,-37.493,71.856,-0.444,206
98,54,0,0,0,4,2,28035,64.819,-31.053,-35.682,71.873,-0.447,206
98,54,0,0,0,4,3,28068,64.215,-32.703,-20.835,72.063,-0.471,206
98,54,0,0,0,4,4,29193,63.286,-33.800,11.909,71.747,-0.491,238
98,54,0,0,0,4,5,29167,63.555,-33.065,20.895,71.642,-0.480,238
98,54,0,0,0,4,6,29180,63.427,-33.416,46.289,71.691,-0.485,238
98,54,0,0,0,4,7,30060,63.988,-33.323,74.308,72.145,-0.480,270
98,54,0,0,0,4,8,30046,64.784,-31.149,103.526,71.883,-0.448,270
98,54,0,0,0,4,9,30050,63.916,-33.521,109.219,72.172,-0.483,270
98,54,0,0,0,4,10,30048,64.290,-32.498,120.375,72.037,-0.468,270
98,54,0,0,0,4,11,30743,64.090,-31.605,155.694,71.459,-0.458,302
98,54,0,0,0,4,12,30751,64.287,-31.067,169.184,71.400,-0.450,302
98,54,0,0,0,4,13,30748,64.492,-30.506,193.552,71.343,-0.442,302
98,54,0,0,0,4,14,31215,63.991,-33.315,272.353,72.144,-0.480,334
98,54,0,0,0,4,15,31618,63.988,-31.883,309.854,71.491,-0.462,366
98,54,0,0,0,6,0,36633,104.721,-52.138,79.869,116.982,-0.462,439
98,54,0,0,0,6,1,36625,101.939,-54.396,89.637,115.544,-0.490,438
98,54,0,0,0,6,2,36629,103.796,-55.319,91.302,117.617,-0.490,439
98,54,0,0,0,6,3,36637,104.888,-51.565,109.929,116.878,-0.457,439
98,54,0,0,0,6,4,36617,102.390,-53.339,127.040,115.450,-0.480,438
98,54,0,0,0,6,5,36634,104.014,-54.571,129.200,117.460,-0.483,439
98,54,0,0,0,6,6,36622,102.225,-53.725,138.148,115.483,-0.484,438
98,54,0,0,0,6,7,36635,104.666,-52.330,139.618,117.019,-0.464,439
98,54,0,0,0,6,8,37192,101.702,-53.689,140.602,115.003,-0.486,490
98,54,0,0,0,6,9,37198,101.999,-52.995,167.412,114.945,-0.479,490
98,54,0,0,0,6,10,37210,103.653,-54.039,170.316,116.894,-0.481,491
98,54,0,0,0,6,11,37197,101.883,-53.266,170.660,114.967,-0.482,490
98,54,0,0,0,6,12,37207,104.529,-51.024,195.312,116.318,-0.454,491
98,54,0,0,0,6,13,37672,104.502,-52.892,214.922,117.125,-0.469,543
98,54,0,0,0,6,14,38026,101.675,-53.754,311.444,115.010,-0.486,594
98,54,0,0,0,6,15,38022,101.968,-53.066,313.206,114.950,-0.480,594
98,54,0,0,0,8,0,42578,153.917,-79.286,95.826,173.138,-0.476,658
98,54,0,0,0,8,1,42573,155.561,-74.028,118.636,172.277,-0.444,658
98,54,0,0,0,8,2,42570,152.290,-78.402,134.301,171.287,-0.475,657
98,54,0,0,0,8,3,42576,153.954,-79.168,135.772,173.117,-0.475,658
98,54,0,0,0,8,4,43064,155.176,-73.600,178.673,171.746,-0.443,736
98,54,0,0,0,8,5,43063,154.938,-74.363,207.770,171.859,-0.447,736
98,54,0,0,0,8,6,43065,154.627,-75.357,209.493,172.012,-0.453,736
98,54,0,0,0,8,7,43511,152.050,-78.996,272.311,171.347,-0.479,813
98,54,0,0,0,8,8,44199,153.231,-81.479,357.080,173.547,-0.489,970
98,54,0,0,0,8,9,44198,155.587,-73.947,367.841,172.266,-0.444,970
98,54,0,0,0,8,10,44200,155.155,-75.328,388.850,172.474,-0.452,970
98,54,0,0,0,8,11,44194,151.349,-80.733,398.224,171.535,-0.490,969
98,54,0,0,0,8,12,44503,154.336,-76.287,426.773,172.161,-0.459,1048
98,54,0,0,0,8,13,44505,153.852,-77.834,450.457,172.420,-0.468,1048
98,54,0,0,0,8,14,44504,153.773,-78.088,466.452,172.464,-0.470,1048
98,54,0,0,0,8,15,44499,150.972,-80.345,469.424,171.020,-0.489,1047
99,55,0,0,0,2,0,23978,28.936,-12.376,167.073,31.471,-0.404,151
99,55,0,0,0,2,1,23993,30.709,-13.836,175.352,33.682,-0.423,152
99,55,0,0,0,2,2,24002,30.750,-13.108,177.559,33.427,-0.403,152
99,55,0,0,0,2,3,23987,28.601,-13.070,189.375,31.446,-0.429,151
99,55,0,0,0,2,4,23941,28.842,-12.570,195.989,31.462,-0.411,151
99,55,0,0,0,2,5,23979,28.567,-13.141,199.238,31.444,-0.431,151
99,55,0,0,0,2,6,24020,30.696,-14.064,203.495,33.764,-0.430,152
99,55,0,0,0,2,7,23982,28.697,-12.871,205.452,31.451,-0.422,151
99,55,0,0,0,2,8,23990,30.736,-13.353,208.876,33.511,-0.410,152
99,55,0,0,0,2,9,24517,31.221,-13.553,212.181,34.035,-0.410,168
99,55,0,0,0,2,10,24511,31.173,-14.404,218.257,34.340,-0.433,168
99,55,0,0,0,2,11,24512,31.205,-13.835,222.683,34.134,-0.417,168
99,55,0,0,0,2,12,24488,29.058,-13.262,273.794,31.941,-0.428,167
99,55,0,0,0,2,13,24521,31.215,-13.646,278.046,34.068,-0.412,168
99,55,0,0,0,2,14,24809,30.697,-14.046,289.443,33.758,-0.429,184
99,55,0,0,0,2,15,24802,28.843,-12.568,311.068,31.462,-0.411,183
99,55,0,0,0,4,0,30059,65.728,-28.570,84.990,71.668,-0.410,270
99,55,0,0,0,4,1,30056,65.041,-30.446,94.379,71.814,-0.438,270
99,55,0,0,0,4,2,30058,65.349,-29.604,130.001,71.742,-0.425,270
99,55,0,0,0,4,3,30047,65.219,-29.959,132.299,71.771,-0.431,270
99,55,0,0,0,4,4,30750,65.002,-29.112,150.916,71.223,-0.421,302
99,55,0,0,0,4,5,30742,65.225,-28.504,154.916,71.181,-0.412,302
99,55,0,0,0,4,6,30749,65.476,-27.818,193.430,71.140,-0.402,302
99,55,0,0,0,4,7,31222,65.529,-29.113,213.827,71.705,-0.418,334
99,55,0,0,0,4,8,31210,65.873,-28.172,225.185,71.645,-0.404,334
99,55,0,0,0,4,9,31223,67.868,-29.131,232.211,73.856,-0.405,335
99,55,0,0,0,4,10,31219,65.844,-28.253,247.958,71.649,-0.405,334
99,55,0,0,0,4,11,31221,65.805,-28.360,253.817,71.656,-0.407,334
99,55,0,0,0,4,12,31232,67.857,-29.204,255.574,73.874,-0.406,335
99,55,0,0,0,4,13,31611,64.993,-29.136,310.916,71.225,-0.421,366
99,55,0,0,0,4,14,31609,64.594,-30.228,345.856,71.317,-0.438,366
99,55,0,0,0,4,15,31914,64.952,-30.688,372.819,71.837,-0.441,398
99,55,0,0,0,6,0,36631,105.626,-49.024,129.144,116.448,-0.435,439
99,55,0,0,0,6,1,37211,106.077,-45.702,139.143,115.503,-0.407,491
99,55,0,0,0,6,2,36627,106.527,-45.927,139.717,116.006,-0.407,439
99,55,0,0,0,6,3,37209,106.155,-45.431,147.655,115.468,-0.404,491
99,55,0,0,0,6,4,37206,106.318,-44.872,152.963,115.399,-0.399,491
99,55,0,0,0,6,5,37203,106.519,-44.179,205.037,115.317,-0.393,491
99,55,0,0,0,6,6,37674,105.743,-48.623,247.808,116.386,-0.431,543
99,55,0,0,0,6,7,37671,106.688,-45.373,252.071,115.936,-0.402,543
99,55,0,0,0,6,8,37670,105.878,-48.157,263.623,116.315,-0.427,543
99,55,0,0,0,6,9,37675,106.765,-45.109,272.550,115.904,-0.400,543
99,55,0,0,0,6,10,38035,105.389,-48.067,316.415,115.833,-0.428,595
99,55,0,0,0,6,11,38034,105.674,-47.087,318.115,115.690,-0.419,595
99,55,0,0,0,6,12,38033,105.566,-47.458,339.727,115.743,-0.422,595
99,55,0,0,0,6,13,38354,106.043,-47.590,364.626,116.232,-0.422,647
99,55,0,0,0,6,14,38357,105.740,-48.632,367.489,116.388,-0.431,647
99,55,0,0,0,6,15,38358,105.695,-48.788,402.560,116.412,-0.432,647
99,55,0,0,0,8,0,42074,159.193,-67.076,49.285,172.747,-0.399,581
99,55,0,0,0,8,1,42583,159.401,-68.399,84.142,173.456,-0.405,659
99,55,0,0,0,8,2,42574,156.314,-71.621,86.373,171.941,-0.430,658
99,55,0,0,0,8,3,42577,156.826,-69.982,106.924,171.732,-0.420,658
99,55,0,0,0,8,4,42575,156.129,-72.213,119.817,172.020,-0.433,658
99,55,0,0,0,8,5,42579,155.828,-73.176,123.090,172.154,-0.439,658
99,55,0,0,0,8,6,43069,159.169,-67.181,190.855,172.766,-0.399,737
99,55,0,0,0,8,7,43515,158.105,-65.893,215.128,171.287,-0.395,814
99,55,0,0,0,8,8,43518,159.825,-66.522,215.455,173.116,-0.394,815
99,55,0,0,0,8,9,43514,157.460,-67.955,224.594,171.498,-0.407,814
99,55,0,0,0,8,10,43517,159.250,-69.066,227.476,173.582,-0.409,815
99,55,0,0,0,8,11,43513,156.945,-69.601,274.152,171.686,-0.417,814
99,55,0,0,0,8,12,43863,155.508,-72.540,288.659,171.595,-0.436,892
99,55,0,0,0,8,13,44207,159.605,-67.497,375.293,173.290,-0.400,971
99,55,0,0,0,8,14,44201,156.513,-70.984,400.283,171.858,-0.426,970
99,55,0,0,0,8,15,44506,156.869,-68.188,469.107,171.048,-0.410,1048
100,56,0,0,0,2,0,23137,30.198,-10.897,113.286,32.104,-0.346,135
100,56,0,0,0,2,1,23151,31.278,-12.540,116.583,33.698,-0.381,136
100,56,0,0,0,2,2,23108,30.176,-10.942,116.858,32.099,-0.348,135
100,56,0,0,0,2,3,23165,31.346,-11.337,117.996,33.333,-0.347,136
100,56,0,0,0,2,4,23204,31.305,-12.068,118.319,33.550,-0.368,136
100,56,0,0,0,2,5,23207,31.342,-11.401,121.899,33.351,-0.349,136
100,56,0,0,0,2,6,24000,30.806,-12.116,143.948,33.103,-0.375,152
100,56,0,0,0,2,7,23988,29.761,-10.664,187.023,31.613,-0.344,151
100,56,0,0,0,2,8,24009,30.866,-11.060,193.799,32.787,-0.344,152
100,56,0,0,0,2,9,23955,29.326,-11.565,201.536,31.524,-0.376,151
100,56,0,0,0,2,10,23991,30.808,-12.079,210.538,33.091,-0.374,152
100,56,0,0,0,2,11,24522,31.292,-12.286,214.091,33.618,-0.374,168
100,56,0,0,0,2,12,24490,29.829,-11.662,262.139,32.028,-0.373,167
100,56,0,0,0,2,13,24509,31.297,-12.192,275.345,33.588,-0.371,168
100,56,0,0,0,2,14,24487,30.088,-11.125,280.125,32.079,-0.354,167
100,56,0,0,0,2,15,24801,29.240,-11.745,310.343,31.510,-0.382,183
100,56,0,0,0,4,0,30051,66.583,-26.233,85.679,71.564,-0.375,270
100,56,0,0,0,4,1,30067,68.204,-26.972,87.812,73.344,-0.377,271
100,56,0,0,0,4,2,30079,68.482,-25.190,89.479,72.968,-0.352,271
100,56,0,0,0,4,3,30070,68.559,-24.698,93.953,72.872,-0.346,271
100,56,0,0,0,4,4,30063,68.181,-27.121,124.313,73.377,-0.379,271
100,56,0,0,0,4,5,30065,68.488,-25.150,131.458,72.960,-0.352,271
100,56,0,0,0,4,6,30076,68.399,-25.726,131.600,73.077,-0.360,271
100,56,0,0,0,4,7,30757,66.067,-26.203,170.571,71.073,-0.378,302
100,56,0,0,0,4,8,30760,67.712,-26.920,174.642,72.867,-0.378,303
100,56,0,0,0,4,9,30762,67.903,-25.693,201.592,72.601,-0.362,303
100,56,0,0,0,4,10,31224,68.299,-26.364,225.908,73.211,-0.368,335
100,56,0,0,0,4,11,31217,66.409,-26.710,252.781,71.579,-0.382,334
100,56,0,0,0,4,12,31233,68.101,-27.638,259.628,73.495,-0.386,335
100,56,0,0,0,4,13,31228,68.452,-25.380,269.591,73.006,-0.355,335
100,56,0,0,0,4,14,31626,67.793,-26.398,280.374,72.751,-0.371,367
100,56,0,0,0,4,15,31622,67.889,-25.779,303.923,72.619,-0.363,367
100,56,0,0,0,6,0,35980,107.576,-40.544,53.476,114.963,-0.360,387
100,56,0,0,0,6,1,35985,109.386,-41.301,54.463,116.924,-0.361,388
100,56,0,0,0,6,2,35968,106.560,-44.038,61.601,115.301,-0.392,387
100,56,0,0,0,6,3,36636,107.871,-41.302,80.325,115.508,-0.366,439
100,56,0,0,0,6,4,36648,109.762,-42.071,81.825,117.549,-0.366,440
100,56,0,0,0,6,5,36644,110.131,-39.818,132.887,117.108,-0.347,440
100,56,0,0,0,6,6,37212,107.604,-40.448,146.594,114.955,-0.360,491
100,56,0,0,0,6,7,37220,109.383,-41.323,149.311,116.928,-0.361,492
100,56,0,0,0,6,8,37205,107.448,-40.986,204.893,114.999,-0.364,491
100,56,0,0,0,6,9,37208,107.306,-41.473,205.087,115.042,-0.369,491
100,56,0,0,0,6,10,37217,109.310,-41.769,208.406,117.019,-0.365,492
100,56,0,0,0,6,11,37213,109.283,-41.931,208.579,117.051,-0.366,492
100,56,0,0,0,6,12,37679,109.779,-41.968,209.294,117.528,-0.365,544
100,56,0,0,0,6,13,37684,109.768,-42.038,209.421,117.542,-0.366,544
100,56,0,0,0,6,14,37673,108.136,-40.391,241.466,115.433,-0.357,543
100,56,0,0,0,6,15,37677,109.906,-41.191,245.431,117.371,-0.359,544
100,56,0,0,0,8,0,41442,161.300,-60.005,-37.347,172.100,-0.356,503
100,56,0,0,0,8,1,41447,159.967,-65.898,-33.425,173.009,-0.391,503
100,56,0,0,0,8,2,41448,161.368,-59.703,-22.704,172.058,-0.354,503
100,56,0,0,0,8,3,42072,159.864,-64.106,13.878,172.238,-0.381,581
100,56,0,0,0,8,4,42073,159.463,-65.880,33.638,172.536,-0.392,581
100,56,0,0,0,8,5,42584,160.471,-63.667,82.664,172.639,-0.378,659
100,56,0,0,0,8,6,42580,161.401,-59.560,89.468,172.040,-0.354,659
100,56,0,0,0,8,7,42582,159.946,-65.988,97.316,173.024,-0.391,659
100,56,0,0,0,8,8,42581,160.566,-63.247,122.259,172.574,-0.375,659
100,56,0,0,0,8,9,43516,161.662,-58.405,229.077,171.889,-0.347,815
100,56,0,0,0,8,10,43864,159.856,-64.142,304.953,172.245,-0.382,893
100,56,0,0,0,8,11,43865,161.120,-58.556,308.794,171.431,-0.349,893
100,56,0,0,0,8,12,44206,161.120,-60.800,356.149,172.210,-0.361,971
100,56,0,0,0,8,13,44203,159.993,-65.781,358.689,172.988,-0.390,971
100,56,0,0,0,8,14,44205,159.989,-65.800,375.734,172.992,-0.390,971
100,56,0,0,0,8,15,44204,160.259,-64.607,393.783,172.792,-0.383,971
101,57,0,0,0,2,0,21711,30.905,-10.358,58.911,32.595,-0.323,120
101,57,0,0,0,2,1,21492,29.826,-10.529,59.424,31.629,-0.339,119
101,57,0,0,0,2,2,21718,30.875,-10.899,61.361,32.742,-0.339,120
101,57,0,0,0,2,3,21548,29.782,-10.619,61.472,31.619,-0.343,119
101,57,0,0,0,2,4,21666,30.871,-10.956,63.881,32.758,-0.341,120
101,57,0,0,0,2,5,23174,31.425,-9.934,72.862,32.958,-0.306,136
101,57,0,0,0,2,6,23130,30.328,-10.626,74.957,32.136,-0.337,135
101,57,0,0,0,2,7,23208,31.370,-10.908,77.416,33.212,-0.335,136
101,57,0,0,0,2,8,23172,31.416,-10.092,94.729,32.997,-0.311,136
101,57,0,0,0,2,9,23189,31.405,-10.285,97.689,33.046,-0.316,136
101,57,0,0,0,2,10,23161,31.389,-10.564,115.498,33.119,-0.325,136
101,57,0,0,0,2,11,23199,31.430,-9.845,130.780,32.936,-0.304,136
101,57,0,0,0,2,12,24014,30.912,-10.227,140.119,32.560,-0.320,152
101,57,0,0,0,2,13,24806,29.827,-10.525,280.619,31.630,-0.339,183
101,57,0,0,0,2,14,24807,29.934,-10.304,303.779,31.658,-0.332,183
101,57,0,0,0,2,15,24811,30.892,-10.594,313.380,32.658,-0.330,184
101,57,0,0,0,4,0,28097,68.622,-24.290,-44.389,72.794,-0.340,207
101,57,0,0,0,4,1,28103,68.981,-21.986,-42.353,72.400,-0.309,207
101,57,0,0,0,4,2,28079,68.910,-22.439,-31.872,72.472,-0.315,207
101,57,0,0,0,4,3,28105,68.928,-22.324,-13.005,72.453,-0.313,207
101,57,0,0,0,4,4,28112,68.628,-24.255,-7.384,72.788,-0.340,207
101,57,0,0,0,4,5,29224,68.211,-23.713,5.441,72.215,-0.335,239
101,57,0,0,0,4,6,29207,68.178,-23.924,48.232,72.254,-0.337,239
101,57,0,0,0,4,7,29199,68.115,-24.329,59.848,72.330,-0.343,239
101,57,0,0,0,4,8,30073,68.933,-22.294,85.819,72.449,-0.313,271
101,57,0,0,0,4,9,30081,68.793,-23.195,88.283,72.598,-0.325,271
101,57,0,0,0,4,10,30071,68.843,-22.871,128.818,72.543,-0.321,271
101,57,0,0,0,4,11,30078,69.018,-21.751,130.350,72.364,-0.305,271
101,57,0,0,0,4,12,30766,68.237,-23.544,153.131,72.185,-0.332,303
101,57,0,0,0,4,13,30764,68.278,-23.283,159.345,72.139,-0.329,303
101,57,0,0,0,4,14,30772,68.254,-23.438,170.297,72.166,-0.331,303
101,57,0,0,0,4,15,30771,68.118,-24.313,197.121,72.327,-0.343,303
101,57,0,0,0,6,0,35988,109.868,-38.353,20.823,116.370,-0.336,388
101,57,0,0,0,6,1,35993,109.927,-37.996,31.042,116.308,-0.333,388
101,57,0,0,0,6,2,35987,109.831,-38.581,43.623,116.410,-0.338,388
101,57,0,0,0,6,3,36647,111.112,-33.817,77.869,116.144,-0.295,440
101,57,0,0,0,6,4,36639,110.210,-39.333,134.564,117.018,-0.343,440
101,57,0,0,0,6,5,36649,110.495,-37.588,139.515,116.713,-0.328,440
101,57,0,0,0,6,6,37221,109.959,-37.799,140.077,116.275,-0.331,492
101,57,0,0,0,6,7,37218,110.357,-35.363,148.566,115.885,-0.310,492
101,57,0,0,0,6,8,37216,110.208,-36.276,201.859,116.025,-0.318,492
101,57,0,0,0,6,9,37215,109.920,-38.038,208.446,116.315,-0.333,492
101,57,0,0,0,6,10,37680,110.392,-38.219,209.366,116.821,-0.333,544
101,57,0,0,0,6,11,37682,110.633,-36.744,214.064,116.575,-0.321,544
101,57,0,0,0,6,12,37681,110.900,-35.113,265.842,116.326,-0.307,544
101,57,0,0,0,6,13,37676,110.789,-35.790,275.695,116.426,-0.312,544
101,57,0,0,0,6,14,38038,110.575,-34.033,311.917,115.694,-0.299,596
101,57,0,0,0,6,15,38635,110.328,-35.545,473.044,115.913,-0.312,700
101,57,0,0,0,8,0,42083,164.475,-51.239,31.836,172.271,-0.302,582
101,57,0,0,0,8,1,42077,164.521,-50.919,62.173,172.220,-0.300,582
101,57,0,0,0,8,2,43067,162.190,-53.828,181.546,170.889,-0.320,737
101,57,0,0,0,8,3,43071,163.952,-54.899,183.611,172.899,-0.323,738
101,57,0,0,0,8,4,43068,162.252,-53.555,196.286,170.862,-0.319,737
101,57,0,0,0,8,5,43075,164.080,-54.005,198.430,172.739,-0.318,738
101,57,0,0,0,8,6,43066,161.609,-56.397,200.903,171.167,-0.336,737
101,57,0,0,0,8,7,43076,164.636,-50.117,203.050,172.095,-0.295,738
101,57,0,0,0,8,8,43519,162.318,-55.504,220.657,171.545,-0.329,815
101,57,0,0,0,8,9,43520,164.962,-51.329,241.095,172.763,-0.302,816
101,57,0,0,0,8,10,43869,164.579,-50.513,305.148,172.156,-0.298,894
101,57,0,0,0,8,11,44202,162.486,-54.764,418.867,171.466,-0.325,971
101,57,0,0,0,8,12,44510,163.823,-55.805,423.024,173.067,-0.328,1050
101,57,0,0,0,8,13,44511,164.635,-50.124,436.082,172.096,-0.296,1050
101,57,0,0,0,8,14,44508,162.152,-53.995,461.398,170.906,-0.321,1049
101,57,0,0,0,8,15,44512,163.973,-54.756,466.735,172.874,-0.322,1050
102,58,0,0,1,2,0,23164,31.515,-8.331,70.688,32.598,-0.258,136
102,58,0,0,1,2,1,23154,31.504,-8.524,75.223,32.637,-0.264,136
102,58,0,0,1,2,2,23193,31.507,-8.477,86.728,32.628,-0.263,136
102,58,0,0,1,2,3,23163,31.521,-8.225,99.295,32.577,-0.255,136
102,58,0,0,1,2,4,23194,31.531,-8.046,121.298,32.542,-0.250,136
102,58,0,0,1,2,5,23186,31.456,-9.384,123.937,32.826,-0.290,136
102,58,0,0,1,2,6,23200,31.538,-7.925,126.631,32.519,-0.246,136
102,58,0,0,1,2,7,23999,30.998,-8.704,148.124,32.197,-0.274,152
102,58,0,0,1,2,8,24015,30.968,-9.236,164.357,32.316,-0.290,152
102,58,0,0,1,2,9,24515,31.520,-8.247,241.760,32.581,-0.256,168
102,58,0,0,1,2,10,24499,31.507,-8.473,242.515,32.627,-0.263,168
102,58,0,0,1,2,11,24503,31.504,-8.525,268.847,32.637,-0.264,168
102,58,0,0,1,2,12,24523,31.510,-8.431,269.964,32.618,-0.261,168
102,58,0,0,1,2,13,24508,31.493,-8.728,273.798,32.680,-0.270,168
102,58,0,0,1,2,14,24514,31.492,-8.739,276.706,32.682,-0.271,168
102,58,0,0,1,2,15,24812,30.982,-8.990,295.468,32.260,-0.282,184
102,58,0,0,1,4,0,29196,68.791,-19.992,66.847,71.637,-0.283,239
102,58,0,0,1,4,1,30068,69.143,-20.950,92.125,72.247,-0.294,271
102,58,0,0,1,4,2,30062,69.407,-19.252,105.675,72.028,-0.271,271
102,58,0,0,1,4,3,30069,69.515,-18.559,108.577,71.950,-0.261,271
102,58,0,0,1,4,4,30075,69.379,-19.430,127.545,72.049,-0.273,271
102,58,0,0,1,4,5,30774,68.724,-20.422,145.651,71.694,-0.289,303
102,58,0,0,1,4,6,30773,69.129,-17.821,150.879,71.389,-0.252,303
102,58,0,0,1,4,7,30768,68.986,-18.737,156.907,71.485,-0.265,303
102,58,0,0,1,4,8,30769,68.917,-19.180,163.789,71.536,-0.271,303
102,58,0,0,1,4,9,30761,68.824,-19.776,192.239,71.609,-0.280,303
102,58,0,0,1,4,10,30759,69.003,-18.631,204.963,71.474,-0.264,303
102,58,0,0,1,4,11,31226,69.661,-17.620,280.613,71.855,-0.248,335
102,58,0,0,1,4,12,31623,69.155,-17.652,293.842,71.372,-0.250,367
102,58,0,0,1,4,13,31625,69.052,-18.315,294.045,71.440,-0.259,367
102,58,0,0,1,4,14,31621,68.775,-20.091,328.589,71.650,-0.284,367
102,58,0,0,1,4,15,31923,69.531,-18.453,413.532,71.938,-0.259,399
102,58,0,0,1,6,0,35200,111.321,-32.540,-16.107,115.979,-0.284,336
102,58,0,0,1,6,1,35194,111.806,-29.574,-11.684,115.651,-0.259,336
102,58,0,0,1,6,2,35990,110.940,-31.802,18.347,115.408,-0.279,388
102,58,0,0,1,6,3,36646,111.752,-29.904,98.676,115.684,-0.261,440
102,58,0,0,1,6,4,36642,112.009,-28.331,113.472,115.536,-0.248,440
102,58,0,0,1,6,5,36650,111.845,-29.335,125.254,115.628,-0.257,440
102,58,0,0,1,6,6,36645,111.620,-30.707,136.455,115.767,-0.268,440
102,58,0,0,1,6,7,37214,110.963,-31.657,174.539,115.390,-0.278,492
102,58,0,0,1,6,8,37219,110.796,-32.680,207.884,115.515,-0.287,492
102,58,0,0,1,6,9,37683,111.958,-28.640,242.023,115.563,-0.250,544
102,58,0,0,1,6,10,37688,114.004,-29.243,246.411,117.695,-0.251,545
102,58,0,0,1,6,11,37678,111.530,-31.261,255.233,115.828,-0.273,544
102,58,0,0,1,6,12,38037,110.794,-32.690,329.760,115.516,-0.287,596
102,58,0,0,1,6,13,38036,110.989,-31.500,332.260,115.373,-0.277,596
102,58,0,0,1,6,14,38360,111.131,-33.702,372.918,116.129,-0.294,648
102,58,0,0,1,6,15,38361,111.870,-29.183,411.097,115.614,-0.255,648
102,58,0,0,1,8,0,43070,164.981,-47.697,192.214,171.738,-0.281,738
102,58,0,0,1,8,1,43870,165.405,-44.730,286.073,171.346,-0.264,894
102,58,0,0,1,8,2,43867,165.368,-44.990,295.507,171.379,-0.266,894
102,58,0,0,1,8,3,43871,165.398,-44.784,308.349,171.354,-0.264,894
102,58,0,0,1,8,4,43866,165.263,-45.724,319.233,171.472,-0.270,894
102,58,0,0,1,8,5,44210,165.263,-49.226,349.970,172.438,-0.289,972
102,58,0,0,1,8,6,43868,164.805,-48.931,350.051,171.916,-0.289,894
102,58,0,0,1,8,7,44209,165.776,-45.637,358.613,171.943,-0.269,972
102,58,0,0,1,8,8,44213,165.861,-45.039,364.447,171.867,-0.265,972
102,58,0,0,1,8,9,44208,166.237,-42.410,369.867,171.562,-0.250,972
102,58,0,0,1,8,10,44212,165.876,-44.936,378.090,171.855,-0.265,972
102,58,0,0,1,8,11,44214,165.404,-48.243,380.434,172.296,-0.284,972
102,58,0,0,1,8,12,44211,165.245,-49.354,408.589,172.458,-0.290,972
102,58,0,0,1,8,13,44513,165.051,-47.207,419.722,171.669,-0.279,1050
102,58,0,0,1,8,14,44515,164.726,-49.481,436.092,171.997,-0.292,1050
102,58,0,0,1,8,15,44514,165.833,-41.740,451.093,171.005,-0.247,1050
103,58,0,1,1,2,0,23164,31.515,-8.331,70.688,32.598,-0.258,136
103,58,0,1,1,2,1,23154,31.504,-8.524,75.223,32.637,-0.264,136
103,58,0,1,1,2,2,23193,31.507,-8.477,86.728,32.628,-0.263,136
103,58,0,1,1,2,3,23163,31.521,-8.225,99.295,32.577,-0.255,136
103,58,0,1,1,2,4,23194,31.531,-8.046,121.298,32.542,-0.250,136
103,58,0,1,1,2,5,23186,31.456,-9.384,123.937,32.826,-0.290,136
103,58,0,1,1,2,6,23200,31.538,-7.925,126.631,32.519,-0.246,136
103,58,0,1,1,2,7,23999,30.998,-8.704,148.124,32.197,-0.274,152
103,58,0,1,1,2,8,24015,30.968,-9.236,164.357,32.316,-0.290,152
103,58,0,1,1,2,9,24515,31.520,-8.247,241.760,32.581,-0.256,168
103,58,0,1,1,2,10,24499,31.507,-8.473,242.515,32.627,-0.263,168
103,58,0,1,1,2,11,24503,31.504,-8.525,268.847,32.637,-0.264,168
103,58,0,1,1,2,12,24523,31.510,-8.431,269.964,32.618,-0.261,168
103,58,0,1,1,2,13,24508,31.493,-8.728,273.798,32.680,-0.270,168
103,58,0,1,1,2,14,24514,31.492,-8.739,276.706,32.682,-0.271,168
103,58,0,1,1,2,15,24812,30.982,-8.990,295.468,32.260,-0.282,184
103,58,0,1,1,4,0,29202,68.711,-20.505,10.402,71.705,-0.290,239
103,58,0,1,1,4,1,29201,68.990,-18.713,15.228,71.483,-0.265,239
103,58,0,1,1,4,2,29197,69.090,-18.068,40.671,71.414,-0.256,239
103,58,0,1,1,4,3,29213,68.699,-20.582,60.513,71.716,-0.291,239
103,58,0,1,1,4,4,29196,68.791,-19.992,66.847,71.637,-0.283,239
103,58,0,1,1,4,5,30068,69.143,-20.950,92.125,72.247,-0.294,271
103,58,0,1,1,4,6,30062,69.407,-19.252,105.675,72.028,-0.271,271
103,58,0,1,1,4,7,30069,69.515,-18.559,108.577,71.950,-0.261,271
103,58,0,1,1,4,8,30075,69.379,-19.430,127.545,72.049,-0.273,271
103,58,0,1,1,4,9,30774,68.724,-20.422,145.651,71.694,-0.289,303
103,58,0,1,1,4,10,30773,69.129,-17.821,150.879,71.389,-0.252,303
103,58,0,1,1,4,11,30768,68.986,-18.737,156.907,71.485,-0.265,303
103,58,0,1,1,4,12,30769,68.917,-19.180,163.789,71.536,-0.271,303
103,58,0,1,1,4,13,30761,68.824,-19.776,192.239,71.609,-0.280,303
103,58,0,1,1,4,14,30759,69.003,-18.631,204.963,71.474,-0.264,303
103,58,0,1,1,4,15,31226,69.661,-17.620,280.613,71.855,-0.248,335
103,58,0,1,1,6,0,34452,111.044,-31.162,-121.982,115.333,-0.274,284
103,58,0,1,1,6,1,34449,110.726,-33.111,-114.960,115.571,-0.291,284
103,58,0,1,1,6,2,34450,110.976,-31.579,-74.698,115.382,-0.277,284
103,58,0,1,1,6,3,35202,111.276,-32.812,-68.628,116.013,-0.287,336
103,58,0,1,1,6,4,35195,111.478,-31.577,-64.561,115.864,-0.276,336
103,58,0,1,1,6,5,35201,111.193,-33.322,-20.611,116.078,-0.291,336
103,58,0,1,1,6,6,35200,111.321,-32.540,-16.107,115.979,-0.284,336
103,58,0,1,1,6,7,35194,111.806,-29.574,-11.684,115.651,-0.259,336
103,58,0,1,1,6,8,35990,110.940,-31.802,18.347,115.408,-0.279,388
103,58,0,1,1,6,9,36646,111.752,-29.904,98.676,115.684,-0.261,440
103,58,0,1,1,6,10,36642,112.009,-28.331,113.472,115.536,-0.248,440
103,58,0,1,1,6,11,36650,111.845,-29.335,125.254,115.628,-0.257,440
103,58,0,1,1,6,12,36645,111.620,-30.707,136.455,115.767,-0.268,440
103,58,0,1,1,6,13,37214,110.963,-31.657,174.539,115.390,-0.278,492
103,58,0,1,1,6,14,37219,110.796,-32.680,207.884,115.515,-0.287,492
103,58,0,1,1,6,15,37683,111.958,-28.640,242.023,115.563,-0.250,544
103,58,0,1,1,8,0,40845,165.633,-43.138,-121.187,171.158,-0.255,426
103,58,0,1,1,8,1,40842,164.801,-48.956,-112.865,171.919,-0.289,426
103,58,0,1,1,8,2,40847,165.506,-44.029,-101.915,171.262,-0.260,426
103,58,0,1,1,8,3,40846,164.888,-48.349,-95.730,171.830,-0.285,426
103,58,0,1,1,8,4,41457,165.450,-47.919,-60.865,172.250,-0.282,504
103,58,0,1,1,8,5,41452,165.754,-45.793,-44.497,171.963,-0.270,504
103,58,0,1,1,8,6,41455,165.906,-44.727,-30.254,171.829,-0.263,504
103,58,0,1,1,8,7,42075,164.745,-49.353,28.897,171.979,-0.291,582
103,58,0,1,1,8,8,42081,165.376,-44.934,57.925,171.372,-0.265,582
103,58,0,1,1,8,9,42079,164.902,-48.254,68.006,171.817,-0.285,582
103,58,0,1,1,8,10,42585,166.149,-43.024,113.262,171.629,-0.253,660
103,58,0,1,1,8,11,42587,166.226,-42.485,115.259,171.569,-0.250,660
103,58,0,1,1,8,12,42589,168.261,-42.721,116.635,173.600,-0.249,661
103,58,0,1,1,8,13,43073,165.272,-45.662,158.720,171.464,-0.270,738
103,58,0,1,1,8,14,43072,164.871,-48.473,181.964,171.849,-0.286,738
103,58,0,1,1,8,15,43070,164.981,-47.697,192.214,171.738,-0.281,738
104,58,0,2,0,2,0,23164,31.515,-8.331,70.688,32.598,-0.258,136
104,58,0,2,0,2,1,23154,31.504,-8.524,75.223,32.637,-0.264,136
104,58,0,2,0,2,2,23193,31.507,-8.477,86.728,32.628,-0.263,136
104,58,0,2,0,2,3,23163,31.521,-8.225,99.295,32.577,-0.255,136
104,58,0,2,0,2,4,23194,31.531,-8.046,121.298,32.542,-0.250,136
104,58,0,2,0,2,5,23186,31.456,-9.384,123.937,32.826,-0.290,136
104,58,0,2,0,2,6,23200,31.538,-7.925,126.631,32.519,-0.246,136
104,58,0,2,0,2,7,23999,30.998,-8.704,148.124,32.197,-0.274,152
104,58,0,2,0,2,8,24015,30.968,-9.236,164.357,32.316,-0.290,152
104,58,0,2,0,2,9,24515,31.520,-8.247,241.760,32.581,-0.256,168
104,58,0,2,0,2,10,24499,31.507,-8.473,242.515,32.627,-0.263,168
104,58,0,2,0,2,11,24503,31.504,-8.525,268.847,32.637,-0.264,168
104,58,0,2,0,2,12,24523,31.510,-8.431,269.964,32.618,-0.261,168
104,58,0,2,0,2,13,24508,31.493,-8.728,273.798,32.680,-0.270,168
104,58,0,2,0,2,14,24514,31.492,-8.739,276.706,32.682,-0.271,168
104,58,0,2,0,2,15,24812,30.982,-8.990,295.468,32.260,-0.282,184
104,58,0,2,0,4,0,28086,69.312,-19.861,-6.015,72.102,-0.279,207
104,58,0,2,0,4,1,29208,68.909,-19.231,1.447,71.542,-0.272,239
104,58,0,2,0,4,2,29205,69.031,-18.446,7.941,71.454,-0.261,239
104,58,0,2,0,4,3,29202,68.711,-20.505,10.402,71.705,-0.290,239
104,58,0,2,0,4,4,29201,68.990,-18.713,15.228,71.483,-0.265,239
104,58,0,2,0,4,5,29197,69.090,-18.068,40.671,71.414,-0.256,239
104,58,0,2,0,4,6,29213,68.699,-20.582,60.513,71.716,-0.291,239
104,58,0,2,0,4,7,29196,68.791,-19.992,66.847,71.637,-0.283,239
104,58,0,2,0,4,8,30068,69.143,-20.950,92.125,72.247,-0.294,271
104,58,0,2,0,4,9,30062,69.407,-19.252,105.675,72.028,-0.271,271
104,58,0,2,0,4,10,30069,69.515,-18.559,108.577,71.950,-0.261,271
104,58,0,2,0,4,11,30075,69.379,-19.430,127.545,72.049,-0.273,271
104,58,0,2,0,4,12,30774,68.724,-20.422,145.651,71.694,-0.289,303
104,58,0,2,0,4,13,30773,69.129,-17.821,150.879,71.389,-0.252,303
104,58,0,2,0,4,14,30768,68.986,-18.737,156.907,71.485,-0.265,303
104,58,0,2,0,4,15,30769,68.917,-19.180,163.789,71.536,-0.271,303
104,58,0,2,0,6,0,33863,111.688,-30.291,-185.357,115.723,-0.265,232
104,58,0,2,0,6,1,33866,111.840,-29.365,-176.136,115.631,-0.257,232
104,58,0,2,0,6,2,33871,111.216,-33.178,-153.766,116.059,-0.290,232
104,58,0,2,0,6,3,33862,111.767,-29.811,-143.900,115.674,-0.261,232
104,58,0,2,0,6,4,33868,111.331,-32.478,-143.362,115.972,-0.284,232
104,58,0,2,0,6,5,34444,111.154,-30.491,-124.286,115.260,-0.268,284
104,58,0,2,0,6,6,34452,111.044,-31.162,-121.982,115.333,-0.274,284
104,58,0,2,0,6,7,34449,110.726,-33.111,-114.960,115.571,-0.291,284
104,58,0,2,0,6,8,34450,110.976,-31.579,-74.698,115.382,-0.277,284
104,58,0,2,0,6,9,35202,111.276,-32.812,-68.628,116.013,-0.287,336
104,58,0,2,0,6,10,35195,111.478,-31.577,-64.561,115.864,-0.276,336
104,58,0,2,0,6,11,35201,111.193,-33.322,-20.611,116.078,-0.291,336
104,58,0,2,0,6,12,35200,111.321,-32.540,-16.107,115.979,-0.284,336
104,58,0,2,0,6,13,35194,111.806,-29.574,-11.684,115.651,-0.259,336
104,58,0,2,0,6,14,35990,110.940,-31.802,18.347,115.408,-0.279,388
104,58,0,2,0,6,15,36646,111.752,-29.904,98.676,115.684,-0.261,440
104,58,0,2,0,8,0,39493,165.617,-46.748,-330.913,172.088,-0.275,192
104,58,0,2,0,8,1,39878,164.859,-48.553,-264.254,171.860,-0.286,270
104,58,0,2,0,8,2,39876,165.201,-46.159,-256.941,171.528,-0.272,270
104,58,0,2,0,8,3,39877,164.959,-47.856,-229.674,171.761,-0.282,270
104,58,0,2,0,8,4,39875,165.311,-45.390,-218.539,171.429,-0.268,270
104,58,0,2,0,8,5,40321,165.234,-49.430,-210.849,172.469,-0.291,348
104,58,0,2,0,8,6,39881,165.270,-45.677,-210.550,171.466,-0.270,270
104,58,0,2,0,8,7,39879,164.747,-49.334,-210.308,171.975,-0.291,270
104,58,0,2,0,8,8,40325,165.562,-47.132,-207.627,172.140,-0.277,348
104,58,0,2,0,8,9,40320,166.118,-43.245,-194.434,171.655,-0.255,348
104,58,0,2,0,8,10,40328,165.684,-46.282,-182.232,172.027,-0.272,348
104,58,0,2,0,8,11,40327,165.149,-50.025,-182.155,172.559,-0.294,348
104,58,0,2,0,8,12,40324,165.605,-46.832,-149.225,172.100,-0.276,348
104,58,0,2,0,8,13,40323,165.626,-46.688,-139.477,172.081,-0.275,348
104,58,0,2,0,8,14,40843,165.152,-46.504,-139.054,171.574,-0.274,426
104,58,0,2,0,8,15,40845,165.633,-43.138,-121.187,171.158,-0.255,426
105,59,0,0,0,2,0,21687,31.072,-7.404,56.614,31.942,-0.234,120
105,59,0,0,0,2,1,21671,31.134,-6.295,64.432,31.764,-0.199,120
105,59,0,0,0,2,2,21635,31.090,-7.089,69.714,31.887,-0.224,120
105,59,0,0,0,2,3,23187,31.579,-7.207,70.743,32.391,-0.224,136
105,59,0,0,0,2,4,23156,31.548,-7.746,94.596,32.485,-0.241,136
105,59,0,0,0,2,5,23176,31.571,-7.341,95.189,32.413,-0.228,136
105,59,0,0,0,2,6,23188,31.559,-7.548,107.790,32.450,-0.235,136
105,59,0,0,0,2,7,23162,31.595,-6.924,115.351,32.345,-0.216,136
105,59,0,0,0,2,8,23205,31.612,-6.619,120.323,32.297,-0.206,136
105,59,0,0,0,2,9,23178,31.628,-6.325,129.306,32.255,-0.197,136
105,59,0,0,0,2,10,23171,31.561,-7.514,133.123,32.444,-0.234,136
105,59,0,0,0,2,11,23192,31.620,-6.482,134.961,32.277,-0.202,136
105,59,0,0,0,2,12,23159,31.599,-6.838,139.917,32.331,-0.213,136
105,59,0,0,0,2,13,24016,31.101,-6.888,177.652,31.854,-0.218,152
105,59,0,0,0,2,14,24510,31.589,-7.030,216.599,32.361,-0.219,168
105,59,0,0,0,2,15,24507,31.564,-7.476,235.717,32.437,-0.233,168
105,59,0,0,0,4,0,29200,69.230,-17.175,64.093,71.328,-0.243,239
105,59,0,0,0,4,1,30074,69.865,-16.314,81.813,71.744,-0.229,271
105,59,0,0,0,4,2,30082,70.033,-15.233,84.907,71.671,-0.214,271
105,59,0,0,0,4,3,30085,72.237,-15.080,103.000,73.794,-0.206,272
105,59,0,0,0,4,4,30077,70.089,-14.872,105.003,71.650,-0.209,271
105,59,0,0,0,4,5,30103,72.241,-15.188,108.269,73.821,-0.207,272
105,59,0,0,0,4,6,30064,70.147,-14.502,109.597,71.630,-0.204,271
105,59,0,0,0,4,7,30763,69.562,-15.038,150.338,71.169,-0.213,303
105,59,0,0,0,4,8,30767,69.306,-16.684,150.766,71.286,-0.236,303
105,59,0,0,0,4,9,30765,69.383,-16.191,163.809,71.247,-0.229,303
105,59,0,0,0,4,10,31235,70.077,-14.953,216.295,71.654,-0.210,335
105,59,0,0,0,4,11,31234,69.741,-17.107,217.079,71.809,-0.241,335
105,59,0,0,0,4,12,31238,72.248,-15.337,223.097,73.858,-0.209,336
105,59,0,0,0,4,13,31225,69.966,-15.661,238.931,71.698,-0.220,335
105,59,0,0,0,4,14,31229,69.803,-16.709,255.353,71.775,-0.235,335
105,59,0,0,0,4,15,31230,69.724,-17.215,274.674,71.818,-0.242,335
105,59,0,0,0,6,0,36653,114.241,-23.498,81.098,116.633,-0.203,441
105,59,0,0,0,6,1,36640,112.248,-26.871,98.206,115.420,-0.235,440
105,59,0,0,0,6,2,36655,114.095,-27.031,99.795,117.253,-0.233,441
105,59,0,0,0,6,3,36657,114.201,-24.452,105.649,116.789,-0.211,441
105,59,0,0,0,6,4,36643,112.107,-27.729,131.695,115.485,-0.242,440
105,59,0,0,0,6,5,36659,114.040,-28.365,133.863,117.515,-0.244,441
105,59,0,0,0,6,6,37225,113.653,-25.740,210.413,116.531,-0.223,493
105,59,0,0,0,6,7,37687,114.146,-25.787,211.347,117.022,-0.222,545
105,59,0,0,0,6,8,37690,114.122,-26.380,240.451,117.131,-0.227,545
105,59,0,0,0,6,9,37694,114.111,-26.643,250.803,117.180,-0.229,545
105,59,0,0,0,6,10,37689,114.263,-22.960,265.252,116.547,-0.198,545
105,59,0,0,0,6,11,37692,114.184,-24.873,279.315,116.862,-0.214,545
105,59,0,0,0,6,12,38039,113.731,-23.857,292.257,116.206,-0.207,597
105,59,0,0,0,6,13,38040,113.651,-25.776,294.607,116.537,-0.223,597
105,59,0,0,0,6,14,38362,114.137,-26.024,352.973,117.066,-0.224,649
105,59,0,0,0,6,15,38367,114.178,-25.014,358.065,116.886,-0.216,649
105,59,0,0,0,8,0,42076,166.033,-40.336,65.358,170.862,-0.238,582
105,59,0,0,0,8,1,42087,167.877,-40.897,66.185,172.787,-0.239,583
105,59,0,0,0,8,2,42586,166.576,-40.037,73.019,171.320,-0.236,660
105,59,0,0,0,8,3,42591,168.581,-37.509,73.271,172.703,-0.219,661
105,59,0,0,0,8,4,42592,168.391,-40.610,73.871,173.219,-0.237,661
105,59,0,0,0,8,5,42588,168.819,-33.643,78.002,172.139,-0.197,661
105,59,0,0,0,8,6,42590,168.610,-37.038,114.131,172.630,-0.216,661
105,59,0,0,0,8,7,43077,168.268,-34.533,173.329,171.775,-0.202,739
105,59,0,0,0,8,8,43079,168.173,-36.078,201.949,171.999,-0.211,739
105,59,0,0,0,8,9,43074,166.072,-40.066,202.595,170.837,-0.237,738
105,59,0,0,0,8,10,43873,167.990,-39.054,280.378,172.470,-0.228,895
105,59,0,0,0,8,11,43874,168.055,-37.996,283.616,172.297,-0.222,895
105,59,0,0,0,8,12,44215,168.498,-38.869,384.970,172.923,-0.227,973
105,59,0,0,0,8,13,44216,168.725,-35.171,417.994,172.352,-0.206,973
105,59,0,0,0,8,14,44518,168.032,-38.371,462.053,172.357,-0.225,1051
105,59,0,0,0,8,15,44516,167.843,-41.456,466.463,172.887,-0.242,1051
106,60,0,0,0,2,0,21720,31.170,-5.660,10.501,31.680,-0.180,120
106,60,0,0,0,2,1,21644,31.197,-5.176,13.504,31.624,-0.164,120
106,60,0,0,0,2,2,21645,31.211,-4.929,14.145,31.598,-0.157,120
106,60,0,0,0,2,3,21679,31.158,-5.876,15.562,31.707,-0.186,120
106,60,0,0,0,2,4,21702,31.165,-5.756,30.756,31.692,-0.183,120
106,60,0,0,0,2,5,21727,31.153,-5.966,32.683,31.719,-0.189,120
106,60,0,0,0,2,6,21656,31.223,-4.730,37.361,31.579,-0.150,120
106,60,0,0,0,2,7,21686,31.155,-5.930,42.471,31.714,-0.188,120
106,60,0,0,0,2,8,21643,31.189,-5.319,52.514,31.640,-0.169,120
106,60,0,0,0,2,9,23197,31.631,-6.273,72.734,32.247,-0.196,136
106,60,0,0,0,2,10,23184,31.711,-4.869,135.589,32.082,-0.152,136
106,60,0,0,0,2,11,23997,31.183,-5.426,144.757,31.652,-0.172,152
106,60,0,0,0,2,12,24003,31.225,-4.679,154.573,31.574,-0.149,152
106,60,0,0,0,2,13,24004,31.223,-4.728,180.832,31.579,-0.150,152
106,60,0,0,0,2,14,24011,31.196,-5.198,183.123,31.626,-0.165,152
106,60,0,0,0,2,15,24021,31.190,-5.310,190.060,31.639,-0.169,152
106,60,0,0,0,4,0,29258,71.555,-10.619,32.828,72.338,-0.147,240
106,60,0,0,0,4,1,29204,69.792,-13.566,54.120,71.098,-0.192,239
106,60,0,0,0,4,2,29250,71.695,-13.974,55.275,73.044,-0.192,240
106,60,0,0,0,4,3,29264,71.570,-10.993,70.437,72.409,-0.152,240
106,60,0,0,0,4,4,30098,72.067,-11.015,70.873,72.904,-0.152,272
106,60,0,0,0,4,5,30083,72.134,-12.633,74.947,73.232,-0.173,272
106,60,0,0,0,4,6,30072,70.408,-12.828,103.503,71.567,-0.180,271
106,60,0,0,0,4,7,30090,72.146,-12.904,105.181,73.291,-0.177,272
106,60,0,0,0,4,8,30066,70.277,-13.668,131.794,71.594,-0.192,271
106,60,0,0,0,4,9,30094,72.186,-13.869,135.443,73.506,-0.190,272
106,60,0,0,0,4,10,30770,69.876,-13.026,151.795,71.080,-0.184,303
106,60,0,0,0,4,11,30783,71.667,-13.314,155.493,72.894,-0.184,304
106,60,0,0,0,4,12,30778,71.615,-12.071,183.199,72.625,-0.167,304
106,60,0,0,0,4,13,30780,71.603,-11.763,201.747,72.562,-0.163,304
106,60,0,0,0,4,14,31237,72.099,-11.790,219.055,73.057,-0.162,336
106,60,0,0,0,4,15,31231,70.275,-13.676,249.427,71.594,-0.192,335
106,60,0,0,0,6,0,36019,113.983,-17.738,16.224,115.355,-0.154,389
106,60,0,0,0,6,1,36020,113.998,-17.386,28.100,115.316,-0.151,389
106,60,0,0,0,6,2,35997,114.015,-16.962,35.786,115.270,-0.148,389
106,60,0,0,0,6,3,36003,114.009,-17.104,43.984,115.285,-0.149,389
106,60,0,0,0,6,4,36014,113.831,-21.429,48.143,115.830,-0.186,389
106,60,0,0,0,6,5,36021,113.913,-19.447,52.344,115.561,-0.169,389
106,60,0,0,0,6,6,36005,113.889,-20.020,63.627,115.635,-0.174,389
106,60,0,0,0,6,7,36654,114.366,-20.460,74.941,116.182,-0.177,441
106,60,0,0,0,6,8,36651,114.509,-17.011,104.523,115.766,-0.147,441
106,60,0,0,0,6,9,37224,113.843,-21.140,169.873,115.789,-0.184,493
106,60,0,0,0,6,10,37222,113.903,-19.688,170.765,115.592,-0.171,493
106,60,0,0,0,6,11,37227,113.932,-18.975,188.904,115.501,-0.165,493
106,60,0,0,0,6,12,37691,114.304,-21.972,227.165,116.397,-0.190,545
106,60,0,0,0,6,13,37685,114.398,-19.701,243.479,116.082,-0.171,545
106,60,0,0,0,6,14,37693,114.302,-22.019,267.754,116.403,-0.190,545
106,60,0,0,0,6,15,38041,113.850,-20.952,340.606,115.762,-0.182,597
106,60,0,0,0,8,0,42099,170.619,-27.042,46.867,172.749,-0.157,584
106,60,0,0,0,8,1,43082,168.644,-28.417,145.705,171.021,-0.167,739
106,60,0,0,0,8,2,43078,168.723,-27.125,146.611,170.889,-0.159,739
106,60,0,0,0,8,3,43087,170.619,-27.008,148.232,172.743,-0.157,740
106,60,0,0,0,8,4,43081,168.598,-29.171,155.439,171.103,-0.171,739
106,60,0,0,0,8,5,43080,168.380,-32.714,209.960,171.529,-0.192,739
106,60,0,0,0,8,6,43521,168.928,-31.869,273.691,171.908,-0.186,817
106,60,0,0,0,8,7,43875,168.673,-27.938,310.288,170.971,-0.164,895
106,60,0,0,0,8,8,43882,170.636,-27.901,313.845,172.902,-0.162,896
106,60,0,0,0,8,9,43876,168.460,-31.418,319.597,171.365,-0.184,895
106,60,0,0,0,8,10,43872,168.783,-26.156,348.000,170.798,-0.154,895
106,60,0,0,0,8,11,44217,169.272,-26.277,353.716,171.299,-0.154,973
106,60,0,0,0,8,12,44218,169.277,-26.194,356.234,171.292,-0.154,973
106,60,0,0,0,8,13,44222,171.098,-26.156,357.476,173.086,-0.152,974
106,60,0,0,0,8,14,44219,171.102,-26.382,359.983,173.124,-0.153,974
106,60,0,0,0,8,15,44517,168.742,-26.826,419.411,170.861,-0.158,1051
107,61,0,0,1,2,0,21704,31.267,-3.950,26.563,31.515,-0.126,120
107,61,0,0,1,2,1,21650,31.261,-4.043,40.607,31.522,-0.129,120
107,61,0,0,1,2,2,21636,31.269,-3.910,42.480,31.512,-0.124,120
107,61,0,0,1,2,3,21690,31.281,-3.690,44.633,31.498,-0.117,120
107,61,0,0,1,2,4,21652,31.231,-4.574,60.022,31.565,-0.145,120
107,61,0,0,1,2,5,23201,31.775,-3.721,91.151,31.992,-0.117,136
107,61,0,0,1,2,6,23206,31.804,-3.206,94.505,31.966,-0.100,136
107,61,0,0,1,2,7,23158,31.758,-4.035,114.457,32.013,-0.126,136
107,61,0,0,1,2,8,23190,31.785,-3.553,128.778,31.983,-0.111,136
107,61,0,0,1,2,9,23155,31.753,-4.116,136.008,32.019,-0.129,136
107,61,0,0,1,2,10,24005,31.295,-3.444,156.751,31.484,-0.110,152
107,61,0,0,1,2,11,24518,31.736,-4.422,234.809,32.042,-0.138,168
107,61,0,0,1,2,12,24506,31.766,-3.888,259.988,32.003,-0.122,168
107,61,0,0,1,2,13,24501,31.807,-3.157,261.685,31.963,-0.099,168
107,61,0,0,1,2,14,24814,31.301,-3.333,284.140,31.478,-0.106,184
107,61,0,0,1,2,15,24808,31.259,-4.087,285.618,31.525,-0.130,184
107,61,0,0,1,4,0,29242,71.450,-8.130,28.098,71.911,-0.113,240
107,61,0,0,1,4,1,29260,71.432,-7.681,36.230,71.843,-0.107,240
107,61,0,0,1,4,2,29241,71.510,-9.542,69.114,72.143,-0.133,240
107,61,0,0,1,4,3,30084,72.006,-9.555,69.553,72.637,-0.132,272
107,61,0,0,1,4,4,30092,71.943,-8.063,81.949,72.394,-0.112,272
107,61,0,0,1,4,5,30095,71.930,-7.759,102.660,72.348,-0.107,272
107,61,0,0,1,4,6,30088,71.982,-8.985,117.438,72.540,-0.124,272
107,61,0,0,1,4,7,30099,72.041,-10.403,126.997,72.788,-0.143,272
107,61,0,0,1,4,8,30096,71.984,-9.050,136.945,72.551,-0.125,272
107,61,0,0,1,4,9,30776,71.495,-9.184,169.079,72.082,-0.128,304
107,61,0,0,1,4,10,30784,71.538,-10.229,183.785,72.266,-0.142,304
107,61,0,0,1,4,11,31243,71.980,-8.937,245.443,72.532,-0.124,336
107,61,0,0,1,4,12,31240,71.972,-8.748,261.080,72.501,-0.121,336
107,61,0,0,1,4,13,31635,71.537,-10.188,289.981,72.258,-0.141,368
107,61,0,0,1,4,14,31639,71.551,-10.539,309.322,72.323,-0.146,368
107,61,0,0,1,4,15,32193,71.517,-9.732,420.932,72.177,-0.135,432
107,61,0,0,1,6,0,36017,114.025,-16.726,39.998,115.245,-0.146,389
107,61,0,0,1,6,1,36006,114.129,-14.203,43.873,115.009,-0.124,389
107,61,0,0,1,6,2,36023,116.139,-14.512,44.618,117.042,-0.124,390
107,61,0,0,1,6,3,35999,114.175,-13.091,52.150,114.923,-0.114,389
107,61,0,0,1,6,4,36024,116.045,-13.340,52.850,116.809,-0.114,390
107,61,0,0,1,6,5,36670,116.481,-12.570,86.576,117.157,-0.107,442
107,61,0,0,1,6,6,36652,114.524,-16.628,120.157,115.725,-0.144,441
107,61,0,0,1,6,7,37228,114.185,-12.838,182.705,114.904,-0.112,493
107,61,0,0,1,6,8,37233,116.046,-13.346,185.732,116.811,-0.115,494
107,61,0,0,1,6,9,37235,115.948,-12.121,189.672,116.580,-0.104,494
107,61,0,0,1,6,10,37223,114.185,-12.841,190.161,114.905,-0.112,493
107,61,0,0,1,6,11,37226,114.149,-13.709,203.676,114.969,-0.120,493
107,61,0,0,1,6,12,37234,116.083,-13.807,207.192,116.901,-0.118,494
107,61,0,0,1,6,13,37686,114.540,-16.259,215.555,115.688,-0.141,545
107,61,0,0,1,6,14,37697,116.453,-12.220,220.599,117.092,-0.105,546
107,61,0,0,1,6,15,38372,116.468,-12.412,379.765,117.127,-0.106,650
107,61,0,0,1,8,0,42097,170.553,-23.566,64.783,172.173,-0.137,584
107,61,0,0,1,8,1,42593,171.002,-21.158,73.329,172.306,-0.123,662
107,61,0,0,1,8,2,42596,170.999,-21.003,101.597,172.284,-0.122,662
107,61,0,0,1,8,3,42594,171.073,-24.881,108.455,172.873,-0.144,662
107,61,0,0,1,8,4,42595,171.027,-22.494,124.411,172.500,-0.131,662
107,61,0,0,1,8,5,42597,170.966,-19.281,127.542,172.050,-0.112,662
107,61,0,0,1,8,6,43085,170.468,-19.159,155.998,171.541,-0.112,740
107,61,0,0,1,8,7,43086,170.466,-19.022,177.767,171.524,-0.111,740
107,61,0,0,1,8,8,43084,170.454,-18.400,179.852,171.444,-0.108,740
107,61,0,0,1,8,9,43088,170.462,-18.852,185.110,171.501,-0.110,740
107,61,0,0,1,8,10,43523,170.968,-19.420,248.713,172.067,-0.113,818
107,61,0,0,1,8,11,43525,170.995,-20.787,257.087,172.254,-0.121,818
107,61,0,0,1,8,12,43524,170.978,-19.932,257.515,172.136,-0.116,818
107,61,0,0,1,8,13,43879,170.492,-20.408,325.181,171.709,-0.119,896
107,61,0,0,1,8,14,44220,170.945,-18.217,392.183,171.913,-0.106,974
107,61,0,0,1,8,15,44221,171.058,-24.119,397.817,172.750,-0.140,974
108,61,0,1,0,2,0,21704,31.267,-3.950,26.563,31.515,-0.126,120
108,61,0,1,0,2,1,21650,31.261,-4.043,40.607,31.522,-0.129,120
108,61,0,1,0,2,2,21636,31.269,-3.910,42.480,31.512,-0.124,120
108,61,0,1,0,2,3,21690,31.281,-3.690,44.633,31.498,-0.117,120
108,61,0,1,0,2,4,21652,31.231,-4.574,60.022,31.565,-0.145,120
108,61,0,1,0,2,5,23201,31.775,-3.721,91.151,31.992,-0.117,136
108,61,0,1,0,2,6,23206,31.804,-3.206,94.505,31.966,-0.100,136
108,61,0,1,0,2,7,23158,31.758,-4.035,114.457,32.013,-0.126,136
108,61,0,1,0,2,8,23190,31.785,-3.553,128.778,31.983,-0.111,136
108,61,0,1,0,2,9,23155,31.753,-4.116,136.008,32.019,-0.129,136
108,61,0,1,0,2,10,24005,31.295,-3.444,156.751,31.484,-0.110,152
108,61,0,1,0,2,11,24518,31.736,-4.422,234.809,32.042,-0.138,168
108,61,0,1,0,2,12,24506,31.766,-3.888,259.988,32.003,-0.122,168
108,61,0,1,0,2,13,24501,31.807,-3.157,261.685,31.963,-0.099,168
108,61,0,1,0,2,14,24814,31.301,-3.333,284.140,31.478,-0.106,184
108,61,0,1,0,2,15,24808,31.259,-4.087,285.618,31.525,-0.130,184
108,61,0,1,0,4,0,28140,72.040,-10.380,-25.639,72.784,-0.143,208
108,61,0,1,0,4,1,29246,71.452,-8.165,4.541,71.917,-0.114,240
108,61,0,1,0,4,2,29262,71.439,-7.859,10.528,71.870,-0.110,240
108,61,0,1,0,4,3,29245,71.501,-9.345,17.055,72.109,-0.130,240
108,61,0,1,0,4,4,29248,71.408,-7.109,18.889,71.761,-0.099,240
108,61,0,1,0,4,5,29242,71.450,-8.130,28.098,71.911,-0.113,240
108,61,0,1,0,4,6,29260,71.432,-7.681,36.230,71.843,-0.107,240
108,61,0,1,0,4,7,29241,71.510,-9.542,69.114,72.143,-0.133,240
108,61,0,1,0,4,8,30084,72.006,-9.555,69.553,72.637,-0.132,272
108,61,0,1,0,4,9,30092,71.943,-8.063,81.949,72.394,-0.112,272
108,61,0,1,0,4,10,30095,71.930,-7.759,102.660,72.348,-0.107,272
108,61,0,1,0,4,11,30088,71.982,-8.985,117.438,72.540,-0.124,272
108,61,0,1,0,4,12,30099,72.041,-10.403,126.997,72.788,-0.143,272
108,61,0,1,0,4,13,30096,71.984,-9.050,136.945,72.551,-0.125,272
108,61,0,1,0,4,14,30776,71.495,-9.184,169.079,72.082,-0.128,304
108,61,0,1,0,4,15,30784,71.538,-10.229,183.785,72.266,-0.142,304
108,61,0,1,0,6,0,35213,114.624,-14.217,-55.235,115.502,-0.123,337
108,61,0,1,0,6,1,35226,116.649,-14.676,-45.986,117.569,-0.125,338
108,61,0,1,0,6,2,35217,114.614,-14.445,-45.239,115.521,-0.125,337
108,61,0,1,0,6,3,35225,116.554,-13.485,-37.215,117.332,-0.115,338
108,61,0,1,0,6,4,36004,114.043,-16.290,7.916,115.201,-0.142,389
108,61,0,1,0,6,5,36015,114.062,-15.826,13.413,115.155,-0.138,389
108,61,0,1,0,6,6,36002,114.127,-14.251,30.934,115.013,-0.124,389
108,61,0,1,0,6,7,36031,116.149,-14.645,31.510,117.069,-0.125,390
108,61,0,1,0,6,8,36027,115.956,-12.225,39.146,116.599,-0.105,390
108,61,0,1,0,6,9,36017,114.025,-16.726,39.998,115.245,-0.146,389
108,61,0,1,0,6,10,36006,114.129,-14.203,43.873,115.009,-0.124,389
108,61,0,1,0,6,11,36023,116.139,-14.512,44.618,117.042,-0.124,390
108,61,0,1,0,6,12,35999,114.175,-13.091,52.150,114.923,-0.114,389
108,61,0,1,0,6,13,36024,116.045,-13.340,52.850,116.809,-0.114,390
108,61,0,1,0,6,14,36670,116.481,-12.570,86.576,117.157,-0.107,442
108,61,0,1,0,6,15,36652,114.524,-16.628,120.157,115.725,-0.144,441
108,61,0,1,0,8,0,40854,170.464,-18.962,-122.026,171.515,-0.111,428
108,61,0,1,0,8,1,40856,170.485,-20.034,-109.433,171.658,-0.117,428
108,61,0,1,0,8,2,40859,170.493,-20.429,-108.268,171.713,-0.119,428
108,61,0,1,0,8,3,40853,170.514,-21.529,-92.004,171.868,-0.126,428
108,61,0,1,0,8,4,41468,170.988,-20.470,-66.022,172.209,-0.119,506
108,61,0,1,0,8,5,41474,171.030,-22.619,-40.950,172.519,-0.131,506
108,61,0,1,0,8,6,41476,171.001,-21.119,-24.119,172.300,-0.123,506
108,61,0,1,0,8,7,41473,170.948,-18.349,-6.661,171.930,-0.107,506
108,61,0,1,0,8,8,42104,170.572,-24.558,3.199,172.331,-0.143,584
108,61,0,1,0,8,9,42102,170.462,-18.850,10.953,171.501,-0.110,584
108,61,0,1,0,8,10,42096,170.557,-23.808,14.528,172.211,-0.139,584
108,61,0,1,0,8,11,42101,170.547,-23.256,55.855,172.125,-0.136,584
108,61,0,1,0,8,12,42098,170.554,-23.654,57.655,172.186,-0.138,584
108,61,0,1,0,8,13,42095,170.494,-20.532,63.265,171.726,-0.120,584
108,61,0,1,0,8,14,42100,170.509,-21.302,63.318,171.835,-0.124,584
108,61,0,1,0,8,15,42097,170.553,-23.566,64.783,172.173,-0.137,584
109,62,0,0,1,2,0,21634,31.366,-2.194,65.256,31.442,-0.070,120
109,62,0,0,1,2,1,23202,31.822,-2.903,75.043,31.954,-0.091,136
109,62,0,0,1,2,2,23177,31.816,-2.996,81.485,31.957,-0.094,136
109,62,0,0,1,2,3,23160,31.834,-2.684,85.880,31.947,-0.084,136
109,62,0,0,1,2,4,23198,31.840,-2.577,130.245,31.944,-0.081,136
109,62,0,0,1,2,5,23185,31.890,-1.689,138.543,31.935,-0.053,136
109,62,0,0,1,2,6,24010,31.369,-2.133,157.641,31.441,-0.068,152
109,62,0,0,1,2,7,24017,31.393,-1.708,175.915,31.439,-0.054,152
109,62,0,0,1,2,8,24022,31.342,-2.607,177.337,31.451,-0.083,152
109,62,0,0,1,2,9,23996,31.394,-1.694,189.238,31.439,-0.054,152
109,62,0,0,1,2,10,23992,31.387,-1.807,206.697,31.439,-0.058,152
109,62,0,0,1,2,11,24504,31.883,-1.806,209.987,31.934,-0.057,168
109,62,0,0,1,2,12,24520,31.896,-1.580,218.756,31.935,-0.049,168
109,62,0,0,1,2,13,24516,31.814,-3.045,232.620,31.959,-0.095,168
109,62,0,0,1,2,14,24500,31.878,-1.906,246.376,31.935,-0.060,168
109,62,0,0,1,2,15,24505,31.848,-2.442,256.924,31.941,-0.077,168
109,62,0,0,1,4,0,29238,71.390,-6.693,19.529,71.703,-0.093,240
109,62,0,0,1,4,1,29227,71.402,-6.976,19.564,71.742,-0.097,240
109,62,0,0,1,4,2,29261,71.305,-4.657,39.858,71.457,-0.065,240
109,62,0,0,1,4,3,29229,71.376,-6.343,55.505,71.657,-0.089,240
109,62,0,0,1,4,4,29249,71.385,-6.563,69.548,71.686,-0.092,240
109,62,0,0,1,4,5,30097,71.881,-6.574,70.071,72.181,-0.091,272
109,62,0,0,1,4,6,30101,71.849,-5.801,84.994,72.082,-0.081,272
109,62,0,0,1,4,7,30100,71.849,-5.804,109.333,72.083,-0.081,272
109,62,0,0,1,4,8,30089,71.768,-3.884,114.746,71.873,-0.054,272
109,62,0,0,1,4,9,30786,71.325,-5.132,145.879,71.509,-0.072,304
109,62,0,0,1,4,10,30785,71.329,-5.239,150.563,71.522,-0.073,304
109,62,0,0,1,4,11,30779,71.302,-4.586,172.351,71.449,-0.064,304
109,62,0,0,1,4,12,30782,71.302,-4.593,202.741,71.450,-0.064,304
109,62,0,0,1,4,13,31631,71.335,-5.372,283.624,71.537,-0.075,368
109,62,0,0,1,4,14,31630,71.281,-4.070,304.334,71.397,-0.057,368
109,62,0,0,1,4,15,31629,71.331,-5.269,321.165,71.525,-0.074,368
109,62,0,0,1,6,0,36026,115.771,-9.903,20.263,116.194,-0.085,390
109,62,0,0,1,6,1,36025,115.644,-8.310,31.308,115.942,-0.072,390
109,62,0,0,1,6,2,36665,116.187,-8.893,73.243,116.527,-0.076,442
109,62,0,0,1,6,3,36667,115.943,-5.829,105.481,116.089,-0.050,442
109,62,0,0,1,6,4,36666,116.312,-10.451,109.555,116.781,-0.090,442
109,62,0,0,1,6,5,36660,116.093,-7.711,109.604,116.349,-0.066,442
109,62,0,0,1,6,6,36662,115.980,-6.299,117.569,116.151,-0.054,442
109,62,0,0,1,6,7,36668,116.099,-7.787,124.869,116.360,-0.067,442
109,62,0,0,1,6,8,36671,116.300,-10.303,135.368,116.755,-0.088,442
109,62,0,0,1,6,9,37229,115.877,-11.227,148.029,116.420,-0.097,494
109,62,0,0,1,6,10,37230,115.764,-9.813,169.245,116.179,-0.085,494
109,62,0,0,1,6,11,37695,116.197,-9.011,246.472,116.546,-0.077,546
109,62,0,0,1,6,12,38042,115.490,-6.371,312.324,115.666,-0.055,598
109,62,0,0,1,6,13,38370,115.967,-6.129,355.489,116.129,-0.053,650
109,62,0,0,1,6,14,38376,116.078,-7.516,380.682,116.321,-0.065,650
109,62,0,0,1,6,15,38374,115.937,-5.751,407.740,116.080,-0.050,650
109,62,0,0,1,8,0,43522,170.883,-14.965,209.201,171.537,-0.087,818
109,62,0,0,1,8,1,43528,172.358,-9.413,254.529,172.615,-0.055,819
109,62,0,0,1,8,2,43529,172.465,-10.484,276.011,172.783,-0.061,819
109,62,0,0,1,8,3,43877,170.383,-14.741,305.601,171.019,-0.086,896
109,62,0,0,1,8,4,43883,172.390,-14.707,309.236,173.016,-0.085,897
109,62,0,0,1,8,5,43881,170.360,-13.516,321.455,170.895,-0.079,896
109,62,0,0,1,8,6,43880,170.361,-13.562,321.716,170.900,-0.079,896
109,62,0,0,1,8,7,43885,172.271,-13.514,325.024,172.800,-0.078,897
109,62,0,0,1,8,8,43887,172.256,-13.367,325.347,172.774,-0.077,897
109,62,0,0,1,8,9,43878,170.408,-16.003,336.825,171.158,-0.094,896
109,62,0,0,1,8,10,44223,170.866,-14.103,363.493,171.447,-0.082,974
109,62,0,0,1,8,11,44226,172.847,-14.301,367.743,173.438,-0.083,975
109,62,0,0,1,8,12,44225,172.558,-11.407,391.434,172.935,-0.066,975
109,62,0,0,1,8,13,44519,170.398,-15.510,457.040,171.102,-0.091,1052
109,62,0,0,1,8,14,44520,170.347,-12.848,463.733,170.831,-0.075,1052
109,62,0,0,1,8,15,44522,172.231,-13.113,468.953,172.729,-0.076,1053
110,62,0,1,1,2,0,21634,31.366,-2.194,65.256,31.442,-0.070,120
110,62,0,1,1,2,1,23202,31.822,-2.903,75.043,31.954,-0.091,136
110,62,0,1,1,2,2,23177,31.816,-2.996,81.485,31.957,-0.094,136
110,62,0,1,1,2,3,23160,31.834,-2.684,85.880,31.947,-0.084,136
110,62,0,1,1,2,4,23198,31.840,-2.577,130.245,31.944,-0.081,136
110,62,0,1,1,2,5,23185,31.890,-1.689,138.543,31.935,-0.053,136
110,62,0,1,1,2,6,24010,31.369,-2.133,157.641,31.441,-0.068,152
110,62,0,1,1,2,7,24017,31.393,-1.708,175.915,31.439,-0.054,152
110,62,0,1,1,2,8,24022,31.342,-2.607,177.337,31.451,-0.083,152
110,62,0,1,1,2,9,23996,31.394,-1.694,189.238,31.439,-0.054,152
110,62,0,1,1,2,10,23992,31.387,-1.807,206.697,31.439,-0.058,152
110,62,0,1,1,2,11,24504,31.883,-1.806,209.987,31.934,-0.057,168
110,62,0,1,1,2,12,24520,31.896,-1.580,218.756,31.935,-0.049,168
110,62,0,1,1,2,13,24516,31.814,-3.045,232.620,31.959,-0.095,168
110,62,0,1,1,2,14,24500,31.878,-1.906,246.376,31.935,-0.060,168
110,62,0,1,1,2,15,24505,31.848,-2.442,256.924,31.941,-0.077,168
110,62,0,1,1,4,0,28131,71.807,-4.800,-32.948,71.967,-0.067,208
110,62,0,1,1,4,1,28132,71.871,-6.351,-11.677,72.152,-0.088,208
110,62,0,1,1,4,2,29238,71.390,-6.693,19.529,71.703,-0.093,240
110,62,0,1,1,4,3,29227,71.402,-6.976,19.564,71.742,-0.097,240
110,62,0,1,1,4,4,29261,71.305,-4.657,39.858,71.457,-0.065,240
110,62,0,1,1,4,5,29229,71.376,-6.343,55.505,71.657,-0.089,240
110,62,0,1,1,4,6,29249,71.385,-6.563,69.548,71.686,-0.092,240
110,62,0,1,1,4,7,30097,71.881,-6.574,70.071,72.181,-0.091,272
110,62,0,1,1,4,8,30101,71.849,-5.801,84.994,72.082,-0.081,272
110,62,0,1,1,4,9,30100,71.849,-5.804,109.333,72.083,-0.081,272
110,62,0,1,1,4,10,30089,71.768,-3.884,114.746,71.873,-0.054,272
110,62,0,1,1,4,11,30786,71.325,-5.132,145.879,71.509,-0.072,304
110,62,0,1,1,4,12,30785,71.329,-5.239,150.563,71.522,-0.073,304
110,62,0,1,1,4,13,30779,71.302,-4.586,172.351,71.449,-0.064,304
110,62,0,1,1,4,14,30782,71.302,-4.593,202.741,71.450,-0.064,304
110,62,0,1,1,4,15,31631,71.335,-5.372,283.624,71.537,-0.075,368
110,62,0,1,1,6,0,35233,116.008,-6.645,-50.283,116.198,-0.057,338
110,62,0,1,1,6,1,35230,116.056,-7.241,-13.316,116.282,-0.062,338
110,62,0,1,1,6,2,35228,115.978,-6.266,-5.159,116.147,-0.054,338
110,62,0,1,1,6,3,35224,116.157,-8.516,-2.291,116.469,-0.073,338
110,62,0,1,1,6,4,36026,115.771,-9.903,20.263,116.194,-0.085,390
110,62,0,1,1,6,5,36025,115.644,-8.310,31.308,115.942,-0.072,390
110,62,0,1,1,6,6,36665,116.187,-8.893,73.243,116.527,-0.076,442
110,62,0,1,1,6,7,36667,115.943,-5.829,105.481,116.089,-0.050,442
110,62,0,1,1,6,8,36666,116.312,-10.451,109.555,116.781,-0.090,442
110,62,0,1,1,6,9,36660,116.093,-7.711,109.604,116.349,-0.066,442
110,62,0,1,1,6,10,36662,115.980,-6.299,117.569,116.151,-0.054,442
110,62,0,1,1,6,11,36668,116.099,-7.787,124.869,116.360,-0.067,442
110,62,0,1,1,6,12,36671,116.300,-10.303,135.368,116.755,-0.088,442
110,62,0,1,1,6,13,37229,115.877,-11.227,148.029,116.420,-0.097,494
110,62,0,1,1,6,14,37230,115.764,-9.813,169.245,116.179,-0.085,494
110,62,0,1,1,6,15,37695,116.197,-9.011,246.472,116.546,-0.077,546
110,62,0,1,1,8,0,40867,172.145,-12.259,-80.725,172.581,-0.071,429
110,62,0,1,1,8,1,40860,170.339,-12.420,-79.926,170.791,-0.073,428
110,62,0,1,1,8,2,41477,172.275,-8.584,-48.148,172.489,-0.050,507
110,62,0,1,1,8,3,41479,172.715,-12.981,-24.188,173.202,-0.075,507
110,62,0,1,1,8,4,41482,172.918,-15.010,-19.109,173.568,-0.087,507
110,62,0,1,1,8,5,41472,170.873,-14.463,-18.997,171.484,-0.084,506
110,62,0,1,1,8,6,41469,170.869,-14.255,-4.147,171.463,-0.083,506
110,62,0,1,1,8,7,41481,172.878,-14.614,-4.091,173.495,-0.084,507
110,62,0,1,1,8,8,42106,172.093,-11.736,20.996,172.493,-0.068,585
110,62,0,1,1,8,9,42601,172.464,-10.467,93.412,172.781,-0.061,663
110,62,0,1,1,8,10,42598,172.303,-8.858,106.434,172.531,-0.051,663
110,62,0,1,1,8,11,43095,172.186,-12.668,163.757,172.651,-0.073,741
110,62,0,1,1,8,12,43093,171.911,-9.915,165.695,172.197,-0.058,741
110,62,0,1,1,8,13,43089,170.419,-16.616,194.090,171.227,-0.097,740
110,62,0,1,1,8,14,43083,170.384,-14.781,208.546,171.024,-0.087,740
110,62,0,1,1,8,15,43522,170.883,-14.965,209.201,171.537,-0.087,818
111,62,0,2,1,2,0,21634,31.366,-2.194,65.256,31.442,-0.070,120
111,62,0,2,1,2,1,23202,31.822,-2.903,75.043,31.954,-0.091,136
111,62,0,2,1,2,2,23177,31.816,-2.996,81.485,31.957,-0.094,136
111,62,0,2,1,2,3,23160,31.834,-2.684,85.880,31.947,-0.084,136
111,62,0,2,1,2,4,23198,31.840,-2.577,130.245,31.944,-0.081,136
111,62,0,2,1,2,5,23185,31.890,-1.689,138.543,31.935,-0.053,136
111,62,0,2,1,2,6,24010,31.369,-2.133,157.641,31.441,-0.068,152
111,62,0,2,1,2,7,24017,31.393,-1.708,175.915,31.439,-0.054,152
111,62,0,2,1,2,8,24022,31.342,-2.607,177.337,31.451,-0.083,152
111,62,0,2,1,2,9,23996,31.394,-1.694,189.238,31.439,-0.054,152
111,62,0,2,1,2,10,23992,31.387,-1.807,206.697,31.439,-0.058,152
111,62,0,2,1,2,11,24504,31.883,-1.806,209.987,31.934,-0.057,168
111,62,0,2,1,2,12,24520,31.896,-1.580,218.756,31.935,-0.049,168
111,62,0,2,1,2,13,24516,31.814,-3.045,232.620,31.959,-0.095,168
111,62,0,2,1,2,14,24500,31.878,-1.906,246.376,31.935,-0.060,168
111,62,0,2,1,2,15,24505,31.848,-2.442,256.924,31.941,-0.077,168
111,62,0,2,1,4,0,28137,71.790,-4.414,-65.158,71.926,-0.061,208
111,62,0,2,1,4,1,28117,71.820,-5.123,-44.226,72.003,-0.071,208
111,62,0,2,1,4,2,28131,71.807,-4.800,-32.948,71.967,-0.067,208
111,62,0,2,1,4,3,28132,71.871,-6.351,-11.677,72.152,-0.088,208
111,62,0,2,1,4,4,29238,71.390,-6.693,19.529,71.703,-0.093,240
111,62,0,2,1,4,5,29227,71.402,-6.976,19.564,71.742,-0.097,240
111,62,0,2,1,4,6,29261,71.305,-4.657,39.858,71.457,-0.065,240
111,62,0,2,1,4,7,29229,71.376,-6.343,55.505,71.657,-0.089,240
111,62,0,2,1,4,8,29249,71.385,-6.563,69.548,71.686,-0.092,240
111,62,0,2,1,4,9,30097,71.881,-6.574,70.071,72.181,-0.091,272
111,62,0,2,1,4,10,30101,71.849,-5.801,84.994,72.082,-0.081,272
111,62,0,2,1,4,11,30100,71.849,-5.804,109.333,72.083,-0.081,272
111,62,0,2,1,4,12,30089,71.768,-3.884,114.746,71.873,-0.054,272
111,62,0,2,1,4,13,30786,71.325,-5.132,145.879,71.509,-0.072,304
111,62,0,2,1,4,14,30785,71.329,-5.239,150.563,71.522,-0.073,304
111,62,0,2,1,4,15,30779,71.302,-4.586,172.351,71.449,-0.064,304
111,62,0,2,1,6,0,33886,116.344,-10.851,-171.885,116.849,-0.093,234
111,62,0,2,1,6,1,33890,116.047,-7.139,-157.843,116.266,-0.061,234
111,62,0,2,1,6,2,33889,115.966,-6.114,-157.448,116.127,-0.053,234
111,62,0,2,1,6,3,33882,116.312,-10.461,-150.770,116.781,-0.090,234
111,62,0,2,1,6,4,33888,115.958,-6.017,-147.264,116.114,-0.052,234
111,62,0,2,1,6,5,34473,115.608,-7.852,-131.413,115.874,-0.068,286
111,62,0,2,1,6,6,34475,115.809,-10.374,-78.682,116.273,-0.089,286
111,62,0,2,1,6,7,35229,116.083,-7.583,-69.784,116.330,-0.065,338
111,62,0,2,1,6,8,34470,115.591,-7.644,-69.492,115.843,-0.066,286
111,62,0,2,1,6,9,35233,116.008,-6.645,-50.283,116.198,-0.057,338
111,62,0,2,1,6,10,35230,116.056,-7.241,-13.316,116.282,-0.062,338
111,62,0,2,1,6,11,35228,115.978,-6.266,-5.159,116.147,-0.054,338
111,62,0,2,1,6,12,35224,116.157,-8.516,-2.291,116.469,-0.073,338
111,62,0,2,1,6,13,36026,115.771,-9.903,20.263,116.194,-0.085,390
111,62,0,2,1,6,14,36025,115.644,-8.310,31.308,115.942,-0.072,390
111,62,0,2,1,6,15,36665,116.187,-8.893,73.243,116.527,-0.076,442
111,62,0,2,1,8,0,39888,170.357,-13.381,-233.784,170.882,-0.078,272
111,62,0,2,1,8,1,39894,172.079,-11.599,-220.217,172.469,-0.067,273
111,62,0,2,1,8,2,39897,171.860,-9.411,-220.024,172.117,-0.055,273
111,62,0,2,1,8,3,39896,172.235,-13.154,-215.759,172.737,-0.076,273
111,62,0,2,1,8,4,39889,170.348,-12.873,-213.452,170.834,-0.075,272
111,62,0,2,1,8,5,40343,172.918,-15.005,-193.108,173.568,-0.087,351
111,62,0,2,1,8,6,40333,170.883,-14.971,-190.948,171.538,-0.087,350
111,62,0,2,1,8,7,40341,172.873,-14.555,-178.823,173.485,-0.084,351
111,62,0,2,1,8,8,40336,170.878,-14.720,-176.794,171.511,-0.086,350
111,62,0,2,1,8,9,40344,172.316,-8.995,-173.852,172.551,-0.052,351
111,62,0,2,1,8,10,40855,170.380,-14.557,-129.517,171.001,-0.085,428
111,62,0,2,1,8,11,40870,171.797,-8.775,-126.274,172.021,-0.051,429
111,62,0,2,1,8,12,40863,172.123,-12.040,-105.129,172.544,-0.070,429
111,62,0,2,1,8,13,40871,172.350,-14.305,-93.367,172.943,-0.083,429
111,62,0,2,1,8,14,40858,170.364,-13.735,-92.868,170.917,-0.080,428
111,62,0,2,1,8,15,40867,172.145,-12.259,-80.725,172.581,-0.071,429
112,62,1,0,1,2,0,19532,31.838,-2.616,-32.971,31.945,-0.082,104
112,62,1,0,1,2,1,19464,31.852,-2.369,-17.242,31.940,-0.074,104
112,62,1,0,1,2,2,19481,31.883,-1.809,-12.952,31.934,-0.057,104
112,62,1,0,1,2,3,19517,31.890,-1.695,-5.947,31.935,-0.053,104
112,62,1,0,1,2,4,21721,31.333,-2.778,1.391,31.455,-0.088,120
112,62,1,0,1,2,5,21700,31.343,-2.601,1.924,31.450,-0.083,120
112,62,1,0,1,2,6,21655,31.371,-2.094,4.795,31.441,-0.067,120
112,62,1,0,1,2,7,21709,31.355,-2.382,7.588,31.445,-0.076,120
112,62,1,0,1,2,8,21684,31.400,-1.581,10.714,31.440,-0.050,120
112,62,1,0,1,2,9,21841,33.890,-1.670,12.250,33.931,-0.049,121
112,62,1,0,1,2,10,21660,31.371,-2.094,19.097,31.441,-0.067,120
112,62,1,0,1,2,11,21714,31.333,-2.774,19.746,31.455,-0.088,120
112,62,1,0,1,2,12,21648,31.360,-2.290,28.087,31.444,-0.073,120
112,62,1,0,1,2,13,21654,31.343,-2.589,29.125,31.450,-0.082,120
112,62,1,0,1,2,14,21651,31.340,-2.643,49.612,31.452,-0.084,120
112,62,1,0,1,2,15,21634,31.366,-2.194,65.256,31.442,-0.070,120
112,62,1,0,1,4,0,28117,71.820,-5.123,-44.226,72.003,-0.071,208
112,62,1,0,1,4,1,28131,71.807,-4.800,-32.948,71.967,-0.067,208
112,62,1,0,1,4,2,28132,71.871,-6.351,-11.677,72.152,-0.088,208
112,62,1,0,1,4,3,29238,71.390,-6.693,19.529,71.703,-0.093,240
112,62,1,0,1,4,4,29227,71.402,-6.976,19.564,71.742,-0.097,240
112,62,1,0,1,4,5,29261,71.305,-4.657,39.858,71.457,-0.065,240
112,62,1,0,1,4,6,29229,71.376,-6.343,55.505,71.657,-0.089,240
112,62,1,0,1,4,7,29249,71.385,-6.563,69.548,71.686,-0.092,240
112,62,1,0,1,4,8,30097,71.881,-6.574,70.071,72.181,-0.091,272
112,62,1,0,1,4,9,30101,71.849,-5.801,84.994,72.082,-0.081,272
112,62,1,0,1,4,10,30100,71.849,-5.804,109.333,72.083,-0.081,272
112,62,1,0,1,4,11,30089,71.768,-3.884,114.746,71.873,-0.054,272
112,62,1,0,1,4,12,30786,71.325,-5.132,145.879,71.509,-0.072,304
112,62,1,0,1,4,13,30785,71.329,-5.239,150.563,71.522,-0.073,304
112,62,1,0,1,4,14,30779,71.302,-4.586,172.351,71.449,-0.064,304
112,62,1,0,1,4,15,30782,71.302,-4.593,202.741,71.450,-0.064,304
112,62,1,0,1,6,0,35230,116.056,-7.241,-13.316,116.282,-0.062,338
112,62,1,0,1,6,1,35228,115.978,-6.266,-5.159,116.147,-0.054,338
112,62,1,0,1,6,2,35224,116.157,-8.516,-2.291,116.469,-0.073,338
112,62,1,0,1,6,3,36026,115.771,-9.903,20.263,116.194,-0.085,390
112,62,1,0,1,6,4,36025,115.644,-8.310,31.308,115.942,-0.072,390
112,62,1,0,1,6,5,36665,116.187,-8.893,73.243,116.527,-0.076,442
112,62,1,0,1,6,6,36667,115.943,-5.829,105.481,116.089,-0.050,442
112,62,1,0,1,6,7,36666,116.312,-10.451,109.555,116.781,-0.090,442
112,62,1,0,1,6,8,36660,116.093,-7.711,109.604,116.349,-0.066,442
112,62,1,0,1,6,9,36662,115.980,-6.299,117.569,116.151,-0.054,442
112,62,1,0,1,6,10,36668,116.099,-7.787,124.869,116.360,-0.067,442
112,62,1,0,1,6,11,36671,116.300,-10.303,135.368,116.755,-0.088,442
112,62,1,0,1,6,12,37229,115.877,-11.227,148.029,116.420,-0.097,494
112,62,1,0,1,6,13,37230,115.764,-9.813,169.245,116.179,-0.085,494
112,62,1,0,1,6,14,37695,116.197,-9.011,246.472,116.546,-0.077,546
112,62,1,0,1,6,15,38042,115.490,-6.371,312.324,115.666,-0.055,598
112,62,1,0,1,8,0,43522,170.883,-14.965,209.201,171.537,-0.087,818
112,62,1,0,1,8,1,43528,172.358,-9.413,254.529,172.615,-0.055,819
112,62,1,0,1,8,2,43529,172.465,-10.484,276.011,172.783,-0.061,819
112,62,1,0,1,8,3,43877,170.383,-14.741,305.601,171.019,-0.086,896
112,62,1,0,1,8,4,43883,172.390,-14.707,309.236,173.016,-0.085,897
112,62,1,0,1,8,5,43881,170.360,-13.516,321.455,170.895,-0.079,896
112,62,1,0,1,8,6,43880,170.361,-13.562,321.716,170.900,-0.079,896
112,62,1,0,1,8,7,43885,172.271,-13.514,325.024,172.800,-0.078,897
112,62,1,0,1,8,8,43887,172.256,-13.367,325.347,172.774,-0.077,897
112,62,1,0,1,8,9,43878,170.408,-16.003,336.825,171.158,-0.094,896
112,62,1,0,1,8,10,44223,170.866,-14.103,363.493,171.447,-0.082,974
112,62,1,0,1,8,11,44226,172.847,-14.301,367.743,173.438,-0.083,975
112,62,1,0,1,8,12,44225,172.558,-11.407,391.434,172.935,-0.066,975
112,62,1,0,1,8,13,44519,170.398,-15.510,457.040,171.102,-0.091,1052
112,62,1,0,1,8,14,44520,170.347,-12.848,463.733,170.831,-0.075,1052
112,62,1,0,1,8,15,44522,172.231,-13.113,468.953,172.729,-0.076,1053
113,62,1,1,1,2,0,19532,31.838,-2.616,-32.971,31.945,-0.082,104
113,62,1,1,1,2,1,19464,31.852,-2.369,-17.242,31.940,-0.074,104
113,62,1,1,1,2,2,19481,31.883,-1.809,-12.952,31.934,-0.057,104
113,62,1,1,1,2,3,19517,31.890,-1.695,-5.947,31.935,-0.053,104
113,62,1,1,1,2,4,21721,31.333,-2.778,1.391,31.455,-0.088,120
113,62,1,1,1,2,5,21700,31.343,-2.601,1.924,31.450,-0.083,120
113,62,1,1,1,2,6,21655,31.371,-2.094,4.795,31.441,-0.067,120
113,62,1,1,1,2,7,21709,31.355,-2.382,7.588,31.445,-0.076,120
113,62,1,1,1,2,8,21684,31.400,-1.581,10.714,31.440,-0.050,120
113,62,1,1,1,2,9,21841,33.890,-1.670,12.250,33.931,-0.049,121
113,62,1,1,1,2,10,21660,31.371,-2.094,19.097,31.441,-0.067,120
113,62,1,1,1,2,11,21714,31.333,-2.774,19.746,31.455,-0.088,120
113,62,1,1,1,2,12,21648,31.360,-2.290,28.087,31.444,-0.073,120
113,62,1,1,1,2,13,21654,31.343,-2.589,29.125,31.450,-0.082,120
113,62,1,1,1,2,14,21651,31.340,-2.643,49.612,31.452,-0.084,120
113,62,1,1,1,2,15,21634,31.366,-2.194,65.256,31.442,-0.070,120
113,62,1,1,1,4,0,27123,71.266,-3.712,-126.981,71.362,-0.052,176
113,62,1,1,1,4,1,27110,71.294,-4.385,-97.432,71.428,-0.061,176
113,62,1,1,1,4,2,27125,71.288,-4.260,-90.215,71.416,-0.060,176
113,62,1,1,1,4,3,27116,71.404,-7.014,-79.112,71.747,-0.098,176
113,62,1,1,1,4,4,28137,71.790,-4.414,-65.158,71.926,-0.061,208
113,62,1,1,1,4,5,28117,71.820,-5.123,-44.226,72.003,-0.071,208
113,62,1,1,1,4,6,28131,71.807,-4.800,-32.948,71.967,-0.067,208
113,62,1,1,1,4,7,28132,71.871,-6.351,-11.677,72.152,-0.088,208
113,62,1,1,1,4,8,29238,71.390,-6.693,19.529,71.703,-0.093,240
113,62,1,1,1,4,9,29227,71.402,-6.976,19.564,71.742,-0.097,240
113,62,1,1,1,4,10,29261,71.305,-4.657,39.858,71.457,-0.065,240
113,62,1,1,1,4,11,29229,71.376,-6.343,55.505,71.657,-0.089,240
113,62,1,1,1,4,12,29249,71.385,-6.563,69.548,71.686,-0.092,240
113,62,1,1,1,4,13,30097,71.881,-6.574,70.071,72.181,-0.091,272
113,62,1,1,1,4,14,30101,71.849,-5.801,84.994,72.082,-0.081,272
113,62,1,1,1,4,15,30100,71.849,-5.804,109.333,72.083,-0.081,272
113,62,1,1,1,6,0,34470,115.591,-7.644,-69.492,115.843,-0.066,286
113,62,1,1,1,6,1,35233,116.008,-6.645,-50.283,116.198,-0.057,338
113,62,1,1,1,6,2,35230,116.056,-7.241,-13.316,116.282,-0.062,338
113,62,1,1,1,6,3,35228,115.978,-6.266,-5.159,116.147,-0.054,338
113,62,1,1,1,6,4,35224,116.157,-8.516,-2.291,116.469,-0.073,338
113,62,1,1,1,6,5,36026,115.771,-9.903,20.263,116.194,-0.085,390
113,62,1,1,1,6,6,36025,115.644,-8.310,31.308,115.942,-0.072,390
113,62,1,1,1,6,7,36665,116.187,-8.893,73.243,116.527,-0.076,442
113,62,1,1,1,6,8,36667,115.943,-5.829,105.481,116.089,-0.050,442
113,62,1,1,1,6,9,36666,116.312,-10.451,109.555,116.781,-0.090,442
113,62,1,1,1,6,10,36660,116.093,-7.711,109.604,116.349,-0.066,442
113,62,1,1,1,6,11,36662,115.980,-6.299,117.569,116.151,-0.054,442
113,62,1,1,1,6,12,36668,116.099,-7.787,124.869,116.360,-0.067,442
113,62,1,1,1,6,13,36671,116.300,-10.303,135.368,116.755,-0.088,442
113,62,1,1,1,6,14,37229,115.877,-11.227,148.029,116.420,-0.097,494
113,62,1,1,1,6,15,37230,115.764,-9.813,169.245,116.179,-0.085,494
113,62,1,1,1,8,0,40867,172.145,-12.259,-80.725,172.581,-0.071,429
113,62,1,1,1,8,1,40860,170.339,-12.420,-79.926,170.791,-0.073,428
113,62,1,1,1,8,2,41477,172.275,-8.584,-48.148,172.489,-0.050,507
113,62,1,1,1,8,3,41479,172.715,-12.981,-24.188,173.202,-0.075,507
113,62,1,1,1,8,4,41482,172.918,-15.010,-19.109,173.568,-0.087,507
113,62,1,1,1,8,5,41472,170.873,-14.463,-18.997,171.484,-0.084,506
113,62,1,1,1,8,6,41469,170.869,-14.255,-4.147,171.463,-0.083,506
113,62,1,1,1,8,7,41481,172.878,-14.614,-4.091,173.495,-0.084,507
113,62,1,1,1,8,8,42106,172.093,-11.736,20.996,172.493,-0.068,585
113,62,1,1,1,8,9,42601,172.464,-10.467,93.412,172.781,-0.061,663
113,62,1,1,1,8,10,42598,172.303,-8.858,106.434,172.531,-0.051,663
113,62,1,1,1,8,11,43095,172.186,-12.668,163.757,172.651,-0.073,741
113,62,1,1,1,8,12,43093,171.911,-9.915,165.695,172.197,-0.058,741
113,62,1,1,1,8,13,43089,170.419,-16.616,194.090,171.227,-0.097,740
113,62,1,1,1,8,14,43083,170.384,-14.781,208.546,171.024,-0.087,740
113,62,1,1,1,8,15,43522,170.883,-14.965,209.201,171.537,-0.087,818
114,63,0,0,0,2,0,23994,31.441,-0.860,157.365,31.453,-0.027,152
114,63,0,0,0,2,1,24006,31.482,-0.131,166.280,31.482,-0.004,152
114,63,0,0,0,2,2,24031,33.601,-0.846,168.212,33.612,-0.025,153
114,63,0,0,0,2,3,24012,31.423,-1.172,168.715,31.445,-0.037,152
114,63,0,0,0,2,4,24019,31.418,-1.259,175.262,31.444,-0.040,152
114,63,0,0,0,2,5,24032,33.368,-0.179,176.178,33.369,-0.005,153
114,63,0,0,0,2,6,24041,33.783,-1.366,181.040,33.811,-0.040,153
114,63,0,0,0,2,7,24049,33.790,-1.385,188.695,33.818,-0.041,153
114,63,0,0,0,2,8,24013,31.488,-0.032,205.493,31.488,-0.001,152
114,63,0,0,0,2,9,24001,31.457,-0.570,208.882,31.462,-0.018,152
114,63,0,0,0,2,10,24513,31.951,-0.608,212.221,31.957,-0.019,168
114,63,0,0,0,2,11,24502,31.976,-0.158,220.357,31.977,-0.005,168
114,63,0,0,0,2,12,24527,33.835,-0.014,220.998,33.835,-0.000,169
114,63,0,0,0,2,13,24534,34.085,-0.729,226.693,34.093,-0.021,169
114,63,0,0,0,2,14,24539,33.898,-0.195,233.752,33.899,-0.006,169
114,63,0,0,0,2,15,24813,31.428,-1.083,310.634,31.447,-0.034,184
114,63,0,0,0,4,0,30118,73.837,-0.887,72.091,73.842,-0.012,273
114,63,0,0,0,4,1,30102,71.696,-2.165,76.052,71.729,-0.030,272
114,63,0,0,0,4,2,30093,71.672,-1.576,114.623,71.689,-0.022,272
114,63,0,0,0,4,3,30777,71.199,-2.112,139.252,71.230,-0.030,304
114,63,0,0,0,4,4,30091,71.696,-2.155,140.150,71.728,-0.030,272
114,63,0,0,0,4,5,30775,71.182,-1.712,164.029,71.202,-0.024,304
114,63,0,0,0,4,6,30787,71.224,-2.709,190.600,71.275,-0.038,304
114,63,0,0,0,4,7,30781,71.136,-0.621,207.338,71.139,-0.009,304
114,63,0,0,0,4,8,31253,73.817,-0.805,215.157,73.821,-0.011,337
114,63,0,0,0,4,9,31236,71.633,-0.661,217.959,71.636,-0.009,336
114,63,0,0,0,4,10,31252,73.826,-0.843,224.736,73.831,-0.011,337
114,63,0,0,0,4,11,31242,71.629,-0.547,246.304,71.631,-0.008,336
114,63,0,0,0,4,12,31634,71.139,-0.701,303.281,71.143,-0.010,368
114,63,0,0,0,4,13,31636,71.150,-0.956,311.410,71.157,-0.013,368
114,63,0,0,0,4,14,31648,73.270,-0.650,312.360,73.273,-0.009,369
114,63,0,0,0,4,15,31927,71.673,-1.597,365.943,71.690,-0.022,400
114,63,0,0,0,6,0,36673,115.886,-5.111,76.934,115.999,-0.044,442
114,63,0,0,0,6,1,36672,115.605,-1.592,84.765,115.616,-0.014,442
114,63,0,0,0,6,2,36664,115.763,-3.577,111.937,115.818,-0.031,442
114,63,0,0,0,6,3,36663,115.508,-0.371,126.879,115.509,-0.003,442
114,63,0,0,0,6,4,36680,117.568,-0.514,129.107,117.569,-0.004,443
114,63,0,0,0,6,5,36669,115.553,-0.941,137.406,115.557,-0.008,442
114,63,0,0,0,6,6,37237,117.086,-0.629,139.257,117.088,-0.005,495
114,63,0,0,0,6,7,36681,117.572,-0.534,139.851,117.573,-0.005,443
114,63,0,0,0,6,8,37236,115.376,-4.951,167.058,115.482,-0.043,494
114,63,0,0,0,6,9,37232,115.374,-4.923,178.799,115.479,-0.043,494
114,63,0,0,0,6,10,37231,115.338,-4.475,184.409,115.425,-0.039,494
114,63,0,0,0,6,11,37696,115.869,-4.906,263.995,115.973,-0.042,546
114,63,0,0,0,6,12,38044,115.284,-3.798,281.148,115.347,-0.033,598
114,63,0,0,0,6,13,38043,115.221,-3.005,323.108,115.260,-0.026,598
114,63,0,0,0,6,14,38045,115.384,-5.053,336.359,115.495,-0.044,598
114,63,0,0,0,6,15,38373,115.808,-4.141,380.053,115.882,-0.036,650
114,63,0,0,0,8,0,41483,171.684,-2.671,-17.444,171.705,-0.016,507
114,63,0,0,0,8,1,41480,171.639,-2.228,-0.716,171.653,-0.013,507
114,63,0,0,0,8,2,42105,171.128,-2.087,-0.691,171.141,-0.012,585
114,63,0,0,0,8,3,42107,171.596,-6.770,46.379,171.730,-0.039,585
114,63,0,0,0,8,4,42599,171.549,-1.329,89.914,171.554,-0.008,663
114,63,0,0,0,8,5,42607,173.584,-1.149,90.923,173.588,-0.007,664
114,63,0,0,0,8,6,42600,171.704,-2.878,96.933,171.728,-0.017,663
114,63,0,0,0,8,7,43092,171.193,-2.743,157.478,171.215,-0.016,741
114,63,0,0,0,8,8,43090,171.047,-1.280,176.908,171.052,-0.007,741
114,63,0,0,0,8,9,43100,173.054,-1.002,179.070,173.057,-0.006,742
114,63,0,0,0,8,10,43091,171.522,-6.032,187.692,171.628,-0.035,741
114,63,0,0,0,8,11,43094,170.929,-0.107,204.315,170.929,-0.001,741
114,63,0,0,0,8,12,43527,171.782,-3.651,246.808,171.821,-0.021,819
114,63,0,0,0,8,13,43886,171.303,-3.837,289.769,171.346,-0.022,897
114,63,0,0,0,8,14,43884,171.123,-2.036,337.526,171.135,-0.012,897
114,63,0,0,0,8,15,44521,171.482,-5.630,437.575,171.574,-0.033,1053
115,64,0,0,1,2,0,23152,32.046,1.075,138.418,32.064,0.034,136
115,64,0,0,1,2,1,24039,32.751,1.588,141.099,32.789,0.048,153
115,64,0,0,1,2,2,24008,31.503,0.244,142.756,31.504,0.008,152
115,64,0,0,1,2,3,24007,31.534,0.788,149.509,31.544,0.025,152
115,64,0,0,1,2,4,24027,33.240,0.187,150.847,33.241,0.006,153
115,64,0,0,1,2,5,24036,32.985,0.917,156.473,32.998,0.028,153
115,64,0,0,1,2,6,23995,31.503,0.239,169.727,31.504,0.008,152
115,64,0,0,1,2,7,24029,33.204,0.291,179.043,33.205,0.009,153
115,64,0,0,1,2,8,23998,31.570,1.421,196.627,31.601,0.045,152
115,64,0,0,1,2,9,24018,31.539,0.888,202.094,31.552,0.028,152
115,64,0,0,1,2,10,24035,32.793,1.467,204.062,32.825,0.045,153
115,64,0,0,1,2,11,24530,33.479,1.005,214.848,33.494,0.030,169
115,64,0,0,1,2,12,24519,31.990,0.081,222.824,31.990,0.003,168
115,64,0,0,1,2,13,24541,33.817,0.037,235.482,33.817,0.001,169
115,64,0,0,1,2,14,24817,33.212,0.266,306.893,33.214,0.008,185
115,64,0,0,1,2,15,24810,31.502,0.220,347.463,31.503,0.007,184
115,64,0,0,1,4,0,29272,72.471,2.639,45.298,72.519,0.036,241
115,64,0,0,1,4,1,29280,72.714,1.639,58.938,72.732,0.023,241
115,64,0,0,1,4,2,29268,72.336,3.197,60.566,72.406,0.044,241
115,64,0,0,1,4,3,30110,73.257,1.499,81.228,73.273,0.020,273
115,64,0,0,1,4,4,30104,73.041,2.391,93.360,73.080,0.033,273
115,64,0,0,1,4,5,30086,71.581,0.585,97.684,71.584,0.008,272
115,64,0,0,1,4,6,30109,73.519,0.423,100.732,73.520,0.006,273
115,64,0,0,1,4,7,30124,72.902,2.963,108.628,72.962,0.041,273
115,64,0,0,1,4,8,30121,72.997,2.570,139.927,73.043,0.035,273
115,64,0,0,1,4,9,30789,72.647,1.916,151.277,72.672,0.026,305
115,64,0,0,1,4,10,31241,71.587,0.445,254.498,71.588,0.006,336
115,64,0,0,1,4,11,31250,73.040,2.393,257.119,73.080,0.033,337
115,64,0,0,1,4,12,31643,72.977,0.555,316.660,72.979,0.008,369
115,64,0,0,1,4,13,31932,71.578,0.655,357.477,71.581,0.009,400
115,64,0,0,1,4,14,31938,73.431,0.784,366.753,73.435,0.011,401
115,64,0,0,1,4,15,31935,72.830,3.260,394.773,72.903,0.045,401
115,64,0,0,1,6,0,35234,116.425,5.114,-6.228,116.537,0.044,339
115,64,0,0,1,6,1,36039,116.473,2.388,23.066,116.497,0.020,391
115,64,0,0,1,6,2,36030,114.968,0.165,52.127,114.968,0.001,390
115,64,0,0,1,6,3,36034,116.902,0.279,53.054,116.902,0.002,391
115,64,0,0,1,6,4,36679,116.952,2.521,107.825,116.979,0.022,443
115,64,0,0,1,6,5,36682,116.325,5.608,110.015,116.460,0.048,443
115,64,0,0,1,6,6,36685,116.469,4.899,113.958,116.572,0.042,443
115,64,0,0,1,6,7,36690,116.398,5.246,119.121,116.516,0.045,443
115,64,0,0,1,6,8,36661,115.451,0.341,138.814,115.452,0.003,442
115,64,0,0,1,6,9,37244,116.949,0.049,140.671,116.949,0.000,495
115,64,0,0,1,6,10,37701,117.132,1.632,225.097,117.143,0.014,547
115,64,0,0,1,6,11,37699,117.137,1.610,228.648,117.148,0.014,547
115,64,0,0,1,6,12,37702,116.352,5.473,246.323,116.481,0.047,547
115,64,0,0,1,6,13,38050,115.945,4.988,296.521,116.052,0.043,599
115,64,0,0,1,6,14,38377,116.955,2.504,406.338,116.982,0.021,651
115,64,0,0,1,6,15,38647,114.883,1.239,489.529,114.890,0.011,702
115,64,0,0,1,8,0,43104,172.376,2.717,168.717,172.397,0.016,742
115,64,0,0,1,8,1,43105,171.751,6.146,174.680,171.861,0.036,742
115,64,0,0,1,8,2,43102,172.350,2.858,175.305,172.374,0.017,742
115,64,0,0,1,8,3,43099,171.427,7.922,185.002,171.610,0.046,742
115,64,0,0,1,8,4,43098,171.743,6.190,195.695,171.855,0.036,742
115,64,0,0,1,8,5,43103,172.786,0.465,206.254,172.787,0.003,742
115,64,0,0,1,8,6,43531,172.008,7.499,229.297,172.171,0.044,820
115,64,0,0,1,8,7,43526,171.334,0.819,268.404,171.336,0.005,819
115,64,0,0,1,8,8,43530,173.173,1.103,271.361,173.177,0.006,820
115,64,0,0,1,8,9,44227,172.887,2.677,365.773,172.908,0.015,976
115,64,0,0,1,8,10,44230,173.016,1.964,382.667,173.027,0.011,976
115,64,0,0,1,8,11,44224,171.286,1.300,419.621,171.291,0.008,975
115,64,0,0,1,8,12,44523,172.603,1.473,422.890,172.609,0.009,1054
115,64,0,0,1,8,13,44525,171.568,7.151,426.153,171.717,0.042,1054
115,64,0,0,1,8,14,44529,171.937,5.128,457.610,172.013,0.030,1054
115,64,0,0,1,8,15,44524,171.770,6.043,462.088,171.876,0.035,1054
116,64,0,1,1,2,0,23152,32.046,1.075,138.418,32.064,0.034,136
116,64,0,1,1,2,1,24039,32.751,1.588,141.099,32.789,0.048,153
116,64,0,1,1,2,2,24008,31.503,0.244,142.756,31.504,0.008,152
116,64,0,1,1,2,3,24007,31.534,0.788,149.509,31.544,0.025,152
116,64,0,1,1,2,4,24027,33.240,0.187,150.847,33.241,0.006,153
116,64,0,1,1,2,5,24036,32.985,0.917,156.473,32.998,0.028,153
116,64,0,1,1,2,6,23995,31.503,0.239,169.727,31.504,0.008,152
116,64,0,1,1,2,7,24029,33.204,0.291,179.043,33.205,0.009,153
116,64,0,1,1,2,8,23998,31.570,1.421,196.627,31.601,0.045,152
116,64,0,1,1,2,9,24018,31.539,0.888,202.094,31.552,0.028,152
116,64,0,1,1,2,10,24035,32.793,1.467,204.062,32.825,0.045,153
116,64,0,1,1,2,11,24530,33.479,1.005,214.848,33.494,0.030,169
116,64,0,1,1,2,12,24519,31.990,0.081,222.824,31.990,0.003,168
116,64,0,1,1,2,13,24541,33.817,0.037,235.482,33.817,0.001,169
116,64,0,1,1,2,14,24817,33.212,0.266,306.893,33.214,0.008,185
116,64,0,1,1,2,15,24810,31.502,0.220,347.463,31.503,0.007,184
116,64,0,1,1,4,0,29295,72.879,0.961,12.680,72.885,0.013,241
116,64,0,1,1,4,1,29253,71.095,0.354,35.022,71.096,0.005,240
116,64,0,1,1,4,2,29283,72.960,0.627,35.779,72.962,0.009,241
116,64,0,1,1,4,3,29272,72.471,2.639,45.298,72.519,0.036,241
116,64,0,1,1,4,4,29280,72.714,1.639,58.938,72.732,0.023,241
116,64,0,1,1,4,5,29268,72.336,3.197,60.566,72.406,0.044,241
116,64,0,1,1,4,6,30110,73.257,1.499,81.228,73.273,0.020,273
116,64,0,1,1,4,7,30104,73.041,2.391,93.360,73.080,0.033,273
116,64,0,1,1,4,8,30086,71.581,0.585,97.684,71.584,0.008,272
116,64,0,1,1,4,9,30109,73.519,0.423,100.732,73.520,0.006,273
116,64,0,1,1,4,10,30124,72.902,2.963,108.628,72.962,0.041,273
116,64,0,1,1,4,11,30121,72.997,2.570,139.927,73.043,0.035,273
116,64,0,1,1,4,12,30789,72.647,1.916,151.277,72.672,0.026,305
116,64,0,1,1,4,13,31241,71.587,0.445,254.498,71.588,0.006,336
116,64,0,1,1,4,14,31250,73.040,2.393,257.119,73.080,0.033,337
116,64,0,1,1,4,15,31643,72.977,0.555,316.660,72.979,0.008,369
116,64,0,1,1,6,0,35243,116.462,4.930,-47.746,116.566,0.042,339
116,64,0,1,1,6,1,35235,116.902,2.765,-41.836,116.935,0.024,339
116,64,0,1,1,6,2,35244,117.061,1.985,-37.334,117.078,0.017,339
116,64,0,1,1,6,3,35234,116.425,5.114,-6.228,116.537,0.044,339
116,64,0,1,1,6,4,36039,116.473,2.388,23.066,116.497,0.020,391
116,64,0,1,1,6,5,36030,114.968,0.165,52.127,114.968,0.001,390
116,64,0,1,1,6,6,36034,116.902,0.279,53.054,116.902,0.002,391
116,64,0,1,1,6,7,36679,116.952,2.521,107.825,116.979,0.022,443
116,64,0,1,1,6,8,36682,116.325,5.608,110.015,116.460,0.048,443
116,64,0,1,1,6,9,36685,116.469,4.899,113.958,116.572,0.042,443
116,64,0,1,1,6,10,36690,116.398,5.246,119.121,116.516,0.045,443
116,64,0,1,1,6,11,36661,115.451,0.341,138.814,115.452,0.003,442
116,64,0,1,1,6,12,37244,116.949,0.049,140.671,116.949,0.000,495
116,64,0,1,1,6,13,37701,117.132,1.632,225.097,117.143,0.014,547
116,64,0,1,1,6,14,37699,117.137,1.610,228.648,117.148,0.014,547
116,64,0,1,1,6,15,37702,116.352,5.473,246.323,116.481,0.047,547
116,64,0,1,1,8,0,40868,170.816,1.028,-108.728,170.819,0.006,429
116,64,0,1,1,8,1,40874,172.209,3.634,-103.628,172.247,0.021,430
116,64,0,1,1,8,2,41488,172.879,2.721,-70.025,172.900,0.016,508
116,64,0,1,1,8,3,40875,172.369,2.757,-69.825,172.391,0.016,430
116,64,0,1,1,8,4,41487,172.362,5.554,-38.719,172.451,0.032,508
116,64,0,1,1,8,5,41489,172.454,5.052,-0.997,172.528,0.029,508
116,64,0,1,1,8,6,42111,171.947,5.071,-0.972,172.022,0.029,586
116,64,0,1,1,8,7,42108,171.475,7.658,33.453,171.646,0.045,586
116,64,0,1,1,8,8,42110,171.950,5.056,36.266,172.024,0.029,586
116,64,0,1,1,8,9,42113,172.291,3.185,40.743,172.320,0.018,586
116,64,0,1,1,8,10,42602,171.856,8.334,79.773,172.058,0.048,664
116,64,0,1,1,8,11,42604,172.423,5.220,79.829,172.502,0.030,664
116,64,0,1,1,8,12,42603,172.257,6.133,112.977,172.366,0.036,664
116,64,0,1,1,8,13,42606,172.247,6.188,138.031,172.358,0.036,664
116,64,0,1,1,8,14,43097,172.186,3.761,162.819,172.227,0.022,742
116,64,0,1,1,8,15,43104,172.376,2.717,168.717,172.397,0.016,742
117,64,1,0,1,2,0,23254,33.766,0.183,70.623,33.767,0.005,137
117,64,1,0,1,2,1,21764,33.010,0.845,70.824,33.021,0.026,121
117,64,1,0,1,2,2,23218,33.531,0.856,72.127,33.542,0.026,137
117,64,1,0,1,2,3,23256,33.683,0.422,73.864,33.685,0.013,137
117,64,1,0,1,2,4,23173,32.007,0.391,91.992,32.010,0.012,136
117,64,1,0,1,2,5,23195,32.030,0.790,93.707,32.040,0.025,136
117,64,1,0,1,2,6,23182,32.047,1.090,95.502,32.065,0.034,136
117,64,1,0,1,2,7,23253,33.654,0.502,97.012,33.658,0.015,137
117,64,1,0,1,2,8,23242,33.556,0.783,98.164,33.565,0.023,137
117,64,1,0,1,2,9,23211,33.453,1.080,99.892,33.470,0.032,137
117,64,1,0,1,2,10,23157,32.018,0.581,111.504,32.023,0.018,136
117,64,1,0,1,2,11,23222,33.613,0.621,117.151,33.619,0.018,137
117,64,1,0,1,2,12,23191,32.029,0.778,128.964,32.039,0.024,136
117,64,1,0,1,2,13,23224,33.543,0.821,135.129,33.553,0.024,137
117,64,1,0,1,2,14,23250,33.355,1.360,138.103,33.382,0.041,137
117,64,1,0,1,2,15,23152,32.046,1.075,138.418,32.064,0.034,136
117,64,1,0,1,4,0,29292,72.272,3.460,3.894,72.355,0.048,241
117,64,1,0,1,4,1,29244,71.072,0.910,12.264,71.078,0.013,240
117,64,1,0,1,4,2,29295,72.879,0.961,12.680,72.885,0.013,241
117,64,1,0,1,4,3,29253,71.095,0.354,35.022,71.096,0.005,240
117,64,1,0,1,4,4,29283,72.960,0.627,35.779,72.962,0.009,241
117,64,1,0,1,4,5,29272,72.471,2.639,45.298,72.519,0.036,241
117,64,1,0,1,4,6,29280,72.714,1.639,58.938,72.732,0.023,241
117,64,1,0,1,4,7,29268,72.336,3.197,60.566,72.406,0.044,241
117,64,1,0,1,4,8,30110,73.257,1.499,81.228,73.273,0.020,273
117,64,1,0,1,4,9,30104,73.041,2.391,93.360,73.080,0.033,273
117,64,1,0,1,4,10,30086,71.581,0.585,97.684,71.584,0.008,272
117,64,1,0,1,4,11,30109,73.519,0.423,100.732,73.520,0.006,273
117,64,1,0,1,4,12,30124,72.902,2.963,108.628,72.962,0.041,273
117,64,1,0,1,4,13,30121,72.997,2.570,139.927,73.043,0.035,273
117,64,1,0,1,4,14,30789,72.647,1.916,151.277,72.672,0.026,305
117,64,1,0,1,4,15,31241,71.587,0.445,254.498,71.588,0.006,336
117,64,1,0,1,6,0,35244,117.061,1.985,-37.334,117.078,0.017,339
117,64,1,0,1,6,1,35234,116.425,5.114,-6.228,116.537,0.044,339
117,64,1,0,1,6,2,36039,116.473,2.388,23.066,116.497,0.020,391
117,64,1,0,1,6,3,36030,114.968,0.165,52.127,114.968,0.001,390
117,64,1,0,1,6,4,36034,116.902,0.279,53.054,116.902,0.002,391
117,64,1,0,1,6,5,36679,116.952,2.521,107.825,116.979,0.022,443
117,64,1,0,1,6,6,36682,116.325,5.608,110.015,116.460,0.048,443
117,64,1,0,1,6,7,36685,116.469,4.899,113.958,116.572,0.042,443
117,64,1,0,1,6,8,36690,116.398,5.246,119.121,116.516,0.045,443
117,64,1,0,1,6,9,36661,115.451,0.341,138.814,115.452,0.003,442
117,64,1,0,1,6,10,37244,116.949,0.049,140.671,116.949,0.000,495
117,64,1,0,1,6,11,37701,117.132,1.632,225.097,117.143,0.014,547
117,64,1,0,1,6,12,37699,117.137,1.610,228.648,117.148,0.014,547
117,64,1,0,1,6,13,37702,116.352,5.473,246.323,116.481,0.047,547
117,64,1,0,1,6,14,38050,115.945,4.988,296.521,116.052,0.043,599
117,64,1,0,1,6,15,38377,116.955,2.504,406.338,116.982,0.021,651
117,64,1,0,1,8,0,43104,172.376,2.717,168.717,172.397,0.016,742
117,64,1,0,1,8,1,43105,171.751,6.146,174.680,171.861,0.036,742
117,64,1,0,1,8,2,43102,172.350,2.858,175.305,172.374,0.017,742
117,64,1,0,1,8,3,43099,171.427,7.922,185.002,171.610,0.046,742
117,64,1,0,1,8,4,43098,171.743,6.190,195.695,171.855,0.036,742
117,64,1,0,1,8,5,43103,172.786,0.465,206.254,172.787,0.003,742
117,64,1,0,1,8,6,43531,172.008,7.499,229.297,172.171,0.044,820
117,64,1,0,1,8,7,43526,171.334,0.819,268.404,171.336,0.005,819
117,64,1,0,1,8,8,43530,173.173,1.103,271.361,173.177,0.006,820
117,64,1,0,1,8,9,44227,172.887,2.677,365.773,172.908,0.015,976
117,64,1,0,1,8,10,44230,173.016,1.964,382.667,173.027,0.011,976
117,64,1,0,1,8,11,44224,171.286,1.300,419.621,171.291,0.008,975
117,64,1,0,1,8,12,44523,172.603,1.473,422.890,172.609,0.009,1054
117,64,1,0,1,8,13,44525,171.568,7.151,426.153,171.717,0.042,1054
117,64,1,0,1,8,14,44529,171.937,5.128,457.610,172.013,0.030,1054
117,64,1,0,1,8,15,44524,171.770,6.043,462.088,171.876,0.035,1054
118,64,1,1,1,2,0,23254,33.766,0.183,70.623,33.767,0.005,137
118,64,1,1,1,2,1,21764,33.010,0.845,70.824,33.021,0.026,121
118,64,1,1,1,2,2,23218,33.531,0.856,72.127,33.542,0.026,137
118,64,1,1,1,2,3,23256,33.683,0.422,73.864,33.685,0.013,137
118,64,1,1,1,2,4,23173,32.007,0.391,91.992,32.010,0.012,136
118,64,1,1,1,2,5,23195,32.030,0.790,93.707,32.040,0.025,136
118,64,1,1,1,2,6,23182,32.047,1.090,95.502,32.065,0.034,136
118,64,1,1,1,2,7,23253,33.654,0.502,97.012,33.658,0.015,137
118,64,1,1,1,2,8,23242,33.556,0.783,98.164,33.565,0.023,137
118,64,1,1,1,2,9,23211,33.453,1.080,99.892,33.470,0.032,137
118,64,1,1,1,2,10,23157,32.018,0.581,111.504,32.023,0.018,136
118,64,1,1,1,2,11,23222,33.613,0.621,117.151,33.619,0.018,137
118,64,1,1,1,2,12,23191,32.029,0.778,128.964,32.039,0.024,136
118,64,1,1,1,2,13,23224,33.543,0.821,135.129,33.553,0.024,137
118,64,1,1,1,2,14,23250,33.355,1.360,138.103,33.382,0.041,137
118,64,1,1,1,2,15,23152,32.046,1.075,138.418,32.064,0.034,136
118,64,1,1,1,4,0,28133,71.592,0.325,-9.266,71.593,0.005,208
118,64,1,1,1,4,1,29292,72.272,3.460,3.894,72.355,0.048,241
118,64,1,1,1,4,2,29244,71.072,0.910,12.264,71.078,0.013,240
118,64,1,1,1,4,3,29295,72.879,0.961,12.680,72.885,0.013,241
118,64,1,1,1,4,4,29253,71.095,0.354,35.022,71.096,0.005,240
118,64,1,1,1,4,5,29283,72.960,0.627,35.779,72.962,0.009,241
118,64,1,1,1,4,6,29272,72.471,2.639,45.298,72.519,0.036,241
118,64,1,1,1,4,7,29280,72.714,1.639,58.938,72.732,0.023,241
118,64,1,1,1,4,8,29268,72.336,3.197,60.566,72.406,0.044,241
118,64,1,1,1,4,9,30110,73.257,1.499,81.228,73.273,0.020,273
118,64,1,1,1,4,10,30104,73.041,2.391,93.360,73.080,0.033,273
118,64,1,1,1,4,11,30086,71.581,0.585,97.684,71.584,0.008,272
118,64,1,1,1,4,12,30109,73.519,0.423,100.732,73.520,0.006,273
118,64,1,1,1,4,13,30124,72.902,2.963,108.628,72.962,0.041,273
118,64,1,1,1,4,14,30121,72.997,2.570,139.927,73.043,0.035,273
118,64,1,1,1,4,15,30789,72.647,1.916,151.277,72.672,0.026,305
118,64,1,1,1,6,0,34482,116.080,4.326,-71.222,116.161,0.037,287
118,64,1,1,1,6,1,35240,116.384,5.315,-52.414,116.505,0.046,339
118,64,1,1,1,6,2,35243,116.462,4.930,-47.746,116.566,0.042,339
118,64,1,1,1,6,3,35235,116.902,2.765,-41.836,116.935,0.024,339
118,64,1,1,1,6,4,35244,117.061,1.985,-37.334,117.078,0.017,339
118,64,1,1,1,6,5,35234,116.425,5.114,-6.228,116.537,0.044,339
118,64,1,1,1,6,6,36039,116.473,2.388,23.066,116.497,0.020,391
118,64,1,1,1,6,7,36030,114.968,0.165,52.127,114.968,0.001,390
118,64,1,1,1,6,8,36034,116.902,0.279,53.054,116.902,0.002,391
118,64,1,1,1,6,9,36679,116.952,2.521,107.825,116.979,0.022,443
118,64,1,1,1,6,10,36682,116.325,5.608,110.015,116.460,0.048,443
118,64,1,1,1,6,11,36685,116.469,4.899,113.958,116.572,0.042,443
118,64,1,1,1,6,12,36690,116.398,5.246,119.121,116.516,0.045,443
118,64,1,1,1,6,13,36661,115.451,0.341,138.814,115.452,0.003,442
118,64,1,1,1,6,14,37244,116.949,0.049,140.671,116.949,0.000,495
118,64,1,1,1,6,15,37701,117.132,1.632,225.097,117.143,0.014,547
118,64,1,1,1,8,0,40868,170.816,1.028,-108.728,170.819,0.006,429
118,64,1,1,1,8,1,40874,172.209,3.634,-103.628,172.247,0.021,430
118,64,1,1,1,8,2,41488,172.879,2.721,-70.025,172.900,0.016,508
118,64,1,1,1,8,3,40875,172.369,2.757,-69.825,172.391,0.016,430
118,64,1,1,1,8,4,41487,172.362,5.554,-38.719,172.451,0.032,508
118,64,1,1,1,8,5,41489,172.454,5.052,-0.997,172.528,0.029,508
118,64,1,1,1,8,6,42111,171.947,5.071,-0.972,172.022,0.029,586
118,64,1,1,1,8,7,42108,171.475,7.658,33.453,171.646,0.045,586
118,64,1,1,1,8,8,42110,171.950,5.056,36.266,172.024,0.029,586
118,64,1,1,1,8,9,42113,172.291,3.185,40.743,172.320,0.018,586
118,64,1,1,1,8,10,42602,171.856,8.334,79.773,172.058,0.048,664
118,64,1,1,1,8,11,42604,172.423,5.220,79.829,172.502,0.030,664
118,64,1,1,1,8,12,42603,172.257,6.133,112.977,172.366,0.036,664
118,64,1,1,1,8,13,42606,172.247,6.188,138.031,172.358,0.036,664
118,64,1,1,1,8,14,43097,172.186,3.761,162.819,172.227,0.022,742
118,64,1,1,1,8,15,43104,172.376,2.717,168.717,172.397,0.016,742
119,64,2,0,1,2,0,21647,31.550,1.072,29.749,31.568,0.034,120
119,64,2,0,1,2,1,21722,31.491,0.039,31.844,31.492,0.001,120
119,64,2,0,1,2,2,21680,31.503,0.249,31.911,31.504,0.008,120
119,64,2,0,1,2,3,21803,33.219,0.246,33.528,33.220,0.007,121
119,64,2,0,1,2,4,21672,31.568,1.387,36.237,31.598,0.044,120
119,64,2,0,1,2,5,21836,32.806,1.429,37.579,32.837,0.044,121
119,64,2,0,1,2,6,21713,31.534,0.788,39.606,31.544,0.025,120
119,64,2,0,1,2,7,21808,33.016,0.829,41.525,33.026,0.025,121
119,64,2,0,1,2,8,21741,31.501,0.213,62.152,31.502,0.007,120
119,64,2,0,1,2,9,21817,33.218,0.251,65.866,33.219,0.008,121
119,64,2,0,1,2,10,21742,31.503,0.239,66.494,31.504,0.008,120
119,64,2,0,1,2,11,21733,31.531,0.738,67.700,31.540,0.023,120
119,64,2,0,1,2,12,21695,31.506,0.289,68.443,31.507,0.009,120
119,64,2,0,1,2,13,21831,33.236,0.200,69.642,33.236,0.006,121
119,64,2,0,1,2,14,23175,32.005,0.341,69.674,32.006,0.011,136
119,64,2,0,1,2,15,23254,33.766,0.183,70.623,33.767,0.005,137
119,64,2,0,1,4,0,29292,72.272,3.460,3.894,72.355,0.048,241
119,64,2,0,1,4,1,29244,71.072,0.910,12.264,71.078,0.013,240
119,64,2,0,1,4,2,29295,72.879,0.961,12.680,72.885,0.013,241
119,64,2,0,1,4,3,29253,71.095,0.354,35.022,71.096,0.005,240
119,64,2,0,1,4,4,29283,72.960,0.627,35.779,72.962,0.009,241
119,64,2,0,1,4,5,29272,72.471,2.639,45.298,72.519,0.036,241
119,64,2,0,1,4,6,29280,72.714,1.639,58.938,72.732,0.023,241
119,64,2,0,1,4,7,29268,72.336,3.197,60.566,72.406,0.044,241
119,64,2,0,1,4,8,30110,73.257,1.499,81.228,73.273,0.020,273
119,64,2,0,1,4,9,30104,73.041,2.391,93.360,73.080,0.033,273
119,64,2,0,1,4,10,30086,71.581,0.585,97.684,71.584,0.008,272
119,64,2,0,1,4,11,30109,73.519,0.423,100.732,73.520,0.006,273
119,64,2,0,1,4,12,30124,72.902,2.963,108.628,72.962,0.041,273
119,64,2,0,1,4,13,30121,72.997,2.570,139.927,73.043,0.035,273
119,64,2,0,1,4,14,30789,72.647,1.916,151.277,72.672,0.026,305
119,64,2,0,1,4,15,31241,71.587,0.445,254.498,71.588,0.006,336
119,64,2,0,1,6,0,35244,117.061,1.985,-37.334,117.078,0.017,339
119,64,2,0,1,6,1,35234,116.425,5.114,-6.228,116.537,0.044,339
119,64,2,0,1,6,2,36039,116.473,2.388,23.066,116.497,0.020,391
119,64,2,0,1,6,3,36030,114.968,0.165,52.127,114.968,0.001,390
119,64,2,0,1,6,4,36034,116.902,0.279,53.054,116.902,0.002,391
119,64,2,0,1,6,5,36679,116.952,2.521,107.825,116.979,0.022,443
119,64,2,0,1,6,6,36682,116.325,5.608,110.015,116.460,0.048,443
119,64,2,0,1,6,7,36685,116.469,4.899,113.958,116.572,0.042,443
119,64,2,0,1,6,8,36690,116.398,5.246,119.121,116.516,0.045,443
119,64,2,0,1,6,9,36661,115.451,0.341,138.814,115.452,0.003,442
119,64,2,0,1,6,10,37244,116.949,0.049,140.671,116.949,0.000,495
119,64,2,0,1,6,11,37701,117.132,1.632,225.097,117.143,0.014,547
119,64,2,0,1,6,12,37699,117.137,1.610,228.648,117.148,0.014,547
119,64,2,0,1,6,13,37702,116.352,5.473,246.323,116.481,0.047,547
119,64,2,0,1,6,14,38050,115.945,4.988,296.521,116.052,0.043,599
119,64,2,0,1,6,15,38377,116.955,2.504,406.338,116.982,0.021,651
119,64,2,0,1,8,0,43104,172.376,2.717,168.717,172.397,0.016,742
119,64,2,0,1,8,1,43105,171.751,6.146,174.680,171.861,0.036,742
119,64,2,0,1,8,2,43102,172.350,2.858,175.305,172.374,0.017,742
119,64,2,0,1,8,3,43099,171.427,7.922,185.002,171.610,0.046,742
119,64,2,0,1,8,4,43098,171.743,6.190,195.695,171.855,0.036,742
119,64,2,0,1,8,5,43103,172.786,0.465,206.254,172.787,0.003,742
119,64,2,0,1,8,6,43531,172.008,7.499,229.297,172.171,0.044,820
119,64,2,0,1,8,7,43526,171.334,0.819,268.404,171.336,0.005,819
119,64,2,0,1,8,8,43530,173.173,1.103,271.361,173.177,0.006,820
119,64,2,0,1,8,9,44227,172.887,2.677,365.773,172.908,0.015,976
119,64,2,0,1,8,10,44230,173.016,1.964,382.667,173.027,0.011,976
119,64,2,0,1,8,11,44224,171.286,1.300,419.621,171.291,0.008,975
119,64,2,0,1,8,12,44523,172.603,1.473,422.890,172.609,0.009,1054
119,64,2,0,1,8,13,44525,171.568,7.151,426.153,171.717,0.042,1054
119,64,2,0,1,8,14,44529,171.937,5.128,457.610,172.013,0.030,1054
119,64,2,0,1,8,15,44524,171.770,6.043,462.088,171.876,0.035,1054
120,64,2,1,1,2,0,21647,31.550,1.072,29.749,31.568,0.034,120
120,64,2,1,1,2,1,21722,31.491,0.039,31.844,31.492,0.001,120
120,64,2,1,1,2,2,21680,31.503,0.249,31.911,31.504,0.008,120
120,64,2,1,1,2,3,21803,33.219,0.246,33.528,33.220,0.007,121
120,64,2,1,1,2,4,21672,31.568,1.387,36.237,31.598,0.044,120
120,64,2,1,1,2,5,21836,32.806,1.429,37.579,32.837,0.044,121
120,64,2,1,1,2,6,21713,31.534,0.788,39.606,31.544,0.025,120
120,64,2,1,1,2,7,21808,33.016,0.829,41.525,33.026,0.025,121
120,64,2,1,1,2,8,21741,31.501,0.213,62.152,31.502,0.007,120
120,64,2,1,1,2,9,21817,33.218,0.251,65.866,33.219,0.008,121
120,64,2,1,1,2,10,21742,31.503,0.239,66.494,31.504,0.008,120
120,64,2,1,1,2,11,21733,31.531,0.738,67.700,31.540,0.023,120
120,64,2,1,1,2,12,21695,31.506,0.289,68.443,31.507,0.009,120
120,64,2,1,1,2,13,21831,33.236,0.200,69.642,33.236,0.006,121
120,64,2,1,1,2,14,23175,32.005,0.341,69.674,32.006,0.011,136
120,64,2,1,1,2,15,23254,33.766,0.183,70.623,33.767,0.005,137
120,64,2,1,1,4,0,28143,73.275,1.427,-13.259,73.289,0.019,209
120,64,2,1,1,4,1,28158,72.909,2.935,-10.166,72.968,0.040,209
120,64,2,1,1,4,2,28160,73.595,0.109,-9.434,73.595,0.001,209
120,64,2,1,1,4,3,28133,71.592,0.325,-9.266,71.593,0.005,208
120,64,2,1,1,4,4,29292,72.272,3.460,3.894,72.355,0.048,241
120,64,2,1,1,4,5,29244,71.072,0.910,12.264,71.078,0.013,240
120,64,2,1,1,4,6,29295,72.879,0.961,12.680,72.885,0.013,241
120,64,2,1,1,4,7,29253,71.095,0.354,35.022,71.096,0.005,240
120,64,2,1,1,4,8,29283,72.960,0.627,35.779,72.962,0.009,241
120,64,2,1,1,4,9,29272,72.471,2.639,45.298,72.519,0.036,241
120,64,2,1,1,4,10,29280,72.714,1.639,58.938,72.732,0.023,241
120,64,2,1,1,4,11,29268,72.336,3.197,60.566,72.406,0.044,241
120,64,2,1,1,4,12,30110,73.257,1.499,81.228,73.273,0.020,273
120,64,2,1,1,4,13,30104,73.041,2.391,93.360,73.080,0.033,273
120,64,2,1,1,4,14,30086,71.581,0.585,97.684,71.584,0.008,272
120,64,2,1,1,4,15,30109,73.519,0.423,100.732,73.520,0.006,273
120,64,2,1,1,6,0,34479,114.923,0.727,-84.589,114.925,0.006,286
120,64,2,1,1,6,1,34495,115.874,5.337,-75.664,115.997,0.046,287
120,64,2,1,1,6,2,34482,116.080,4.326,-71.222,116.161,0.037,287
120,64,2,1,1,6,3,35240,116.384,5.315,-52.414,116.505,0.046,339
120,64,2,1,1,6,4,35243,116.462,4.930,-47.746,116.566,0.042,339
120,64,2,1,1,6,5,35235,116.902,2.765,-41.836,116.935,0.024,339
120,64,2,1,1,6,6,35244,117.061,1.985,-37.334,117.078,0.017,339
120,64,2,1,1,6,7,35234,116.425,5.114,-6.228,116.537,0.044,339
120,64,2,1,1,6,8,36039,116.473,2.388,23.066,116.497,0.020,391
120,64,2,1,1,6,9,36030,114.968,0.165,52.127,114.968,0.001,390
120,64,2,1,1,6,10,36034,116.902,0.279,53.054,116.902,0.002,391
120,64,2,1,1,6,11,36679,116.952,2.521,107.825,116.979,0.022,443
120,64,2,1,1,6,12,36682,116.325,5.608,110.015,116.460,0.048,443
120,64,2,1,1,6,13,36685,116.469,4.899,113.958,116.572,0.042,443
120,64,2,1,1,6,14,36690,116.398,5.246,119.121,116.516,0.045,443
120,64,2,1,1,6,15,36661,115.451,0.341,138.814,115.452,0.003,442
120,64,2,1,1,8,0,40868,170.816,1.028,-108.728,170.819,0.006,429
120,64,2,1,1,8,1,40874,172.209,3.634,-103.628,172.247,0.021,430
120,64,2,1,1,8,2,41488,172.879,2.721,-70.025,172.900,0.016,508
120,64,2,1,1,8,3,40875,172.369,2.757,-69.825,172.391,0.016,430
120,64,2,1,1,8,4,41487,172.362,5.554,-38.719,172.451,0.032,508
120,64,2,1,1,8,5,41489,172.454,5.052,-0.997,172.528,0.029,508
120,64,2,1,1,8,6,42111,171.947,5.071,-0.972,172.022,0.029,586
120,64,2,1,1,8,7,42108,171.475,7.658,33.453,171.646,0.045,586
120,64,2,1,1,8,8,42110,171.950,5.056,36.266,172.024,0.029,586
120,64,2,1,1,8,9,42113,172.291,3.185,40.743,172.320,0.018,586
120,64,2,1,1,8,10,42602,171.856,8.334,79.773,172.058,0.048,664
120,64,2,1,1,8,11,42604,172.423,5.220,79.829,172.502,0.030,664
120,64,2,1,1,8,12,42603,172.257,6.133,112.977,172.366,0.036,664
120,64,2,1,1,8,13,42606,172.247,6.188,138.031,172.358,0.036,664
120,64,2,1,1,8,14,43097,172.186,3.761,162.819,172.227,0.022,742
120,64,2,1,1,8,15,43104,172.376,2.717,168.717,172.397,0.016,742
121,64,3,0,1,2,0,21767,32.832,1.355,2.009,32.860,0.041,121
121,64,3,0,1,2,1,21692,31.500,0.189,2.843,31.501,0.006,120
121,64,3,0,1,2,2,21747,33.234,0.204,3.263,33.235,0.006,121
121,64,3,0,1,2,3,21723,31.558,1.222,5.266,31.582,0.039,120
121,64,3,0,1,2,4,21756,32.883,1.208,5.511,32.906,0.037,121
121,64,3,0,1,2,5,21708,31.538,0.865,8.551,31.550,0.027,120
121,64,3,0,1,2,6,21858,32.977,0.939,9.602,32.990,0.028,121
121,64,3,0,1,2,7,21710,31.573,1.487,15.198,31.608,0.047,120
121,64,3,0,1,2,8,21735,31.574,1.502,15.199,31.610,0.048,120
121,64,3,0,1,2,9,21732,31.492,0.043,20.065,31.492,0.001,120
121,64,3,0,1,2,10,21707,31.535,0.814,20.569,31.546,0.026,120
121,64,3,0,1,2,11,21829,33.292,0.039,21.294,33.292,0.001,121
121,64,3,0,1,2,12,21792,33.027,0.796,21.482,33.037,0.024,121
121,64,3,0,1,2,13,21736,31.528,0.688,23.651,31.536,0.022,120
121,64,3,0,1,2,14,21763,33.046,0.743,25.018,33.054,0.022,121
121,64,3,0,1,2,15,21647,31.550,1.072,29.749,31.568,0.034,120
121,64,3,0,1,4,0,29292,72.272,3.460,3.894,72.355,0.048,241
121,64,3,0,1,4,1,29244,71.072,0.910,12.264,71.078,0.013,240
121,64,3,0,1,4,2,29295,72.879,0.961,12.680,72.885,0.013,241
121,64,3,0,1,4,3,29253,71.095,0.354,35.022,71.096,0.005,240
121,64,3,0,1,4,4,29283,72.960,0.627,35.779,72.962,0.009,241
121,64,3,0,1,4,5,29272,72.471,2.639,45.298,72.519,0.036,241
121,64,3,0,1,4,6,29280,72.714,1.639,58.938,72.732,0.023,241
121,64,3,0,1,4,7,29268,72.336,3.197,60.566,72.406,0.044,241
121,64,3,0,1,4,8,30110,73.257,1.499,81.228,73.273,0.020,273
121,64,3,0,1,4,9,30104,73.041,2.391,93.360,73.080,0.033,273
121,64,3,0,1,4,10,30086,71.581,0.585,97.684,71.584,0.008,272
121,64,3,0,1,4,11,30109,73.519,0.423,100.732,73.520,0.006,273
121,64,3,0,1,4,12,30124,72.902,2.963,108.628,72.962,0.041,273
121,64,3,0,1,4,13,30121,72.997,2.570,139.927,73.043,0.035,273
121,64,3,0,1,4,14,30789,72.647,1.916,151.277,72.672,0.026,305
121,64,3,0,1,4,15,31241,71.587,0.445,254.498,71.588,0.006,336
121,64,3,0,1,6,0,35235,116.902,2.765,-41.836,116.935,0.024,339
121,64,3,0,1,6,1,35244,117.061,1.985,-37.334,117.078,0.017,339
121,64,3,0,1,6,2,35234,116.425,5.114,-6.228,116.537,0.044,339
121,64,3,0,1,6,3,36039,116.473,2.388,23.066,116.497,0.020,391
121,64,3,0,1,6,4,36030,114.968,0.165,52.127,114.968,0.001,390
121,64,3,0,1,6,5,36034,116.902,0.279,53.054,116.902,0.002,391
121,64,3,0,1,6,6,36679,116.952,2.521,107.825,116.979,0.022,443
121,64,3,0,1,6,7,36682,116.325,5.608,110.015,116.460,0.048,443
121,64,3,0,1,6,8,36685,116.469,4.899,113.958,116.572,0.042,443
121,64,3,0,1,6,9,36690,116.398,5.246,119.121,116.516,0.045,443
121,64,3,0,1,6,10,36661,115.451,0.341,138.814,115.452,0.003,442
121,64,3,0,1,6,11,37244,116.949,0.049,140.671,116.949,0.000,495
121,64,3,0,1,6,12,37701,117.132,1.632,225.097,117.143,0.014,547
121,64,3,0,1,6,13,37699,117.137,1.610,228.648,117.148,0.014,547
121,64,3,0,1,6,14,37702,116.352,5.473,246.323,116.481,0.047,547
121,64,3,0,1,6,15,38050,115.945,4.988,296.521,116.052,0.043,599
121,64,3,0,1,8,0,43104,172.376,2.717,168.717,172.397,0.016,742
121,64,3,0,1,8,1,43105,171.751,6.146,174.680,171.861,0.036,742
121,64,3,0,1,8,2,43102,172.350,2.858,175.305,172.374,0.017,742
121,64,3,0,1,8,3,43099,171.427,7.922,185.002,171.610,0.046,742
121,64,3,0,1,8,4,43098,171.743,6.190,195.695,171.855,0.036,742
121,64,3,0,1,8,5,43103,172.786,0.465,206.254,172.787,0.003,742
121,64,3,0,1,8,6,43531,172.008,7.499,229.297,172.171,0.044,820
121,64,3,0,1,8,7,43526,171.334,0.819,268.404,171.336,0.005,819
121,64,3,0,1,8,8,43530,173.173,1.103,271.361,173.177,0.006,820
121,64,3,0,1,8,9,44227,172.887,2.677,365.773,172.908,0.015,976
121,64,3,0,1,8,10,44230,173.016,1.964,382.667,173.027,0.011,976
121,64,3,0,1,8,11,44224,171.286,1.300,419.621,171.291,0.008,975
121,64,3,0,1,8,12,44523,172.603,1.473,422.890,172.609,0.009,1054
121,64,3,0,1,8,13,44525,171.568,7.151,426.153,171.717,0.042,1054
121,64,3,0,1,8,14,44529,171.937,5.128,457.610,172.013,0.030,1054
121,64,3,0,1,8,15,44524,171.770,6.043,462.088,171.876,0.035,1054
122,64,3,1,1,2,0,21767,32.832,1.355,2.009,32.860,0.041,121
122,64,3,1,1,2,1,21692,31.500,0.189,2.843,31.501,0.006,120
122,64,3,1,1,2,2,21747,33.234,0.204,3.263,33.235,0.006,121
122,64,3,1,1,2,3,21723,31.558,1.222,5.266,31.582,0.039,120
122,64,3,1,1,2,4,21756,32.883,1.208,5.511,32.906,0.037,121
122,64,3,1,1,2,5,21708,31.538,0.865,8.551,31.550,0.027,120
122,64,3,1,1,2,6,21858,32.977,0.939,9.602,32.990,0.028,121
122,64,3,1,1,2,7,21710,31.573,1.487,15.198,31.608,0.047,120
122,64,3,1,1,2,8,21735,31.574,1.502,15.199,31.610,0.048,120
122,64,3,1,1,2,9,21732,31.492,0.043,20.065,31.492,0.001,120
122,64,3,1,1,2,10,21707,31.535,0.814,20.569,31.546,0.026,120
122,64,3,1,1,2,11,21829,33.292,0.039,21.294,33.292,0.001,121
122,64,3,1,1,2,12,21792,33.027,0.796,21.482,33.037,0.024,121
122,64,3,1,1,2,13,21736,31.528,0.688,23.651,31.536,0.022,120
122,64,3,1,1,2,14,21763,33.046,0.743,25.018,33.054,0.022,121
122,64,3,1,1,2,15,21647,31.550,1.072,29.749,31.568,0.034,120
122,64,3,1,1,4,0,28175,73.368,1.045,-37.109,73.375,0.014,209
122,64,3,1,1,4,1,28125,71.561,1.066,-36.269,71.569,0.015,208
122,64,3,1,1,4,2,28142,72.981,2.638,-32.713,73.029,0.036,209
122,64,3,1,1,4,3,28143,73.275,1.427,-13.259,73.289,0.019,209
122,64,3,1,1,4,4,28158,72.909,2.935,-10.166,72.968,0.040,209
122,64,3,1,1,4,5,28160,73.595,0.109,-9.434,73.595,0.001,209
122,64,3,1,1,4,6,28133,71.592,0.325,-9.266,71.593,0.005,208
122,64,3,1,1,4,7,29292,72.272,3.460,3.894,72.355,0.048,241
122,64,3,1,1,4,8,29244,71.072,0.910,12.264,71.078,0.013,240
122,64,3,1,1,4,9,29295,72.879,0.961,12.680,72.885,0.013,241
122,64,3,1,1,4,10,29253,71.095,0.354,35.022,71.096,0.005,240
122,64,3,1,1,4,11,29283,72.960,0.627,35.779,72.962,0.009,241
122,64,3,1,1,4,12,29272,72.471,2.639,45.298,72.519,0.036,241
122,64,3,1,1,4,13,29280,72.714,1.639,58.938,72.732,0.023,241
122,64,3,1,1,4,14,29268,72.336,3.197,60.566,72.406,0.044,241
122,64,3,1,1,4,15,30110,73.257,1.499,81.228,73.273,0.020,273
122,64,3,1,1,6,0,34471,114.923,0.730,-92.837,114.925,0.006,286
122,64,3,1,1,6,1,34489,116.777,0.896,-87.153,116.780,0.008,287
122,64,3,1,1,6,2,34479,114.923,0.727,-84.589,114.925,0.006,286
122,64,3,1,1,6,3,34495,115.874,5.337,-75.664,115.997,0.046,287
122,64,3,1,1,6,4,34482,116.080,4.326,-71.222,116.161,0.037,287
122,64,3,1,1,6,5,35240,116.384,5.315,-52.414,116.505,0.046,339
122,64,3,1,1,6,6,35243,116.462,4.930,-47.746,116.566,0.042,339
122,64,3,1,1,6,7,35235,116.902,2.765,-41.836,116.935,0.024,339
122,64,3,1,1,6,8,35244,117.061,1.985,-37.334,117.078,0.017,339
122,64,3,1,1,6,9,35234,116.425,5.114,-6.228,116.537,0.044,339
122,64,3,1,1,6,10,36039,116.473,2.388,23.066,116.497,0.020,391
122,64,3,1,1,6,11,36030,114.968,0.165,52.127,114.968,0.001,390
122,64,3,1,1,6,12,36034,116.902,0.279,53.054,116.902,0.002,391
122,64,3,1,1,6,13,36679,116.952,2.521,107.825,116.979,0.022,443
122,64,3,1,1,6,14,36682,116.325,5.608,110.015,116.460,0.048,443
122,64,3,1,1,6,15,36685,116.469,4.899,113.958,116.572,0.042,443
122,64,3,1,1,8,0,40868,170.816,1.028,-108.728,170.819,0.006,429
122,64,3,1,1,8,1,40874,172.209,3.634,-103.628,172.247,0.021,430
122,64,3,1,1,8,2,41488,172.879,2.721,-70.025,172.900,0.016,508
122,64,3,1,1,8,3,40875,172.369,2.757,-69.825,172.391,0.016,430
122,64,3,1,1,8,4,41487,172.362,5.554,-38.719,172.451,0.032,508
122,64,3,1,1,8,5,41489,172.454,5.052,-0.997,172.528,0.029,508
122,64,3,1,1,8,6,42111,171.947,5.071,-0.972,172.022,0.029,586
122,64,3,1,1,8,7,42108,171.475,7.658,33.453,171.646,0.045,586
122,64,3,1,1,8,8,42110,171.950,5.056,36.266,172.024,0.029,586
122,64,3,1,1,8,9,42113,172.291,3.185,40.743,172.320,0.018,586
122,64,3,1,1,8,10,42602,171.856,8.334,79.773,172.058,0.048,664
122,64,3,1,1,8,11,42604,172.423,5.220,79.829,172.502,0.030,664
122,64,3,1,1,8,12,42603,172.257,6.133,112.977,172.366,0.036,664
122,64,3,1,1,8,13,42606,172.247,6.188,138.031,172.358,0.036,664
122,64,3,1,1,8,14,43097,172.186,3.761,162.819,172.227,0.022,742
122,64,3,1,1,8,15,43104,172.376,2.717,168.717,172.397,0.016,742
123,64,4,0,1,2,0,19613,33.394,1.248,-19.417,33.417,0.037,105
123,64,4,0,1,2,1,19706,33.320,1.459,-19.271,33.352,0.044,105
123,64,4,0,1,2,2,19495,32.050,1.140,-18.699,32.070,0.036,104
123,64,4,0,1,2,3,19603,33.495,0.959,-18.585,33.508,0.029,105
123,64,4,0,1,2,4,19496,32.066,1.439,-18.504,32.099,0.045,104
123,64,4,0,1,2,5,19469,32.038,0.940,-17.906,32.052,0.029,104
123,64,4,0,1,2,6,19600,33.507,0.924,-14.751,33.520,0.028,105
123,64,4,0,1,2,7,19598,32.035,0.890,-14.077,32.048,0.028,104
123,64,4,0,1,2,8,19658,33.406,1.212,-13.932,33.428,0.036,105
123,64,4,0,1,2,9,19504,32.036,0.909,-13.146,32.049,0.028,104
123,64,4,0,1,2,10,19716,33.658,0.491,-8.970,33.662,0.015,105
123,64,4,0,1,2,11,19558,32.010,0.441,-8.908,32.013,0.014,104
123,64,4,0,1,2,12,19457,32.061,1.339,-1.561,32.089,0.042,104
123,64,4,0,1,2,13,19752,33.330,1.430,-1.447,33.361,0.043,105
123,64,4,0,1,2,14,21675,31.562,1.287,1.953,31.588,0.041,120
123,64,4,0,1,2,15,21767,32.832,1.355,2.009,32.860,0.041,121
123,64,4,0,1,4,0,28160,73.595,0.109,-9.434,73.595,0.001,209
123,64,4,0,1,4,1,28133,71.592,0.325,-9.266,71.593,0.005,208
123,64,4,0,1,4,2,29292,72.272,3.460,3.894,72.355,0.048,241
123,64,4,0,1,4,3,29244,71.072,0.910,12.264,71.078,0.013,240
123,64,4,0,1,4,4,29295,72.879,0.961,12.680,72.885,0.013,241
123,64,4,0,1,4,5,29253,71.095,0.354,35.022,71.096,0.005,240
123,64,4,0,1,4,6,29283,72.960,0.627,35.779,72.962,0.009,241
123,64,4,0,1,4,7,29272,72.471,2.639,45.298,72.519,0.036,241
123,64,4,0,1,4,8,29280,72.714,1.639,58.938,72.732,0.023,241
123,64,4,0,1,4,9,29268,72.336,3.197,60.566,72.406,0.044,241
123,64,4,0,1,4,10,30110,73.257,1.499,81.228,73.273,0.020,273
123,64,4,0,1,4,11,30104,73.041,2.391,93.360,73.080,0.033,273
123,64,4,0,1,4,12,30086,71.581,0.585,97.684,71.584,0.008,272
123,64,4,0,1,4,13,30109,73.519,0.423,100.732,73.520,0.006,273
123,64,4,0,1,4,14,30124,72.902,2.963,108.628,72.962,0.041,273
123,64,4,0,1,4,15,30121,72.997,2.570,139.927,73.043,0.035,273
123,64,4,0,1,6,0,35235,116.902,2.765,-41.836,116.935,0.024,339
123,64,4,0,1,6,1,35244,117.061,1.985,-37.334,117.078,0.017,339
123,64,4,0,1,6,2,35234,116.425,5.114,-6.228,116.537,0.044,339
123,64,4,0,1,6,3,36039,116.473,2.388,23.066,116.497,0.020,391
123,64,4,0,1,6,4,36030,114.968,0.165,52.127,114.968,0.001,390
123,64,4,0,1,6,5,36034,116.902,0.279,53.054,116.902,0.002,391
123,64,4,0,1,6,6,36679,116.952,2.521,107.825,116.979,0.022,443
123,64,4,0,1,6,7,36682,116.325,5.608,110.015,116.460,0.048,443
123,64,4,0,1,6,8,36685,116.469,4.899,113.958,116.572,0.042,443
123,64,4,0,1,6,9,36690,116.398,5.246,119.121,116.516,0.045,443
123,64,4,0,1,6,10,36661,115.451,0.341,138.814,115.452,0.003,442
123,64,4,0,1,6,11,37244,116.949,0.049,140.671,116.949,0.000,495
123,64,4,0,1,6,12,37701,117.132,1.632,225.097,117.143,0.014,547
123,64,4,0,1,6,13,37699,117.137,1.610,228.648,117.148,0.014,547
123,64,4,0,1,6,14,37702,116.352,5.473,246.323,116.481,0.047,547
123,64,4,0,1,6,15,38050,115.945,4.988,296.521,116.052,0.043,599
123,64,4,0,1,8,0,43104,172.376,2.717,168.717,172.397,0.016,742
123,64,4,0,1,8,1,43105,171.751,6.146,174.680,171.861,0.036,742
123,64,4,0,1,8,2,43102,172.350,2.858,175.305,172.374,0.017,742
123,64,4,0,1,8,3,43099,171.427,7.922,185.002,171.610,0.046,742
123,64,4,0,1,8,4,43098,171.743,6.190,195.695,171.855,0.036,742
123,64,4,0,1,8,5,43103,172.786,0.465,206.254,172.787,0.003,742
123,64,4,0,1,8,6,43531,172.008,7.499,229.297,172.171,0.044,820
123,64,4,0,1,8,7,43526,171.334,0.819,268.404,171.336,0.005,819
123,64,4,0,1,8,8,43530,173.173,1.103,271.361,173.177,0.006,820
123,64,4,0,1,8,9,44227,172.887,2.677,365.773,172.908,0.015,976
123,64,4,0,1,8,10,44230,173.016,1.964,382.667,173.027,0.011,976
123,64,4,0,1,8,11,44224,171.286,1.300,419.621,171.291,0.008,975
123,64,4,0,1,8,12,44523,172.603,1.473,422.890,172.609,0.009,1054
123,64,4,0,1,8,13,44525,171.568,7.151,426.153,171.717,0.042,1054
123,64,4,0,1,8,14,44529,171.937,5.128,457.610,172.013,0.030,1054
123,64,4,0,1,8,15,44524,171.770,6.043,462.088,171.876,0.035,1054
124,64,4,1,0,2,0,19613,33.394,1.248,-19.417,33.417,0.037,105
124,64,4,1,0,2,1,19706,33.320,1.459,-19.271,33.352,0.044,105
124,64,4,1,0,2,2,19495,32.050,1.140,-18.699,32.070,0.036,104
124,64,4,1,0,2,3,19603,33.495,0.959,-18.585,33.508,0.029,105
124,64,4,1,0,2,4,19496,32.066,1.439,-18.504,32.099,0.045,104
124,64,4,1,0,2,5,19469,32.038,0.940,-17.906,32.052,0.029,104
124,64,4,1,0,2,6,19600,33.507,0.924,-14.751,33.520,0.028,105
124,64,4,1,0,2,7,19598,32.035,0.890,-14.077,32.048,0.028,104
124,64,4,1,0,2,8,19658,33.406,1.212,-13.932,33.428,0.036,105
124,64,4,1,0,2,9,19504,32.036,0.909,-13.146,32.049,0.028,104
124,64,4,1,0,2,10,19716,33.658,0.491,-8.970,33.662,0.015,105
124,64,4,1,0,2,11,19558,32.010,0.441,-8.908,32.013,0.014,104
124,64,4,1,0,2,12,19457,32.061,1.339,-1.561,32.089,0.042,104
124,64,4,1,0,2,13,19752,33.330,1.430,-1.447,33.361,0.043,105
124,64,4,1,0,2,14,21675,31.562,1.287,1.953,31.588,0.041,120
124,64,4,1,0,2,15,21767,32.832,1.355,2.009,32.860,0.041,121
124,64,4,1,0,4,0,28155,72.853,3.163,-45.839,72.922,0.043,209
124,64,4,1,0,4,1,28168,73.421,0.825,-43.934,73.426,0.011,209
124,64,4,1,0,4,2,28129,71.567,0.916,-42.795,71.573,0.013,208
124,64,4,1,0,4,3,28175,73.368,1.045,-37.109,73.375,0.014,209
124,64,4,1,0,4,4,28125,71.561,1.066,-36.269,71.569,0.015,208
124,64,4,1,0,4,5,28142,72.981,2.638,-32.713,73.029,0.036,209
124,64,4,1,0,4,6,28143,73.275,1.427,-13.259,73.289,0.019,209
124,64,4,1,0,4,7,28158,72.909,2.935,-10.166,72.968,0.040,209
124,64,4,1,0,4,8,28160,73.595,0.109,-9.434,73.595,0.001,209
124,64,4,1,0,4,9,28133,71.592,0.325,-9.266,71.593,0.005,208
124,64,4,1,0,4,10,29292,72.272,3.460,3.894,72.355,0.048,241
124,64,4,1,0,4,11,29244,71.072,0.910,12.264,71.078,0.013,240
124,64,4,1,0,4,12,29295,72.879,0.961,12.680,72.885,0.013,241
124,64,4,1,0,4,13,29253,71.095,0.354,35.022,71.096,0.005,240
124,64,4,1,0,4,14,29283,72.960,0.627,35.779,72.962,0.009,241
124,64,4,1,0,4,15,29272,72.471,2.639,45.298,72.519,0.036,241
124,64,4,1,0,6,0,34474,114.976,0.070,-114.033,114.976,0.001,286
124,64,4,1,0,6,1,34487,116.780,0.878,-94.324,116.783,0.008,287
124,64,4,1,0,6,2,34471,114.923,0.730,-92.837,114.925,0.006,286
124,64,4,1,0,6,3,34489,116.777,0.896,-87.153,116.780,0.008,287
124,64,4,1,0,6,4,34479,114.923,0.727,-84.589,114.925,0.006,286
124,64,4,1,0,6,5,34495,115.874,5.337,-75.664,115.997,0.046,287
124,64,4,1,0,6,6,34482,116.080,4.326,-71.222,116.161,0.037,287
124,64,4,1,0,6,7,35240,116.384,5.315,-52.414,116.505,0.046,339
124,64,4,1,0,6,8,35243,116.462,4.930,-47.746,116.566,0.042,339
124,64,4,1,0,6,9,35235,116.902,2.765,-41.836,116.935,0.024,339
124,64,4,1,0,6,10,35244,117.061,1.985,-37.334,117.078,0.017,339
124,64,4,1,0,6,11,35234,116.425,5.114,-6.228,116.537,0.044,339
124,64,4,1,0,6,12,36039,116.473,2.388,23.066,116.497,0.020,391
124,64,4,1,0,6,13,36030,114.968,0.165,52.127,114.968,0.001,390
124,64,4,1,0,6,14,36034,116.902,0.279,53.054,116.902,0.002,391
124,64,4,1,0,6,15,36679,116.952,2.521,107.825,116.979,0.022,443
124,64,4,1,0,8,0,40868,170.816,1.028,-108.728,170.819,0.006,429
124,64,4,1,0,8,1,40874,172.209,3.634,-103.628,172.247,0.021,430
124,64,4,1,0,8,2,41488,172.879,2.721,-70.025,172.900,0.016,508
124,64,4,1,0,8,3,40875,172.369,2.757,-69.825,172.391,0.016,430
124,64,4,1,0,8,4,41487,172.362,5.554,-38.719,172.451,0.032,508
124,64,4,1,0,8,5,41489,172.454,5.052,-0.997,172.528,0.029,508
124,64,4,1,0,8,6,42111,171.947,5.071,-0.972,172.022,0.029,586
124,64,4,1,0,8,7,42108,171.475,7.658,33.453,171.646,0.045,586
124,64,4,1,0,8,8,42110,171.950,5.056,36.266,172.024,0.029,586
124,64,4,1,0,8,9,42113,172.291,3.185,40.743,172.320,0.018,586
124,64,4,1,0,8,10,42602,171.856,8.334,79.773,172.058,0.048,664
124,64,4,1,0,8,11,42604,172.423,5.220,79.829,172.502,0.030,664
124,64,4,1,0,8,12,42603,172.257,6.133,112.977,172.366,0.036,664
124,64,4,1,0,8,13,42606,172.247,6.188,138.031,172.358,0.036,664
124,64,4,1,0,8,14,43097,172.186,3.761,162.819,172.227,0.022,742
124,64,4,1,0,8,15,43104,172.376,2.717,168.717,172.397,0.016,742
125,65,0,0,0,2,0,21725,31.599,1.936,44.469,31.658,0.061,120
125,65,0,0,0,2,1,21775,32.593,2.037,45.984,32.657,0.062,121
125,65,0,0,0,2,2,21665,31.589,1.764,56.672,31.638,0.056,120
125,65,0,0,0,2,3,21801,32.674,1.806,58.851,32.724,0.055,121
125,65,0,0,0,2,4,21768,32.501,2.303,63.678,32.582,0.071,121
125,65,0,0,0,2,5,23169,32.078,1.639,134.871,32.120,0.051,136
125,65,0,0,0,2,6,23166,32.075,1.589,138.100,32.114,0.049,136
125,65,0,0,0,2,7,23213,33.229,1.720,139.836,33.273,0.052,137
125,65,0,0,0,2,8,24037,32.358,2.711,155.334,32.471,0.084,153
125,65,0,0,0,2,9,24044,32.197,3.171,164.150,32.353,0.098,153
125,65,0,0,0,2,10,24038,32.282,2.927,165.457,32.415,0.090,153
125,65,0,0,0,2,11,24023,31.607,2.086,185.368,31.676,0.066,152
125,65,0,0,0,2,12,24059,32.560,2.132,191.107,32.630,0.065,153
125,65,0,0,0,2,13,24033,32.305,2.862,199.874,32.432,0.088,153
125,65,0,0,0,2,14,24048,32.414,2.551,204.890,32.514,0.079,153
125,65,0,0,0,2,15,24531,32.974,2.449,273.421,33.065,0.074,169
125,65,0,0,0,4,0,30116,72.502,4.611,70.899,72.648,0.064,273
125,65,0,0,0,4,1,30112,71.968,6.812,76.242,72.289,0.094,273
125,65,0,0,0,4,2,30114,72.317,5.373,85.810,72.516,0.074,273
125,65,0,0,0,4,3,30120,71.979,6.767,91.848,72.296,0.094,273
125,65,0,0,0,4,4,30123,71.992,6.712,106.472,72.304,0.093,273
125,65,0,0,0,4,5,30129,72.594,4.234,120.538,72.717,0.058,273
125,65,0,0,0,4,6,30127,71.999,6.683,128.835,72.308,0.093,273
125,65,0,0,0,4,7,30788,71.608,6.194,151.279,71.876,0.086,305
125,65,0,0,0,4,8,30794,71.918,4.916,156.988,72.086,0.068,305
125,65,0,0,0,4,9,30793,71.922,4.899,169.851,72.089,0.068,305
125,65,0,0,0,4,10,30800,71.620,6.146,209.072,71.883,0.086,305
125,65,0,0,0,4,11,31245,72.122,6.177,210.483,72.386,0.085,337
125,65,0,0,0,4,12,31246,72.499,4.624,216.882,72.646,0.064,337
125,65,0,0,0,4,13,31647,71.703,5.805,283.273,71.937,0.081,369
125,65,0,0,0,4,14,31644,72.181,3.834,292.108,72.283,0.053,369
125,65,0,0,0,4,15,31650,71.541,6.470,306.515,71.833,0.090,369
125,65,0,0,0,6,0,36040,115.646,6.463,5.947,115.826,0.056,391
125,65,0,0,0,6,1,36037,115.638,6.502,26.729,115.821,0.056,391
125,65,0,0,0,6,2,36046,115.102,9.138,52.333,115.464,0.079,391
125,65,0,0,0,6,3,36045,115.226,8.528,53.514,115.541,0.074,391
125,65,0,0,0,6,4,36038,114.876,10.251,69.615,115.332,0.089,391
125,65,0,0,0,6,5,36687,115.364,10.338,69.973,115.826,0.089,443
125,65,0,0,0,6,6,36678,115.968,7.362,74.507,116.201,0.063,443
125,65,0,0,0,6,7,36684,115.467,9.830,82.577,115.885,0.085,443
125,65,0,0,0,6,8,36675,115.244,10.925,94.901,115.761,0.095,443
125,65,0,0,0,6,9,36676,116.187,6.287,94.976,116.357,0.054,443
125,65,0,0,0,6,10,36674,115.851,7.940,100.324,116.123,0.068,443
125,65,0,0,0,6,11,37238,114.828,10.486,190.002,115.306,0.091,495
125,65,0,0,0,6,12,38047,115.187,8.721,308.460,115.517,0.076,599
125,65,0,0,0,6,13,38051,115.794,5.733,320.618,115.936,0.049,599
125,65,0,0,0,6,14,38046,115.306,8.135,332.409,115.593,0.070,599
125,65,0,0,0,6,15,38379,116.279,5.832,410.960,116.425,0.050,651
125,65,0,0,0,8,0,42605,171.638,9.527,123.255,171.902,0.055,664
125,65,0,0,0,8,1,43115,171.667,16.322,141.678,172.441,0.095,743
125,65,0,0,0,8,2,43096,170.469,13.177,160.238,170.978,0.077,742
125,65,0,0,0,8,3,43107,172.503,13.189,162.140,173.006,0.076,743
125,65,0,0,0,8,4,43110,172.617,12.761,168.926,173.088,0.074,743
125,65,0,0,0,8,5,43101,170.321,13.992,204.877,170.895,0.082,742
125,65,0,0,0,8,6,43116,172.111,14.657,207.131,172.734,0.085,743
125,65,0,0,0,8,7,43532,171.811,8.575,221.489,172.025,0.050,820
125,65,0,0,0,8,8,43533,172.130,16.507,266.437,172.920,0.096,821
125,65,0,0,0,8,9,43888,170.432,13.383,284.475,170.957,0.078,898
125,65,0,0,0,8,10,43889,172.429,13.465,287.868,172.954,0.078,899
125,65,0,0,0,8,11,43890,172.108,14.670,289.987,172.732,0.085,899
125,65,0,0,0,8,12,44228,171.093,12.520,365.776,171.550,0.073,976
125,65,0,0,0,8,13,44235,173.111,12.833,370.181,173.586,0.074,977
125,65,0,0,0,8,14,44229,170.653,14.932,418.884,171.305,0.087,976
125,65,0,0,0,8,15,44531,172.046,14.900,422.295,172.690,0.086,1055
126,66,0,0,0,2,0,21845,31.831,4.216,36.205,32.109,0.132,121
126,66,0,0,0,2,1,21770,31.723,4.526,47.401,32.044,0.142,121
126,66,0,0,0,2,2,21822,32.069,3.535,48.949,32.264,0.110,121
126,66,0,0,0,2,3,23248,32.297,4.385,81.467,32.593,0.135,137
126,66,0,0,0,2,4,23209,32.233,4.567,89.516,32.555,0.141,137
126,66,0,0,0,2,5,23214,32.575,3.591,96.210,32.772,0.110,137
126,66,0,0,0,2,6,23225,32.687,3.269,99.121,32.850,0.100,137
126,66,0,0,0,2,7,23219,32.241,4.544,109.665,32.560,0.140,137
126,66,0,0,0,2,8,24055,31.815,4.263,144.379,32.099,0.133,153
126,66,0,0,0,2,9,24042,32.031,3.645,156.817,32.238,0.113,153
126,66,0,0,0,2,10,24025,32.050,3.591,183.214,32.251,0.112,153
126,66,0,0,0,2,11,24054,31.683,4.642,197.861,32.021,0.145,153
126,66,0,0,0,2,12,24047,31.990,3.762,209.674,32.211,0.117,153
126,66,0,0,0,2,13,24532,32.494,3.821,212.898,32.718,0.117,169
126,66,0,0,0,2,14,24529,32.614,3.478,218.718,32.799,0.106,169
126,66,0,0,0,2,15,24820,32.012,3.699,334.756,32.225,0.115,185
126,66,0,0,0,4,0,29277,71.119,8.210,3.078,71.591,0.115,241
126,66,0,0,0,4,1,29291,70.782,9.597,6.271,71.430,0.135,241
126,66,0,0,0,4,2,29288,70.891,9.150,9.296,71.479,0.128,241
126,66,0,0,0,4,3,29296,70.679,10.023,32.210,71.386,0.141,241
126,66,0,0,0,4,4,29281,71.187,7.928,37.440,71.627,0.111,241
126,66,0,0,0,4,5,29284,70.776,9.623,47.955,71.427,0.135,241
126,66,0,0,0,4,6,29290,71.237,7.725,50.604,71.654,0.108,241
126,66,0,0,0,4,7,29265,70.740,9.771,52.981,71.411,0.137,241
126,66,0,0,0,4,8,29285,70.806,9.498,64.419,71.440,0.133,241
126,66,0,0,0,4,9,29269,71.080,8.371,67.158,71.571,0.117,241
126,66,0,0,0,4,10,30107,71.863,7.243,116.774,72.227,0.100,273
126,66,0,0,0,4,11,30105,71.815,7.441,133.991,72.199,0.103,273
126,66,0,0,0,4,12,30796,71.243,7.696,188.371,71.658,0.108,305
126,66,0,0,0,4,13,31651,71.394,7.075,343.970,71.744,0.099,369
126,66,0,0,0,4,14,31939,71.688,7.966,354.136,72.129,0.111,401
126,66,0,0,0,4,15,31940,71.231,9.845,367.132,71.908,0.137,401
126,66,0,0,0,6,0,37242,114.236,13.401,177.251,115.019,0.117,495
126,66,0,0,0,6,1,37252,115.483,15.971,179.068,116.582,0.137,496
126,66,0,0,0,6,2,37246,116.161,13.932,179.901,116.993,0.119,496
126,66,0,0,0,6,3,37245,115.135,17.015,199.904,116.386,0.147,496
126,66,0,0,0,6,4,37709,115.904,16.271,241.528,117.041,0.139,548
126,66,0,0,0,6,5,37698,115.000,12.129,249.138,115.638,0.105,547
126,66,0,0,0,6,6,37700,114.573,14.229,253.721,115.453,0.124,547
126,66,0,0,0,6,7,37706,116.409,14.754,257.951,117.340,0.126,548
126,66,0,0,0,6,8,37705,116.180,15.443,271.006,117.202,0.132,548
126,66,0,0,0,6,9,38048,114.091,14.115,280.287,114.961,0.123,599
126,66,0,0,0,6,10,38054,115.419,16.161,282.548,116.545,0.139,600
126,66,0,0,0,6,11,38053,116.068,14.212,285.134,116.935,0.122,600
126,66,0,0,0,6,12,38049,114.374,12.722,334.267,115.079,0.111,599
126,66,0,0,0,6,13,38052,114.226,13.450,348.000,115.015,0.117,599
126,66,0,0,0,6,14,38378,114.705,13.578,349.535,115.506,0.118,651
126,66,0,0,0,6,15,38380,116.622,14.115,355.651,117.473,0.120,652
126,66,0,0,0,8,0,42608,170.326,23.267,123.693,171.908,0.136,665
126,66,0,0,0,8,1,43114,170.142,22.034,142.572,171.563,0.129,743
126,66,0,0,0,8,2,43112,171.362,17.465,151.402,172.250,0.102,743
126,66,0,0,0,8,3,43106,170.971,18.930,155.364,172.016,0.110,743
126,66,0,0,0,8,4,43111,170.087,22.241,162.756,171.535,0.130,743
126,66,0,0,0,8,5,43109,170.113,22.144,194.104,171.548,0.129,743
126,66,0,0,0,8,6,43108,169.374,24.914,199.724,171.197,0.146,743
126,66,0,0,0,8,7,43113,170.726,19.846,201.201,171.876,0.116,743
126,66,0,0,0,8,8,43535,170.336,23.230,218.582,171.913,0.136,821
126,66,0,0,0,8,9,43537,170.300,23.362,258.688,171.895,0.136,821
126,66,0,0,0,8,10,43892,170.934,19.067,299.521,171.994,0.111,899
126,66,0,0,0,8,11,44232,171.872,17.475,360.033,172.758,0.101,977
126,66,0,0,0,8,12,44233,170.677,21.951,375.702,172.083,0.128,977
126,66,0,0,0,8,13,44236,169.913,24.814,385.800,171.715,0.145,977
126,66,0,0,0,8,14,44234,171.481,18.939,396.094,172.524,0.110,977
126,66,0,0,0,8,15,44231,171.199,19.993,414.922,172.362,0.116,977
127,67,0,0,0,2,0,21825,31.289,5.766,54.517,31.816,0.182,121
127,67,0,0,0,2,1,21752,31.275,5.807,64.879,31.810,0.184,121
127,67,0,0,0,2,2,21813,31.319,5.683,67.574,31.830,0.180,121
127,67,0,0,0,2,3,23262,31.815,5.764,77.120,32.333,0.179,137
127,67,0,0,0,2,4,23260,31.964,5.336,79.638,32.407,0.165,137
127,67,0,0,0,2,5,23215,31.847,5.673,80.361,32.348,0.176,137
127,67,0,0,0,2,6,23228,31.882,5.573,81.956,32.365,0.173,137
127,67,0,0,0,2,7,23261,31.838,5.697,84.675,32.344,0.177,137
127,67,0,0,0,2,8,23230,32.069,5.038,115.387,32.462,0.156,137
127,67,0,0,0,2,9,24045,31.575,4.951,148.965,31.960,0.156,153
127,67,0,0,0,2,10,24040,31.309,5.711,168.008,31.825,0.180,153
127,67,0,0,0,2,11,24046,31.640,4.765,169.626,31.996,0.149,153
127,67,0,0,0,2,12,24034,31.438,5.341,188.432,31.889,0.168,153
127,67,0,0,0,2,13,24024,31.533,5.071,201.623,31.938,0.159,153
127,67,0,0,0,2,14,24536,31.847,5.672,235.501,32.348,0.176,169
127,67,0,0,0,2,15,24525,32.012,5.200,260.020,32.432,0.161,169
127,67,0,0,0,4,0,30108,70.807,11.594,106.012,71.750,0.162,273
127,67,0,0,0,4,1,30117,70.529,12.736,108.529,71.670,0.179,273
127,67,0,0,0,4,2,30115,70.650,12.238,109.673,71.702,0.172,273
127,67,0,0,0,4,3,30111,70.584,12.510,119.819,71.684,0.175,273
127,67,0,0,0,4,4,30799,70.036,12.668,144.601,71.173,0.179,305
127,67,0,0,0,4,5,30790,70.192,12.029,157.201,71.215,0.170,305
127,67,0,0,0,4,6,30791,70.517,10.689,167.311,71.322,0.150,305
127,67,0,0,0,4,7,30798,70.480,10.843,173.098,71.309,0.153,305
127,67,0,0,0,4,8,30797,70.062,12.564,173.972,71.179,0.177,305
127,67,0,0,0,4,9,30792,70.120,12.322,192.765,71.195,0.174,305
127,67,0,0,0,4,10,30795,70.472,10.873,208.450,71.306,0.153,305
127,67,0,0,0,4,11,31249,70.952,10.994,209.880,71.799,0.154,337
127,67,0,0,0,4,12,31247,70.531,12.731,265.024,71.670,0.179,337
127,67,0,0,0,4,13,31262,72.299,14.163,270.417,73.674,0.193,338
127,67,0,0,0,4,14,31244,71.011,10.753,272.000,71.820,0.150,337
127,67,0,0,0,4,15,31657,72.023,13.584,297.564,73.292,0.186,370
127,67,0,0,0,6,0,35257,114.430,20.703,-25.443,116.288,0.179,340
127,67,0,0,0,6,1,35250,115.354,17.924,-16.984,116.738,0.154,340
127,67,0,0,0,6,2,36057,113.533,21.828,0.941,115.612,0.190,392
127,67,0,0,0,6,3,35248,114.037,21.884,0.972,116.118,0.190,340
127,67,0,0,0,6,4,36049,114.343,19.396,16.680,115.976,0.168,392
127,67,0,0,0,6,5,36052,114.306,19.506,21.926,115.958,0.169,392
127,67,0,0,0,6,6,36693,115.462,17.600,85.712,116.796,0.151,444
127,67,0,0,0,6,7,36700,113.891,22.320,88.153,116.058,0.194,444
127,67,0,0,0,6,8,36698,115.218,18.335,89.415,116.668,0.158,444
127,67,0,0,0,6,9,37256,114.805,18.007,145.353,116.209,0.156,496
127,67,0,0,0,6,10,37255,113.622,21.561,170.886,115.650,0.188,496
127,67,0,0,0,6,11,37257,114.670,18.413,175.019,116.139,0.159,496
127,67,0,0,0,6,12,37703,115.532,17.390,242.979,116.833,0.149,548
127,67,0,0,0,6,13,37708,115.172,18.471,260.592,116.644,0.159,548
127,67,0,0,0,6,14,38056,115.013,17.381,281.081,116.319,0.150,600
127,67,0,0,0,6,15,38651,113.998,20.431,442.252,115.814,0.177,704
127,67,0,0,0,8,0,42619,170.624,29.233,126.340,173.110,0.170,666
127,67,0,0,0,8,1,42612,169.537,26.221,130.879,171.553,0.153,665
127,67,0,0,0,8,2,43118,169.293,31.501,203.496,172.199,0.184,744
127,67,0,0,0,8,3,43117,168.940,32.495,209.858,172.037,0.190,744
127,67,0,0,0,8,4,43536,169.023,28.147,219.580,171.351,0.165,821
127,67,0,0,0,8,5,43541,169.752,31.688,221.582,172.684,0.185,822
127,67,0,0,0,8,6,43545,170.819,28.683,221.974,173.210,0.166,822
127,67,0,0,0,8,7,43543,170.014,30.950,224.706,172.808,0.180,822
127,67,0,0,0,8,8,43539,169.114,33.484,255.009,172.397,0.195,822
127,67,0,0,0,8,9,43534,168.949,28.425,256.802,171.324,0.167,821
127,67,0,0,0,8,10,43544,170.721,28.960,259.602,173.160,0.168,822
127,67,0,0,0,8,11,43538,169.791,25.271,262.114,171.661,0.148,821
127,67,0,0,0,8,12,43891,169.252,25.370,320.888,171.143,0.149,899
127,67,0,0,0,8,13,44238,169.375,32.749,350.272,172.512,0.191,978
127,67,0,0,0,8,14,44530,169.249,25.381,428.436,171.142,0.149,1055
127,67,0,0,0,8,15,44538,169.804,30.062,436.530,172.445,0.175,1056
128,68,0,0,1,2,0,23234,31.226,7.447,73.931,32.102,0.234,137
128,68,0,0,1,2,1,23216,31.591,6.403,81.744,32.234,0.200,137
128,68,0,0,1,2,2,23237,31.356,7.077,121.906,32.144,0.222,137
128,68,0,0,1,2,3,23263,31.269,7.325,122.467,32.116,0.230,137
128,68,0,0,1,2,4,23232,31.501,6.661,122.514,32.198,0.208,137
128,68,0,0,1,2,5,23226,31.541,6.548,130.437,32.213,0.205,137
128,68,0,0,1,2,6,23210,31.150,7.665,130.626,32.079,0.241,137
128,68,0,0,1,2,7,23227,31.247,7.390,132.361,32.108,0.232,137
128,68,0,0,1,2,8,24061,30.971,6.678,186.227,31.682,0.212,153
128,68,0,0,1,2,9,24057,30.839,7.055,206.645,31.636,0.225,153
128,68,0,0,1,2,10,24535,31.329,7.153,209.902,32.135,0.224,169
128,68,0,0,1,2,11,24540,31.134,7.712,216.921,32.075,0.243,169
128,68,0,0,1,2,12,24543,31.368,7.042,258.019,32.149,0.221,169
128,68,0,0,1,2,13,24533,31.591,6.404,272.748,32.234,0.200,169
128,68,0,0,1,2,14,24544,31.382,7.003,278.262,32.154,0.220,169
128,68,0,0,1,2,15,24816,30.687,7.489,307.833,31.588,0.239,185
128,68,0,0,1,4,0,30148,72.084,14.627,82.078,73.553,0.200,274
128,68,0,0,1,4,1,30119,70.195,14.113,92.492,71.600,0.198,273
128,68,0,0,1,4,2,30147,70.705,17.599,109.931,72.862,0.244,274
128,68,0,0,1,4,3,30150,70.838,17.313,110.561,72.923,0.240,274
128,68,0,0,1,4,4,30106,70.106,14.478,137.639,71.586,0.204,273
128,68,0,0,1,4,5,30801,71.452,14.813,140.173,72.971,0.204,306
128,68,0,0,1,4,6,30808,70.632,16.581,170.819,72.552,0.231,306
128,68,0,0,1,4,7,30815,71.005,15.776,183.118,72.737,0.219,306
128,68,0,0,1,4,8,30813,70.311,17.272,195.449,72.401,0.241,306
128,68,0,0,1,4,9,31251,70.225,13.991,262.672,71.605,0.197,337
128,68,0,0,1,4,10,31248,70.163,14.245,272.950,71.594,0.200,337
128,68,0,0,1,4,11,31260,71.234,16.459,279.924,73.111,0.227,338
128,68,0,0,1,4,12,31255,72.112,14.566,280.455,73.569,0.199,338
128,68,0,0,1,4,13,31645,69.476,14.976,280.779,71.072,0.212,369
128,68,0,0,1,4,14,31944,71.710,15.434,349.495,73.352,0.212,402
128,68,0,0,1,4,15,31946,71.946,14.925,359.993,73.478,0.205,402
128,68,0,0,1,6,0,36069,113.553,28.006,59.103,116.956,0.242,393
128,68,0,0,1,6,1,36699,112.939,25.183,123.632,115.713,0.219,444
128,68,0,0,1,6,2,36691,112.683,25.950,135.372,115.632,0.226,444
128,68,0,0,1,6,3,37248,112.520,24.873,146.927,115.236,0.218,496
128,68,0,0,1,6,4,37258,112.006,26.418,154.687,115.079,0.232,496
128,68,0,0,1,6,5,37247,111.601,27.634,158.899,114.971,0.243,496
128,68,0,0,1,6,6,37253,113.109,23.102,159.961,115.444,0.201,496
128,68,0,0,1,6,7,37260,113.550,28.011,169.254,116.954,0.242,497
128,68,0,0,1,6,8,37707,112.581,26.258,217.935,115.603,0.229,548
128,68,0,0,1,6,9,37704,112.327,27.021,221.845,115.531,0.236,548
128,68,0,0,1,6,10,37712,114.146,27.909,224.357,117.508,0.240,549
128,68,0,0,1,6,11,37710,112.334,26.999,224.643,115.533,0.236,548
128,68,0,0,1,6,12,38057,112.081,26.194,308.235,115.101,0.230,600
128,68,0,0,1,6,13,38058,112.848,23.888,310.421,115.349,0.209,600
128,68,0,0,1,6,14,38055,113.073,23.212,337.690,115.431,0.202,600
128,68,0,0,1,6,15,38654,113.003,23.422,431.890,115.405,0.204,704
128,68,0,0,1,8,0,43120,165.817,41.284,178.010,170.879,0.244,744
128,68,0,0,1,8,1,43128,167.618,41.882,179.874,172.771,0.245,745
128,68,0,0,1,8,2,43119,166.800,38.518,184.106,171.190,0.227,744
128,68,0,0,1,8,3,43122,165.979,40.827,187.046,170.927,0.241,744
128,68,0,0,1,8,4,43546,169.019,33.751,236.405,172.356,0.197,822
128,68,0,0,1,8,5,43542,167.767,37.273,240.669,171.858,0.219,822
128,68,0,0,1,8,6,43540,167.782,37.232,253.942,171.863,0.218,822
128,68,0,0,1,8,7,43893,167.269,37.197,279.402,171.355,0.219,900
128,68,0,0,1,8,8,43895,167.419,36.774,327.531,171.410,0.216,900
128,68,0,0,1,8,9,43894,166.538,39.256,333.412,171.102,0.231,900
128,68,0,0,1,8,10,44237,168.838,34.260,381.004,172.279,0.200,978
128,68,0,0,1,8,11,44537,166.808,38.494,423.874,171.192,0.227,1056
128,68,0,0,1,8,12,44534,166.810,38.488,424.342,171.193,0.227,1056
128,68,0,0,1,8,13,44533,167.536,36.446,457.520,171.454,0.214,1056
128,68,0,0,1,8,14,44535,167.913,35.384,466.179,171.601,0.208,1056
128,68,0,0,1,8,15,44532,166.909,38.209,473.807,171.227,0.225,1056
129,68,0,1,0,2,0,23234,31.226,7.447,73.931,32.102,0.234,137
129,68,0,1,0,2,1,23216,31.591,6.403,81.744,32.234,0.200,137
129,68,0,1,0,2,2,23237,31.356,7.077,121.906,32.144,0.222,137
129,68,0,1,0,2,3,23263,31.269,7.325,122.467,32.116,0.230,137
129,68,0,1,0,2,4,23232,31.501,6.661,122.514,32.198,0.208,137
129,68,0,1,0,2,5,23226,31.541,6.548,130.437,32.213,0.205,137
129,68,0,1,0,2,6,23210,31.150,7.665,130.626,32.079,0.241,137
129,68,0,1,0,2,7,23227,31.247,7.390,132.361,32.108,0.232,137
129,68,0,1,0,2,8,24061,30.971,6.678,186.227,31.682,0.212,153
129,68,0,1,0,2,9,24057,30.839,7.055,206.645,31.636,0.225,153
129,68,0,1,0,2,10,24535,31.329,7.153,209.902,32.135,0.224,169
129,68,0,1,0,2,11,24540,31.134,7.712,216.921,32.075,0.243,169
129,68,0,1,0,2,12,24543,31.368,7.042,258.019,32.149,0.221,169
129,68,0,1,0,2,13,24533,31.591,6.404,272.748,32.234,0.200,169
129,68,0,1,0,2,14,24544,31.382,7.003,278.262,32.154,0.220,169
129,68,0,1,0,2,15,24816,30.687,7.489,307.833,31.588,0.239,185
129,68,0,1,0,4,0,29278,69.550,14.671,5.248,71.081,0.208,241
129,68,0,1,0,4,1,29325,70.992,15.805,13.341,72.730,0.219,242
129,68,0,1,0,4,2,29302,70.860,16.089,33.995,72.663,0.223,242
129,68,0,1,0,4,3,29316,71.031,15.719,35.386,72.750,0.218,242
129,68,0,1,0,4,4,29309,70.385,17.112,61.078,72.435,0.238,242
129,68,0,1,0,4,5,30128,70.181,14.171,80.151,71.597,0.199,273
129,68,0,1,0,4,6,30148,72.084,14.627,82.078,73.553,0.200,274
129,68,0,1,0,4,7,30119,70.195,14.113,92.492,71.600,0.198,273
129,68,0,1,0,4,8,30147,70.705,17.599,109.931,72.862,0.244,274
129,68,0,1,0,4,9,30150,70.838,17.313,110.561,72.923,0.240,274
129,68,0,1,0,4,10,30106,70.106,14.478,137.639,71.586,0.204,273
129,68,0,1,0,4,11,30801,71.452,14.813,140.173,72.971,0.204,306
129,68,0,1,0,4,12,30808,70.632,16.581,170.819,72.552,0.231,306
129,68,0,1,0,4,13,30815,71.005,15.776,183.118,72.737,0.219,306
129,68,0,1,0,4,14,30813,70.311,17.272,195.449,72.401,0.241,306
129,68,0,1,0,4,15,31251,70.225,13.991,262.672,71.605,0.197,337
129,68,0,1,0,6,0,36053,112.490,24.964,9.949,115.227,0.218,392
129,68,0,1,0,6,1,36056,112.584,24.681,11.760,115.258,0.216,392
129,68,0,1,0,6,2,36054,113.091,23.156,55.865,115.437,0.202,392
129,68,0,1,0,6,3,36051,111.665,27.442,57.986,114.988,0.241,392
129,68,0,1,0,6,4,36069,113.553,28.006,59.103,116.956,0.242,393
129,68,0,1,0,6,5,36699,112.939,25.183,123.632,115.713,0.219,444
129,68,0,1,0,6,6,36691,112.683,25.950,135.372,115.632,0.226,444
129,68,0,1,0,6,7,37248,112.520,24.873,146.927,115.236,0.218,496
129,68,0,1,0,6,8,37258,112.006,26.418,154.687,115.079,0.232,496
129,68,0,1,0,6,9,37247,111.601,27.634,158.899,114.971,0.243,496
129,68,0,1,0,6,10,37253,113.109,23.102,159.961,115.444,0.201,496
129,68,0,1,0,6,11,37260,113.550,28.011,169.254,116.954,0.242,497
129,68,0,1,0,6,12,37707,112.581,26.258,217.935,115.603,0.229,548
129,68,0,1,0,6,13,37704,112.327,27.021,221.845,115.531,0.236,548
129,68,0,1,0,6,14,37712,114.146,27.909,224.357,117.508,0.240,549
129,68,0,1,0,6,15,37710,112.334,26.999,224.643,115.533,0.236,548
129,68,0,1,0,8,0,40360,168.475,35.281,-173.502,172.130,0.206,354
129,68,0,1,0,8,1,40363,167.540,37.913,-160.699,171.776,0.223,354
129,68,0,1,0,8,2,40374,168.108,42.001,-151.954,173.275,0.245,355
129,68,0,1,0,8,3,40364,166.308,41.381,-150.327,171.379,0.244,354
129,68,0,1,0,8,4,40887,167.492,36.570,-131.398,171.438,0.215,432
129,68,0,1,0,8,5,40890,168.297,34.303,-129.985,171.757,0.201,432
129,68,0,1,0,8,6,40885,167.595,36.280,-93.912,171.477,0.213,432
129,68,0,1,0,8,7,41499,167.475,38.096,-18.659,171.753,0.224,510
129,68,0,1,0,8,8,42123,166.930,38.151,25.607,171.234,0.225,588
129,68,0,1,0,8,9,42125,167.433,36.735,25.949,171.416,0.216,588
129,68,0,1,0,8,10,42618,168.453,35.343,102.621,172.121,0.207,666
129,68,0,1,0,8,11,42621,166.411,41.091,130.945,171.409,0.242,666
129,68,0,1,0,8,12,42626,168.183,41.834,132.416,173.308,0.244,667
129,68,0,1,0,8,13,43121,166.519,39.307,151.336,171.095,0.232,744
129,68,0,1,0,8,14,43123,167.965,35.239,153.146,171.622,0.207,744
129,68,0,1,0,8,15,43120,165.817,41.284,178.010,170.879,0.244,744
130,69,0,0,0,2,0,21843,30.425,8.239,70.027,31.521,0.264,121
130,69,0,0,0,2,1,23212,30.905,8.366,70.934,32.017,0.264,137
130,69,0,0,0,2,2,23239,30.969,8.184,85.548,32.032,0.258,137
130,69,0,0,0,2,3,23245,30.907,8.362,87.578,32.018,0.264,137
130,69,0,0,0,2,4,23231,31.034,7.998,88.806,32.048,0.252,137
130,69,0,0,0,2,5,23240,30.981,8.148,89.307,32.035,0.257,137
130,69,0,0,0,2,6,23233,30.889,8.412,97.567,32.014,0.266,137
130,69,0,0,0,2,7,23257,30.661,9.065,111.609,31.973,0.287,137
130,69,0,0,0,2,8,23249,31.010,8.065,114.814,32.042,0.254,137
130,69,0,0,0,2,9,23236,30.962,8.203,126.831,32.030,0.259,137
130,69,0,0,0,2,10,24060,30.562,7.846,194.886,31.553,0.251,153
130,69,0,0,0,2,11,24526,30.903,8.372,217.154,32.017,0.265,169
130,69,0,0,0,2,12,24537,30.720,8.895,229.010,31.982,0.282,169
130,69,0,0,0,2,13,24545,30.873,8.456,244.129,32.011,0.267,169
130,69,0,0,0,2,14,24821,30.289,8.629,301.792,31.494,0.278,185
130,69,0,0,0,2,15,24822,30.145,9.040,313.214,31.471,0.291,185
130,69,0,0,0,4,0,30131,70.628,17.765,90.077,72.828,0.246,274
130,69,0,0,0,4,1,30142,70.336,18.393,94.652,72.701,0.256,274
130,69,0,0,0,4,2,30143,69.576,20.031,135.338,72.402,0.280,274
130,69,0,0,0,4,3,30803,68.994,20.108,139.332,71.865,0.284,306
130,69,0,0,0,4,4,30133,69.484,20.230,140.318,72.369,0.283,274
130,69,0,0,0,4,5,30806,70.005,17.931,145.005,72.265,0.251,306
130,69,0,0,0,4,6,30804,70.157,17.602,178.785,72.332,0.246,306
130,69,0,0,0,4,7,30817,69.273,19.507,201.248,71.968,0.274,306
130,69,0,0,0,4,8,30814,69.706,18.576,210.033,72.138,0.260,306
130,69,0,0,0,4,9,31264,70.189,18.709,211.549,72.640,0.260,338
130,69,0,0,0,4,10,31256,70.258,18.563,223.330,72.669,0.258,338
130,69,0,0,0,4,11,31658,69.370,19.299,286.187,72.005,0.271,370
130,69,0,0,0,4,12,31655,69.749,18.482,294.377,72.156,0.259,370
130,69,0,0,0,4,13,31656,69.561,18.889,296.958,72.079,0.265,370
130,69,0,0,0,4,14,31654,68.925,20.257,297.599,71.841,0.286,370
130,69,0,0,0,4,15,31659,69.349,19.344,298.498,71.997,0.272,370
130,69,0,0,0,6,0,36703,113.291,29.716,79.580,117.123,0.257,445
130,69,0,0,0,6,1,36702,111.751,32.970,82.037,116.513,0.287,445
130,69,0,0,0,6,2,36710,112.949,30.439,93.308,116.979,0.263,445
130,69,0,0,0,6,3,36709,112.895,30.552,101.630,116.956,0.264,445
130,69,0,0,0,6,4,36694,111.868,28.401,123.905,115.417,0.249,444
130,69,0,0,0,6,5,36704,113.732,28.783,125.955,117.318,0.248,445
130,69,0,0,0,6,6,37259,112.452,30.331,176.013,116.471,0.263,497
130,69,0,0,0,6,7,37262,112.536,30.153,180.082,116.506,0.262,497
130,69,0,0,0,6,8,37714,111.593,33.303,216.615,116.456,0.290,549
130,69,0,0,0,6,9,37713,113.099,30.122,227.911,117.041,0.260,549
130,69,0,0,0,6,10,38065,112.249,30.759,287.294,116.387,0.267,601
130,69,0,0,0,6,11,38068,112.376,30.492,292.856,116.439,0.265,601
130,69,0,0,0,6,12,38066,111.076,33.238,329.076,115.942,0.291,601
130,69,0,0,0,6,13,38060,112.432,30.372,343.509,116.462,0.264,601
130,69,0,0,0,6,14,38381,111.820,28.545,355.839,115.406,0.250,652
130,69,0,0,0,6,15,38383,113.646,28.965,361.644,117.279,0.250,653
130,69,0,0,0,8,0,41509,165.283,48.294,-34.496,172.194,0.284,511
130,69,0,0,0,8,1,41504,165.358,48.126,-21.978,172.219,0.283,511
130,69,0,0,0,8,2,41502,165.565,47.666,-8.028,172.290,0.280,511
130,69,0,0,0,8,3,42127,165.035,47.637,39.747,171.773,0.281,589
130,69,0,0,0,8,4,42128,165.901,45.707,54.898,172.082,0.269,589
130,69,0,0,0,8,5,42627,166.611,45.334,90.745,172.668,0.266,667
130,69,0,0,0,8,6,42632,167.753,42.791,108.743,173.125,0.250,667
130,69,0,0,0,8,7,42633,166.972,44.530,109.212,172.808,0.261,667
130,69,0,0,0,8,8,42630,165.487,47.839,139.158,172.263,0.281,667
130,69,0,0,0,8,9,43125,164.607,48.589,170.384,171.629,0.287,745
130,69,0,0,0,8,10,43126,166.879,43.529,171.275,172.463,0.255,745
130,69,0,0,0,8,11,43547,164.676,49.646,259.846,171.997,0.293,823
130,69,0,0,0,8,12,43548,165.233,48.405,269.829,172.177,0.285,823
130,69,0,0,0,8,13,43898,166.280,44.863,321.421,172.226,0.264,901
130,69,0,0,0,8,14,44240,167.503,43.347,350.041,173.021,0.253,979
130,69,0,0,0,8,15,44541,167.082,43.078,463.014,172.546,0.252,1057
131,70,0,0,1,2,0,21805,29.731,10.223,50.269,31.440,0.331,121
131,70,0,0,1,2,1,21807,29.629,10.516,51.260,31.440,0.341,121
131,70,0,0,1,2,2,21850,30.001,9.452,59.968,31.455,0.305,121
131,70,0,0,1,2,3,23247,30.219,10.328,78.373,31.935,0.329,137
131,70,0,0,1,2,4,23243,30.209,10.355,78.722,31.935,0.330,137
131,70,0,0,1,2,5,23244,30.570,9.325,84.824,31.960,0.296,137
131,70,0,0,1,2,6,23229,30.259,10.213,94.141,31.936,0.326,137
131,70,0,0,1,2,7,23241,30.214,10.344,99.323,31.935,0.330,137
131,70,0,0,1,2,8,23221,30.179,10.442,123.040,31.935,0.333,137
131,70,0,0,1,2,9,23258,30.312,10.061,133.399,31.938,0.320,137
131,70,0,0,1,2,10,24028,29.624,10.530,143.058,31.440,0.342,153
131,70,0,0,1,2,11,24056,29.912,9.707,144.869,31.447,0.314,153
131,70,0,0,1,2,12,24053,29.723,10.247,168.205,31.440,0.332,153
131,70,0,0,1,2,13,24050,30.009,9.429,186.239,31.455,0.304,153
131,70,0,0,1,2,14,24538,30.289,10.129,266.310,31.937,0.323,169
131,70,0,0,1,2,15,24815,29.739,10.199,291.960,31.440,0.330,185
131,70,0,0,1,4,0,29298,68.633,20.887,24.664,71.741,0.295,242
131,70,0,0,1,4,1,29323,68.458,21.263,43.825,71.685,0.301,242
131,70,0,0,1,4,2,29311,68.602,20.955,44.821,71.731,0.296,242
131,70,0,0,1,4,3,30138,69.057,21.149,83.301,72.223,0.297,274
131,70,0,0,1,4,4,30137,68.032,23.358,87.502,71.930,0.331,274
131,70,0,0,1,4,5,30139,68.234,22.922,123.852,71.982,0.324,274
131,70,0,0,1,4,6,30812,68.447,21.287,176.411,71.681,0.302,306
131,70,0,0,1,4,7,30816,68.332,21.537,191.931,71.645,0.305,306
131,70,0,0,1,4,8,30811,68.001,22.248,209.655,71.548,0.316,306
131,70,0,0,1,4,9,30809,68.001,22.249,209.663,71.548,0.316,306
131,70,0,0,1,4,10,30818,68.002,22.246,209.671,71.549,0.316,306
131,70,0,0,1,4,11,31261,68.590,22.156,268.694,72.080,0.312,338
131,70,0,0,1,4,12,31259,67.696,24.081,277.794,71.852,0.342,338
131,70,0,0,1,4,13,31653,67.311,23.735,299.717,71.373,0.339,370
131,70,0,0,1,4,14,31652,67.222,23.928,328.617,71.353,0.342,370
131,70,0,0,1,4,15,31943,68.928,21.427,365.675,72.182,0.301,402
131,70,0,0,1,6,0,35277,110.145,36.362,-23.353,115.992,0.319,341
131,70,0,0,1,6,1,35270,109.037,38.704,-15.915,115.703,0.341,341
131,70,0,0,1,6,2,36061,108.710,38.237,11.966,115.238,0.338,393
131,70,0,0,1,6,3,36062,110.350,34.772,33.878,115.699,0.305,393
131,70,0,0,1,6,4,36064,110.821,33.777,53.804,115.854,0.296,393
131,70,0,0,1,6,5,36066,110.479,34.498,56.558,115.740,0.303,393
131,70,0,0,1,6,6,36063,109.087,37.441,65.696,115.333,0.331,393
131,70,0,0,1,6,7,36706,110.731,35.125,105.245,116.169,0.307,445
131,70,0,0,1,6,8,36705,109.095,38.580,135.655,115.716,0.340,445
131,70,0,0,1,6,9,36701,110.278,36.081,136.498,116.031,0.316,445
131,70,0,0,1,6,10,38062,109.587,36.384,287.419,115.469,0.321,601
131,70,0,0,1,6,11,38061,109.807,35.920,310.365,115.533,0.316,601
131,70,0,0,1,6,12,38063,110.881,33.649,327.758,115.874,0.295,601
131,70,0,0,1,6,13,38064,108.772,38.106,338.357,115.254,0.337,601
131,70,0,0,1,6,14,38382,109.599,37.516,377.611,115.842,0.330,653
131,70,0,0,1,6,15,38656,109.528,36.509,471.481,115.452,0.322,705
131,70,0,0,1,8,0,43127,163.925,50.108,151.147,171.413,0.297,745
131,70,0,0,1,8,1,43124,162.668,52.910,165.042,171.057,0.314,745
131,70,0,0,1,8,2,43131,162.809,56.863,183.578,172.453,0.336,746
131,70,0,0,1,8,3,43129,163.872,50.227,198.078,171.397,0.297,745
131,70,0,0,1,8,4,43551,163.884,55.936,241.589,173.167,0.329,824
131,70,0,0,1,8,5,43896,162.351,53.616,291.800,170.975,0.319,901
131,70,0,0,1,8,6,43902,164.036,54.631,294.214,172.894,0.321,902
131,70,0,0,1,8,7,43900,163.020,56.480,295.844,172.527,0.334,902
131,70,0,0,1,8,8,43897,163.713,50.582,317.898,171.349,0.300,901
131,70,0,0,1,8,9,43899,161.572,55.351,333.057,170.790,0.330,901
131,70,0,0,1,8,10,43901,163.387,55.812,336.720,172.657,0.329,902
131,70,0,0,1,8,11,44239,163.712,51.794,411.892,171.710,0.306,979
131,70,0,0,1,8,12,44544,162.038,54.314,430.656,170.898,0.323,1057
131,70,0,0,1,8,13,44545,163.699,55.245,435.427,172.770,0.325,1058
131,70,0,0,1,8,14,44540,161.587,55.317,459.158,170.793,0.330,1057
131,70,0,0,1,8,15,44546,163.294,55.982,464.073,172.624,0.330,1058
132,70,0,1,1,2,0,21805,29.731,10.223,50.269,31.440,0.331,121
132,70,0,1,1,2,1,21807,29.629,10.516,51.260,31.440,0.341,121
132,70,0,1,1,2,2,21850,30.001,9.452,59.968,31.455,0.305,121
132,70,0,1,1,2,3,23247,30.219,10.328,78.373,31.935,0.329,137
132,70,0,1,1,2,4,23243,30.209,10.355,78.722,31.935,0.330,137
132,70,0,1,1,2,5,23244,30.570,9.325,84.824,31.960,0.296,137
132,70,0,1,1,2,6,23229,30.259,10.213,94.141,31.936,0.326,137
132,70,0,1,1,2,7,23241,30.214,10.344,99.323,31.935,0.330,137
132,70,0,1,1,2,8,23221,30.179,10.442,123.040,31.935,0.333,137
132,70,0,1,1,2,9,23258,30.312,10.061,133.399,31.938,0.320,137
132,70,0,1,1,2,10,24028,29.624,10.530,143.058,31.440,0.342,153
132,70,0,1,1,2,11,24056,29.912,9.707,144.869,31.447,0.314,153
132,70,0,1,1,2,12,24053,29.723,10.247,168.205,31.440,0.332,153
132,70,0,1,1,2,13,24050,30.009,9.429,186.239,31.455,0.304,153
132,70,0,1,1,2,14,24538,30.289,10.129,266.310,31.937,0.323,169
132,70,0,1,1,2,15,24815,29.739,10.199,291.960,31.440,0.330,185
132,70,0,1,1,4,0,28196,67.812,23.832,-40.195,71.878,0.338,210
132,70,0,1,1,4,1,28180,68.999,21.276,-25.713,72.204,0.299,210
132,70,0,1,1,4,2,28193,68.799,21.704,-14.216,72.142,0.306,210
132,70,0,1,1,4,3,29317,67.847,22.581,10.784,71.506,0.321,242
132,70,0,1,1,4,4,29298,68.633,20.887,24.664,71.741,0.295,242
132,70,0,1,1,4,5,29323,68.458,21.263,43.825,71.685,0.301,242
132,70,0,1,1,4,6,29311,68.602,20.955,44.821,71.731,0.296,242
132,70,0,1,1,4,7,30138,69.057,21.149,83.301,72.223,0.297,274
132,70,0,1,1,4,8,30137,68.032,23.358,87.502,71.930,0.331,274
132,70,0,1,1,4,9,30139,68.234,22.922,123.852,71.982,0.324,274
132,70,0,1,1,4,10,30812,68.447,21.287,176.411,71.681,0.302,306
132,70,0,1,1,4,11,30816,68.332,21.537,191.931,71.645,0.305,306
132,70,0,1,1,4,12,30811,68.001,22.248,209.655,71.548,0.316,306
132,70,0,1,1,4,13,30809,68.001,22.249,209.663,71.548,0.316,306
132,70,0,1,1,4,14,30818,68.002,22.246,209.671,71.549,0.316,306
132,70,0,1,1,4,15,31261,68.590,22.156,268.694,72.080,0.312,338
132,70,0,1,1,6,0,34530,110.323,34.828,-85.549,115.690,0.306,289
132,70,0,1,1,6,1,34514,108.691,38.277,-82.912,115.234,0.339,289
132,70,0,1,1,6,2,34519,110.356,34.758,-72.757,115.700,0.305,289
132,70,0,1,1,6,3,35271,109.513,37.697,-67.492,115.819,0.332,341
132,70,0,1,1,6,4,35281,111.203,34.127,-58.449,116.322,0.298,341
132,70,0,1,1,6,5,35277,110.145,36.362,-23.353,115.992,0.319,341
132,70,0,1,1,6,6,35270,109.037,38.704,-15.915,115.703,0.341,341
132,70,0,1,1,6,7,36061,108.710,38.237,11.966,115.238,0.338,393
132,70,0,1,1,6,8,36062,110.350,34.772,33.878,115.699,0.305,393
132,70,0,1,1,6,9,36064,110.821,33.777,53.804,115.854,0.296,393
132,70,0,1,1,6,10,36066,110.479,34.498,56.558,115.740,0.303,393
132,70,0,1,1,6,11,36063,109.087,37.441,65.696,115.333,0.331,393
132,70,0,1,1,6,12,36706,110.731,35.125,105.245,116.169,0.307,445
132,70,0,1,1,6,13,36705,109.095,38.580,135.655,115.716,0.340,445
132,70,0,1,1,6,14,36701,110.278,36.081,136.498,116.031,0.316,445
132,70,0,1,1,6,15,38062,109.587,36.384,287.419,115.469,0.321,601
132,70,0,1,1,8,0,42129,162.457,53.379,27.385,171.002,0.317,589
132,70,0,1,1,8,1,42126,162.460,53.372,45.459,171.002,0.317,589
132,70,0,1,1,8,2,42131,164.341,54.076,45.875,173.009,0.318,590
132,70,0,1,1,8,3,42642,164.954,53.988,76.940,173.564,0.316,668
132,70,0,1,1,8,4,42624,162.111,55.359,84.739,171.303,0.329,667
132,70,0,1,1,8,5,42631,162.490,54.514,85.072,171.391,0.324,667
132,70,0,1,1,8,6,42635,163.795,56.097,85.671,173.135,0.330,668
132,70,0,1,1,8,7,42637,164.248,55.274,86.148,173.299,0.325,668
132,70,0,1,1,8,8,42625,164.449,50.151,86.180,171.926,0.296,667
132,70,0,1,1,8,9,42628,163.612,52.017,91.308,171.682,0.308,667
132,70,0,1,1,8,10,42639,163.082,57.394,92.447,172.887,0.338,668
132,70,0,1,1,8,11,42623,163.684,51.855,100.896,171.702,0.307,667
132,70,0,1,1,8,12,42629,162.215,55.129,120.739,171.327,0.328,667
132,70,0,1,1,8,13,42641,163.874,55.954,122.038,173.163,0.329,668
132,70,0,1,1,8,14,42634,163.671,56.324,124.819,173.091,0.331,668
132,70,0,1,1,8,15,43127,163.925,50.108,151.147,171.413,0.297,745
133,70,0,2,1,2,0,21805,29.731,10.223,50.269,31.440,0.331,121
133,70,0,2,1,2,1,21807,29.629,10.516,51.260,31.440,0.341,121
133,70,0,2,1,2,2,21850,30.001,9.452,59.968,31.455,0.305,121
133,70,0,2,1,2,3,23247,30.219,10.328,78.373,31.935,0.329,137
133,70,0,2,1,2,4,23243,30.209,10.355,78.722,31.935,0.330,137
133,70,0,2,1,2,5,23244,30.570,9.325,84.824,31.960,0.296,137
133,70,0,2,1,2,6,23229,30.259,10.213,94.141,31.936,0.326,137
133,70,0,2,1,2,7,23241,30.214,10.344,99.323,31.935,0.330,137
133,70,0,2,1,2,8,23221,30.179,10.442,123.040,31.935,0.333,137
133,70,0,2,1,2,9,23258,30.312,10.061,133.399,31.938,0.320,137
133,70,0,2,1,2,10,24028,29.624,10.530,143.058,31.440,0.342,153
133,70,0,2,1,2,11,24056,29.912,9.707,144.869,31.447,0.314,153
133,70,0,2,1,2,12,24053,29.723,10.247,168.205,31.440,0.332,153
133,70,0,2,1,2,13,24050,30.009,9.429,186.239,31.455,0.304,153
133,70,0,2,1,2,14,24538,30.289,10.129,266.310,31.937,0.323,169
133,70,0,2,1,2,15,24815,29.739,10.199,291.960,31.440,0.330,185
133,70,0,2,1,4,0,28196,67.812,23.832,-40.195,71.878,0.338,210
133,70,0,2,1,4,1,28180,68.999,21.276,-25.713,72.204,0.299,210
133,70,0,2,1,4,2,28193,68.799,21.704,-14.216,72.142,0.306,210
133,70,0,2,1,4,3,29317,67.847,22.581,10.784,71.506,0.321,242
133,70,0,2,1,4,4,29298,68.633,20.887,24.664,71.741,0.295,242
133,70,0,2,1,4,5,29323,68.458,21.263,43.825,71.685,0.301,242
133,70,0,2,1,4,6,29311,68.602,20.955,44.821,71.731,0.296,242
133,70,0,2,1,4,7,30138,69.057,21.149,83.301,72.223,0.297,274
133,70,0,2,1,4,8,30137,68.032,23.358,87.502,71.930,0.331,274
133,70,0,2,1,4,9,30139,68.234,22.922,123.852,71.982,0.324,274
133,70,0,2,1,4,10,30812,68.447,21.287,176.411,71.681,0.302,306
133,70,0,2,1,4,11,30816,68.332,21.537,191.931,71.645,0.305,306
133,70,0,2,1,4,12,30811,68.001,22.248,209.655,71.548,0.316,306
133,70,0,2,1,4,13,30809,68.001,22.249,209.663,71.548,0.316,306
133,70,0,2,1,4,14,30818,68.002,22.246,209.671,71.549,0.316,306
133,70,0,2,1,4,15,31261,68.590,22.156,268.694,72.080,0.312,338
133,70,0,2,1,6,0,34516,109.065,37.486,-98.012,115.327,0.331,289
133,70,0,2,1,6,1,34529,109.715,36.113,-97.032,115.505,0.318,289
133,70,0,2,1,6,2,34530,110.323,34.828,-85.549,115.690,0.306,289
133,70,0,2,1,6,3,34514,108.691,38.277,-82.912,115.234,0.339,289
133,70,0,2,1,6,4,34519,110.356,34.758,-72.757,115.700,0.305,289
133,70,0,2,1,6,5,35271,109.513,37.697,-67.492,115.819,0.332,341
133,70,0,2,1,6,6,35281,111.203,34.127,-58.449,116.322,0.298,341
133,70,0,2,1,6,7,35277,110.145,36.362,-23.353,115.992,0.319,341
133,70,0,2,1,6,8,35270,109.037,38.704,-15.915,115.703,0.341,341
133,70,0,2,1,6,9,36061,108.710,38.237,11.966,115.238,0.338,393
133,70,0,2,1,6,10,36062,110.350,34.772,33.878,115.699,0.305,393
133,70,0,2,1,6,11,36064,110.821,33.777,53.804,115.854,0.296,393
133,70,0,2,1,6,12,36066,110.479,34.498,56.558,115.740,0.303,393
133,70,0,2,1,6,13,36063,109.087,37.441,65.696,115.333,0.331,393
133,70,0,2,1,6,14,36706,110.731,35.125,105.245,116.169,0.307,445
133,70,0,2,1,6,15,36705,109.095,38.580,135.655,115.716,0.340,445
133,70,0,2,1,8,0,40893,163.497,51.062,-123.977,171.285,0.303,433
133,70,0,2,1,8,1,40895,162.327,53.669,-123.875,170.969,0.319,433
133,70,0,2,1,8,2,40896,163.101,51.944,-117.123,171.173,0.308,433
133,70,0,2,1,8,3,40903,163.362,55.858,-100.636,172.648,0.329,434
133,70,0,2,1,8,4,40898,161.859,54.713,-99.440,170.856,0.326,433
133,70,0,2,1,8,5,40897,162.952,52.277,-85.263,171.132,0.310,433
133,70,0,2,1,8,6,41517,164.505,54.806,-63.917,173.394,0.322,512
133,70,0,2,1,8,7,41507,162.811,53.801,-63.185,171.470,0.319,511
133,70,0,2,1,8,8,41511,164.469,50.106,-62.336,171.932,0.296,511
133,70,0,2,1,8,9,41503,163.671,51.885,-49.804,171.698,0.307,511
133,70,0,2,1,8,10,41506,164.346,50.380,-32.164,171.895,0.297,511
133,70,0,2,1,8,11,41515,164.585,54.660,-8.534,173.424,0.321,512
133,70,0,2,1,8,12,41505,162.424,54.662,-8.533,171.375,0.325,511
133,70,0,2,1,8,13,41508,163.195,52.944,0.144,171.568,0.314,511
133,70,0,2,1,8,14,42137,163.253,56.057,3.847,172.609,0.331,590
133,70,0,2,1,8,15,42129,162.457,53.379,27.385,171.002,0.317,589
134,70,0,3,0,2,0,21805,29.731,10.223,50.269,31.440,0.331,121
134,70,0,3,0,2,1,21807,29.629,10.516,51.260,31.440,0.341,121
134,70,0,3,0,2,2,21850,30.001,9.452,59.968,31.455,0.305,121
134,70,0,3,0,2,3,23247,30.219,10.328,78.373,31.935,0.329,137
134,70,0,3,0,2,4,23243,30.209,10.355,78.722,31.935,0.330,137
134,70,0,3,0,2,5,23244,30.570,9.325,84.824,31.960,0.296,137
134,70,0,3,0,2,6,23229,30.259,10.213,94.141,31.936,0.326,137
134,70,0,3,0,2,7,23241,30.214,10.344,99.323,31.935,0.330,137
134,70,0,3,0,2,8,23221,30.179,10.442,123.040,31.935,0.333,137
134,70,0,3,0,2,9,23258,30.312,10.061,133.399,31.938,0.320,137
134,70,0,3,0,2,10,24028,29.624,10.530,143.058,31.440,0.342,153
134,70,0,3,0,2,11,24056,29.912,9.707,144.869,31.447,0.314,153
134,70,0,3,0,2,12,24053,29.723,10.247,168.205,31.440,0.332,153
134,70,0,3,0,2,13,24050,30.009,9.429,186.239,31.455,0.304,153
134,70,0,3,0,2,14,24538,30.289,10.129,266.310,31.937,0.323,169
134,70,0,3,0,2,15,24815,29.739,10.199,291.960,31.440,0.330,185
134,70,0,3,0,4,0,27163,68.313,21.576,-70.294,71.640,0.306,178
134,70,0,3,0,4,1,27173,68.296,21.612,-69.926,71.634,0.306,178
134,70,0,3,0,4,2,28194,68.659,22.006,-67.693,72.100,0.310,210
134,70,0,3,0,4,3,28208,67.765,23.934,-61.134,71.867,0.340,210
134,70,0,3,0,4,4,28212,67.885,23.674,-57.738,71.895,0.336,210
134,70,0,3,0,4,5,28183,69.073,21.116,-40.244,72.228,0.297,210
134,70,0,3,0,4,6,28196,67.812,23.832,-40.195,71.878,0.338,210
134,70,0,3,0,4,7,28180,68.999,21.276,-25.713,72.204,0.299,210
134,70,0,3,0,4,8,28193,68.799,21.704,-14.216,72.142,0.306,210
134,70,0,3,0,4,9,29317,67.847,22.581,10.784,71.506,0.321,242
134,70,0,3,0,4,10,29298,68.633,20.887,24.664,71.741,0.295,242
134,70,0,3,0,4,11,29323,68.458,21.263,43.825,71.685,0.301,242
134,70,0,3,0,4,12,29311,68.602,20.955,44.821,71.731,0.296,242
134,70,0,3,0,4,13,30138,69.057,21.149,83.301,72.223,0.297,274
134,70,0,3,0,4,14,30137,68.032,23.358,87.502,71.930,0.331,274
134,70,0,3,0,4,15,30139,68.234,22.922,123.852,71.982,0.324,274
134,70,0,3,0,6,0,33913,111.296,33.931,-146.601,116.353,0.296,237
134,70,0,3,0,6,1,33926,111.324,33.870,-139.147,116.363,0.295,237
134,70,0,3,0,6,2,34515,110.827,33.765,-138.421,115.856,0.296,289
134,70,0,3,0,6,3,34518,110.860,33.694,-113.274,115.867,0.295,289
134,70,0,3,0,6,4,34525,109.022,37.578,-105.314,115.316,0.332,289
134,70,0,3,0,6,5,34516,109.065,37.486,-98.012,115.327,0.331,289
134,70,0,3,0,6,6,34529,109.715,36.113,-97.032,115.505,0.318,289
134,70,0,3,0,6,7,34530,110.323,34.828,-85.549,115.690,0.306,289
134,70,0,3,0,6,8,34514,108.691,38.277,-82.912,115.234,0.339,289
134,70,0,3,0,6,9,34519,110.356,34.758,-72.757,115.700,0.305,289
134,70,0,3,0,6,10,35271,109.513,37.697,-67.492,115.819,0.332,341
134,70,0,3,0,6,11,35281,111.203,34.127,-58.449,116.322,0.298,341
134,70,0,3,0,6,12,35277,110.145,36.362,-23.353,115.992,0.319,341
134,70,0,3,0,6,13,35270,109.037,38.704,-15.915,115.703,0.341,341
134,70,0,3,0,6,14,36061,108.710,38.237,11.966,115.238,0.338,393
134,70,0,3,0,6,15,36062,110.350,34.772,33.878,115.699,0.305,393
134,70,0,3,0,8,0,39217,163.227,56.104,-387.351,172.600,0.331,122
134,70,0,3,0,8,1,39216,162.504,57.419,-377.584,172.350,0.340,122
134,70,0,3,0,8,2,39523,163.056,53.254,-311.015,171.532,0.316,199
134,70,0,3,0,8,3,39918,163.730,55.188,-280.523,172.781,0.325,278
134,70,0,3,0,8,4,39914,163.738,50.526,-272.414,171.356,0.299,277
134,70,0,3,0,8,5,39910,163.176,51.779,-222.023,171.194,0.307,277
134,70,0,3,0,8,6,39923,163.612,55.402,-213.763,172.738,0.327,278
134,70,0,3,0,8,7,39916,161.897,54.627,-211.533,170.865,0.325,277
134,70,0,3,0,8,8,40382,163.754,56.173,-169.806,173.121,0.330,356
134,70,0,3,0,8,9,40375,162.094,55.398,-168.002,171.299,0.329,355
134,70,0,3,0,8,10,40381,165.081,53.757,-164.850,173.613,0.315,356
134,70,0,3,0,8,11,40370,163.200,52.934,-162.966,171.570,0.314,355
134,70,0,3,0,8,12,40383,164.407,54.984,-161.171,173.358,0.323,356
134,70,0,3,0,8,13,40368,162.770,53.892,-159.714,171.460,0.320,355
134,70,0,3,0,8,14,40902,164.280,54.187,-125.353,172.986,0.319,434
134,70,0,3,0,8,15,40893,163.497,51.062,-123.977,171.285,0.303,433
135,71,0,0,0,2,0,23290,31.411,12.772,82.678,33.908,0.386,138
135,71,0,0,0,2,1,23251,29.922,11.176,100.471,31.942,0.357,137
135,71,0,0,0,2,2,23317,32.127,11.970,108.186,34.284,0.357,138
135,71,0,0,0,2,3,23324,31.293,12.904,131.656,33.849,0.391,138
135,71,0,0,0,2,4,24043,29.410,11.143,154.077,31.450,0.362,153
135,71,0,0,0,2,5,24026,29.228,11.663,162.853,31.469,0.380,153
135,71,0,0,0,2,6,24065,31.402,12.039,164.866,33.630,0.366,154
135,71,0,0,0,2,7,24075,31.166,12.302,172.964,33.506,0.376,154
135,71,0,0,0,2,8,24030,29.145,11.899,174.077,31.481,0.388,153
135,71,0,0,0,2,9,24058,29.471,10.966,182.290,31.446,0.356,153
135,71,0,0,0,2,10,24074,30.831,12.678,184.556,33.336,0.390,154
135,71,0,0,0,2,11,24051,29.396,11.182,186.451,31.451,0.363,153
135,71,0,0,0,2,12,24085,31.670,11.738,195.889,33.775,0.355,154
135,71,0,0,0,2,13,24086,31.520,11.906,199.299,33.694,0.361,154
135,71,0,0,0,2,14,24528,29.662,11.921,258.600,31.968,0.382,169
135,71,0,0,0,2,15,24554,31.541,12.626,275.267,33.974,0.381,170
135,71,0,0,0,4,0,29307,67.020,24.361,45.741,71.311,0.349,242
135,71,0,0,0,4,1,29310,65.750,27.100,48.212,71.115,0.391,242
135,71,0,0,0,4,2,29364,67.644,27.846,49.650,73.151,0.391,243
135,71,0,0,0,4,3,29303,65.770,27.055,66.639,71.118,0.390,242
135,71,0,0,0,4,4,29333,67.814,27.612,68.478,73.220,0.387,243
135,71,0,0,0,4,5,30140,67.142,25.275,72.013,71.742,0.360,274
135,71,0,0,0,4,6,30145,66.464,26.737,89.963,71.640,0.382,274
135,71,0,0,0,4,7,30168,68.364,27.699,92.781,73.762,0.385,275
135,71,0,0,0,4,8,30130,67.284,24.969,114.683,71.768,0.355,274
135,71,0,0,0,4,9,30149,66.532,26.591,119.878,71.649,0.380,274
135,71,0,0,0,4,10,30135,67.065,25.441,126.656,71.729,0.363,274
135,71,0,0,0,4,11,30146,66.635,26.369,138.843,71.662,0.377,274
135,71,0,0,0,4,12,30802,66.278,25.960,152.451,71.181,0.373,306
135,71,0,0,0,4,13,30805,66.289,25.938,175.866,71.183,0.373,306
135,71,0,0,0,4,14,31263,67.481,24.546,216.011,71.806,0.349,338
135,71,0,0,0,4,15,31257,67.629,24.227,232.240,71.837,0.344,338
135,71,0,0,0,6,0,36060,107.110,41.616,24.961,114.911,0.371,393
135,71,0,0,0,6,1,36084,109.022,42.006,25.460,116.835,0.368,394
135,71,0,0,0,6,2,36080,107.771,43.990,27.050,116.403,0.388,394
135,71,0,0,0,6,3,36065,107.710,40.350,41.990,115.020,0.358,393
135,71,0,0,0,6,4,36081,109.398,41.410,42.702,116.973,0.362,394
135,71,0,0,0,6,5,36067,107.827,40.103,44.390,115.043,0.356,393
135,71,0,0,0,6,6,36720,108.699,43.446,80.717,117.060,0.380,446
135,71,0,0,0,6,7,36723,108.314,44.057,84.593,116.931,0.386,446
135,71,0,0,0,6,8,36722,108.838,43.226,91.091,117.108,0.378,446
135,71,0,0,0,6,9,36721,108.106,44.386,138.733,116.863,0.390,446
135,71,0,0,0,6,10,37261,107.685,40.403,144.198,115.015,0.359,497
135,71,0,0,0,6,11,37265,109.619,41.061,145.593,117.057,0.358,498
135,71,0,0,0,6,12,37273,107.513,44.399,158.245,116.320,0.392,498
135,71,0,0,0,6,13,37711,108.306,40.247,224.834,115.542,0.356,549
135,71,0,0,0,6,14,37720,110.326,40.868,228.971,117.652,0.355,550
135,71,0,0,0,6,15,38059,107.646,40.484,284.286,115.007,0.360,601
135,71,0,0,0,8,0,40909,158.299,65.071,-84.578,171.152,0.390,434
135,71,0,0,0,8,1,40904,158.286,65.094,-81.276,171.148,0.390,434
135,71,0,0,0,8,2,41514,158.778,65.227,-29.512,171.654,0.390,512
135,71,0,0,0,8,3,42136,159.924,62.113,5.954,171.563,0.370,590
135,71,0,0,0,8,4,42134,159.303,63.244,8.221,171.398,0.378,590
135,71,0,0,0,8,5,42133,160.826,60.473,13.392,171.819,0.360,590
135,71,0,0,0,8,6,42132,160.640,60.811,26.770,171.765,0.362,590
135,71,0,0,0,8,7,42130,161.468,59.305,48.230,172.014,0.352,590
135,71,0,0,0,8,8,42138,158.257,65.148,64.170,171.142,0.391,590
135,71,0,0,0,8,9,42638,160.631,61.854,119.738,172.129,0.368,668
135,71,0,0,0,8,10,42636,162.608,58.258,134.342,172.729,0.344,668
135,71,0,0,0,8,11,42640,161.860,59.619,136.404,172.491,0.353,668
135,71,0,0,0,8,12,43130,160.109,61.776,178.503,171.614,0.368,746
135,71,0,0,0,8,13,43550,162.491,58.471,224.974,172.691,0.345,824
135,71,0,0,0,8,14,43549,158.941,64.931,268.421,171.692,0.388,824
135,71,0,0,0,8,15,44242,160.239,62.568,355.974,172.021,0.372,980
136,72,0,0,0,2,0,21893,29.813,13.818,41.243,32.859,0.434,122
136,72,0,0,0,2,1,21749,28.650,13.315,44.399,31.593,0.435,121
136,72,0,0,0,2,2,21959,29.769,13.867,46.198,32.840,0.436,122
136,72,0,0,0,2,3,21839,29.030,12.229,60.303,31.501,0.399,121
136,72,0,0,0,2,4,21867,30.656,12.874,63.734,33.249,0.398,122
136,72,0,0,0,2,5,23255,29.157,13.365,93.126,32.074,0.430,137
136,72,0,0,0,2,6,23217,29.157,13.365,94.034,32.074,0.430,137
136,72,0,0,0,2,7,23293,30.383,13.922,97.315,33.421,0.430,138
136,72,0,0,0,2,8,23287,30.383,13.922,98.138,33.421,0.430,138
136,72,0,0,0,2,9,23264,29.124,13.459,124.290,32.084,0.433,137
136,72,0,0,0,2,10,23259,29.537,12.279,124.546,31.988,0.394,137
136,72,0,0,0,2,11,23311,30.301,14.015,129.293,33.385,0.433,138
136,72,0,0,0,2,12,24542,29.124,13.459,274.924,32.084,0.433,169
136,72,0,0,0,2,13,24818,28.886,12.642,279.965,31.531,0.413,185
136,72,0,0,0,2,14,24819,29.039,12.202,281.253,31.499,0.398,185
136,72,0,0,0,2,15,24823,29.847,13.779,281.722,32.874,0.432,186
136,72,0,0,0,4,0,30153,66.574,30.150,73.028,73.083,0.425,275
136,72,0,0,0,4,1,30156,65.914,31.053,73.880,72.863,0.440,275
136,72,0,0,0,4,2,30159,66.778,29.870,96.839,73.154,0.421,275
136,72,0,0,0,4,3,30828,66.575,29.309,170.770,72.741,0.415,307
136,72,0,0,0,4,4,30807,65.525,27.583,174.649,71.094,0.398,306
136,72,0,0,0,4,5,30833,67.248,28.387,179.586,72.994,0.399,307
136,72,0,0,0,4,6,30810,65.338,27.988,179.777,71.080,0.405,306
136,72,0,0,0,4,7,30821,66.983,28.750,184.517,72.892,0.405,307
136,72,0,0,0,4,8,31279,66.773,29.877,216.235,73.153,0.421,339
136,72,0,0,0,4,9,31269,66.742,29.919,219.005,73.142,0.421,339
136,72,0,0,0,4,10,31275,66.791,29.853,221.434,73.159,0.420,339
136,72,0,0,0,4,11,31274,66.829,29.800,231.219,73.172,0.419,339
136,72,0,0,0,4,12,31254,65.620,28.555,234.205,71.564,0.410,338
136,72,0,0,0,4,13,31258,65.753,28.269,263.989,71.572,0.406,338
136,72,0,0,0,4,14,31265,65.754,28.267,264.001,71.572,0.406,338
136,72,0,0,0,4,15,31950,66.278,30.554,358.493,72.982,0.432,403
136,72,0,0,0,6,0,37264,104.817,48.671,148.289,115.566,0.435,498
136,72,0,0,0,6,1,37267,107.054,45.126,159.065,116.176,0.399,498
136,72,0,0,0,6,2,37266,104.665,48.912,174.986,115.530,0.437,498
136,72,0,0,0,6,3,37271,106.991,45.225,210.717,116.157,0.400,498
136,72,0,0,0,6,4,37724,107.429,45.459,211.659,116.651,0.400,550
136,72,0,0,0,6,5,37722,107.019,46.108,250.738,116.529,0.407,550
136,72,0,0,0,6,6,37719,105.299,48.835,250.828,116.072,0.434,550
136,72,0,0,0,6,7,38072,105.217,48.036,286.499,115.664,0.428,602
136,72,0,0,0,6,8,38075,105.780,47.144,290.846,115.810,0.419,602
136,72,0,0,0,6,9,38071,105.385,47.771,296.446,115.707,0.426,602
136,72,0,0,0,6,10,38077,107.349,44.657,347.141,116.267,0.394,602
136,72,0,0,0,6,11,38076,106.209,46.465,349.322,115.928,0.412,602
136,72,0,0,0,6,12,38073,107.245,44.822,350.282,116.235,0.396,602
136,72,0,0,0,6,13,38388,106.673,46.657,350.849,116.430,0.412,654
136,72,0,0,0,6,14,38384,106.774,46.497,356.841,116.459,0.411,654
136,72,0,0,0,6,15,38385,105.844,47.971,382.844,116.207,0.426,654
136,72,0,0,0,8,0,43132,157.968,65.674,202.884,171.076,0.394,746
136,72,0,0,0,8,1,43133,159.690,66.771,205.336,173.087,0.396,747
136,72,0,0,0,8,2,43556,157.448,71.069,237.502,172.745,0.424,825
136,72,0,0,0,8,3,43553,157.152,71.519,255.564,172.661,0.427,825
136,72,0,0,0,8,4,43555,159.071,68.608,274.072,173.236,0.407,825
136,72,0,0,0,8,5,43552,157.313,67.893,276.157,171.339,0.407,824
136,72,0,0,0,8,6,44241,158.362,65.984,360.008,171.559,0.395,980
136,72,0,0,0,8,7,44244,157.992,66.657,371.311,171.478,0.399,980
136,72,0,0,0,8,8,44249,159.971,67.245,375.774,173.530,0.398,981
136,72,0,0,0,8,9,44243,157.544,67.472,402.088,171.384,0.405,980
136,72,0,0,0,8,10,44245,156.330,72.764,417.132,172.435,0.436,981
136,72,0,0,0,8,11,44551,158.668,68.321,424.589,172.752,0.407,1059
136,72,0,0,0,8,12,44549,156.906,70.993,433.816,172.219,0.425,1059
136,72,0,0,0,8,13,44547,157.519,66.489,440.315,170.977,0.399,1058
136,72,0,0,0,8,14,44552,157.262,70.453,452.293,172.322,0.421,1059
136,72,0,0,0,8,15,44550,158.301,68.876,473.509,172.636,0.410,1059
137,73,0,0,0,2,0,21746,28.485,13.787,56.658,31.646,0.451,121
137,73,0,0,0,2,1,21911,29.422,14.255,58.120,32.693,0.451,122
137,73,0,0,0,2,2,21903,28.541,15.242,69.369,32.356,0.490,122
137,73,0,0,0,2,3,23302,28.997,15.474,70.476,32.868,0.490,138
137,73,0,0,0,2,4,23238,28.877,14.167,75.242,32.165,0.456,137
137,73,0,0,0,2,5,23314,29.778,14.600,77.635,33.165,0.456,138
137,73,0,0,0,2,6,23220,29.025,13.742,78.202,32.114,0.442,137
137,73,0,0,0,2,7,23269,30.074,14.268,80.798,33.287,0.443,138
137,73,0,0,0,2,8,23315,29.447,14.970,107.397,33.034,0.470,138
137,73,0,0,0,2,9,23297,29.666,14.725,118.740,33.120,0.461,138
137,73,0,0,0,2,10,23296,29.418,15.003,120.095,33.023,0.472,138
137,73,0,0,0,2,11,24087,28.878,14.864,176.896,32.479,0.475,154
137,73,0,0,0,2,12,24548,29.276,15.162,220.878,32.969,0.478,170
137,73,0,0,0,2,13,24565,29.253,15.187,241.885,32.961,0.479,170
137,73,0,0,0,2,14,24524,28.877,14.167,279.347,32.165,0.456,169
137,73,0,0,0,2,15,24831,29.310,14.380,283.640,32.648,0.456,186
137,73,0,0,0,4,0,30154,63.797,33.951,70.638,72.269,0.489,275
137,73,0,0,0,4,1,29358,64.828,31.701,70.832,72.164,0.455,243
137,73,0,0,0,4,2,30169,65.288,31.910,71.377,72.669,0.455,275
137,73,0,0,0,4,3,30161,65.419,31.731,96.686,72.708,0.452,275
137,73,0,0,0,4,4,30163,65.267,31.939,103.776,72.663,0.455,275
137,73,0,0,0,4,5,30152,65.725,31.311,114.741,72.803,0.445,275
137,73,0,0,0,4,6,30825,63.619,33.355,143.693,71.833,0.483,307
137,73,0,0,0,4,7,30823,64.510,32.136,155.490,72.071,0.462,307
137,73,0,0,0,4,8,30822,64.790,31.752,166.808,72.153,0.456,307
137,73,0,0,0,4,9,30831,64.923,31.570,170.927,72.192,0.453,307
137,73,0,0,0,4,10,31280,64.362,33.178,214.114,72.410,0.476,339
137,73,0,0,0,4,11,31271,65.524,31.587,238.789,72.740,0.449,339
137,73,0,0,0,4,12,31270,65.697,31.350,263.763,72.794,0.445,339
137,73,0,0,0,4,13,31663,65.148,31.262,279.309,72.261,0.447,371
137,73,0,0,0,4,14,31267,65.573,31.520,280.696,72.755,0.448,339
137,73,0,0,0,4,15,31951,64.888,32.458,356.045,72.553,0.464,403
137,73,0,0,0,6,0,37283,103.836,54.017,155.727,117.046,0.480,499
137,73,0,0,0,6,1,37272,102.953,51.625,159.090,115.172,0.465,498
137,73,0,0,0,6,2,37270,102.292,52.672,165.049,115.056,0.476,498
137,73,0,0,0,6,3,37268,102.293,52.671,165.056,115.057,0.475,498
137,73,0,0,0,6,4,37716,103.061,52.381,218.260,115.609,0.470,550
137,73,0,0,0,6,5,37715,102.922,52.602,235.414,115.585,0.472,550
137,73,0,0,0,6,6,37723,102.890,52.652,240.040,115.579,0.473,550
137,73,0,0,0,6,7,37721,102.396,53.436,241.893,115.500,0.481,550
137,73,0,0,0,6,8,37718,103.083,52.347,262.987,115.613,0.470,550
137,73,0,0,0,6,9,37717,103.077,52.356,270.497,115.611,0.470,550
137,73,0,0,0,6,10,37725,104.380,50.291,275.379,115.864,0.449,550
137,73,0,0,0,6,11,38070,104.167,49.701,337.924,115.416,0.445,602
137,73,0,0,0,6,12,38074,101.811,53.435,348.764,114.982,0.483,602
137,73,0,0,0,6,13,38387,102.263,53.646,350.300,115.480,0.483,654
137,73,0,0,0,6,14,38397,104.075,54.507,356.461,117.485,0.482,655
137,73,0,0,0,6,15,38386,103.389,51.862,371.730,115.667,0.465,654
137,73,0,0,0,8,0,43137,154.075,75.285,173.201,171.484,0.455,747
137,73,0,0,0,8,1,43135,155.142,73.666,174.660,171.743,0.443,747
137,73,0,0,0,8,2,43554,154.425,75.654,234.180,171.961,0.456,825
137,73,0,0,0,8,3,43903,154.648,74.415,316.340,171.621,0.448,903
137,73,0,0,0,8,4,44254,154.094,76.155,353.559,171.885,0.459,981
137,73,0,0,0,8,5,44251,154.046,76.227,354.734,171.874,0.460,981
137,73,0,0,0,8,6,44252,155.100,74.630,372.355,172.121,0.448,981
137,73,0,0,0,8,7,44253,151.377,80.275,386.549,171.345,0.488,981
137,73,0,0,0,8,8,44246,154.797,75.089,388.837,172.048,0.452,981
137,73,0,0,0,8,9,44256,152.986,81.248,390.731,173.222,0.488,982
137,73,0,0,0,8,10,44247,153.218,77.483,398.455,171.695,0.468,981
137,73,0,0,0,8,11,44248,151.734,79.733,400.571,171.408,0.484,981
137,73,0,0,0,8,12,44255,153.589,80.478,405.231,173.396,0.483,982
137,73,0,0,0,8,13,44250,155.487,74.043,410.121,172.217,0.444,981
137,73,0,0,0,8,14,44554,155.143,73.666,436.562,171.744,0.443,1059
137,73,0,0,0,8,15,44553,154.436,74.737,442.708,171.570,0.451,1059
138,74,0,0,0,2,0,23275,28.791,15.705,81.231,32.796,0.499,138
138,74,0,0,0,2,1,23285,28.518,16.011,95.501,32.705,0.512,138
138,74,0,0,0,2,2,23316,28.877,15.608,100.485,32.826,0.496,138
138,74,0,0,0,2,3,23265,28.652,15.860,100.591,32.749,0.506,138
138,74,0,0,0,2,4,23303,28.328,16.223,103.125,32.644,0.520,138
138,74,0,0,0,2,5,23289,28.576,15.946,107.699,32.724,0.509,138
138,74,0,0,0,2,6,23272,28.568,15.954,107.705,32.721,0.509,138
138,74,0,0,0,2,7,23319,28.279,16.278,109.889,32.629,0.522,138
138,74,0,0,0,2,8,23313,28.221,16.343,114.799,32.612,0.525,138
138,74,0,0,0,2,9,23270,28.479,16.055,120.450,32.692,0.513,138
138,74,0,0,0,2,10,23327,28.448,16.089,132.710,32.682,0.515,138
138,74,0,0,0,2,11,24062,28.532,15.252,158.223,32.352,0.491,154
138,74,0,0,0,2,12,24069,27.811,16.059,169.618,32.114,0.524,154
138,74,0,0,0,2,13,24549,28.203,16.363,226.319,32.606,0.526,170
138,74,0,0,0,2,14,24557,27.934,16.664,278.304,32.527,0.538,170
138,74,0,0,0,2,15,24824,27.591,16.305,282.205,32.049,0.534,186
138,74,0,0,0,4,0,29365,61.694,35.991,53.498,71.425,0.528,243
138,74,0,0,0,4,1,30151,63.309,34.620,91.344,72.156,0.500,275
138,74,0,0,0,4,2,30158,62.223,36.106,95.074,71.940,0.526,275
138,74,0,0,0,4,3,30167,63.588,34.238,100.491,72.219,0.494,275
138,74,0,0,0,4,4,30155,62.668,35.497,101.920,72.023,0.515,275
138,74,0,0,0,4,5,30164,61.660,36.877,131.952,71.846,0.539,275
138,74,0,0,0,4,6,30826,61.385,36.415,146.787,71.373,0.535,307
138,74,0,0,0,4,7,30824,61.653,36.047,160.310,71.418,0.529,307
138,74,0,0,0,4,8,30830,61.509,36.244,184.126,71.393,0.532,307
138,74,0,0,0,4,9,30820,62.460,34.943,185.583,71.570,0.510,307
138,74,0,0,0,4,10,30829,61.965,35.621,195.993,71.473,0.522,307
138,74,0,0,0,4,11,30819,63.100,34.066,204.261,71.709,0.495,307
138,74,0,0,0,4,12,31273,63.416,34.473,217.172,72.180,0.498,339
138,74,0,0,0,4,13,31268,61.639,36.906,220.411,71.843,0.539,339
138,74,0,0,0,4,14,31278,61.975,36.445,230.037,71.897,0.532,339
138,74,0,0,0,4,15,31283,62.586,35.609,252.369,72.007,0.517,339
138,74,0,0,0,6,0,36099,100.140,58.552,68.504,116.002,0.529,395
138,74,0,0,0,6,1,36734,101.089,58.171,81.418,116.631,0.522,447
138,74,0,0,0,6,2,36733,101.638,57.498,82.040,116.775,0.515,447
138,74,0,0,0,6,3,36737,101.274,57.945,91.022,116.679,0.520,447
138,74,0,0,0,6,4,37274,99.693,59.102,149.612,115.895,0.535,499
138,74,0,0,0,6,5,37275,99.393,59.469,156.668,115.826,0.539,499
138,74,0,0,0,6,6,37278,100.295,58.362,159.919,116.040,0.527,499
138,74,0,0,0,6,7,37279,102.966,55.084,164.734,116.774,0.491,499
138,74,0,0,0,6,8,37282,100.014,58.707,195.595,115.971,0.531,499
138,74,0,0,0,6,9,37730,100.643,58.719,214.889,116.520,0.528,551
138,74,0,0,0,6,10,37726,99.822,59.726,217.051,116.326,0.539,551
138,74,0,0,0,6,11,37727,101.489,57.681,272.332,116.735,0.517,551
138,74,0,0,0,6,12,38079,100.705,57.859,302.842,116.143,0.521,603
138,74,0,0,0,6,13,38080,100.519,58.088,305.421,116.096,0.524,603
138,74,0,0,0,6,14,38083,99.456,59.392,305.504,115.840,0.538,603
138,74,0,0,0,6,15,38396,101.231,57.997,394.860,116.668,0.520,655
138,74,0,0,0,8,0,42653,150.748,84.111,88.170,172.626,0.509,670
138,74,0,0,0,8,1,42652,148.118,87.474,88.880,172.019,0.533,670
138,74,0,0,0,8,2,42655,147.890,87.765,124.655,171.971,0.536,670
138,74,0,0,0,8,3,42658,150.775,84.077,137.409,172.632,0.509,670
138,74,0,0,0,8,4,43140,150.734,83.325,156.187,172.232,0.505,748
138,74,0,0,0,8,5,43144,147.999,86.823,158.809,171.586,0.531,748
138,74,0,0,0,8,6,43558,151.477,83.178,225.076,172.812,0.502,826
138,74,0,0,0,8,7,43561,149.454,85.765,228.910,172.314,0.521,826
138,74,0,0,0,8,8,43559,151.829,82.728,244.467,172.904,0.499,826
138,74,0,0,0,8,9,43562,152.185,82.272,256.309,173.000,0.496,826
138,74,0,0,0,8,10,43560,152.445,81.940,261.697,173.071,0.493,826
138,74,0,0,0,8,11,43904,149.609,84.763,317.826,171.952,0.515,904
138,74,0,0,0,8,12,44558,151.885,81.852,429.556,172.536,0.494,1060
138,74,0,0,0,8,13,44559,150.454,83.682,452.007,172.160,0.508,1060
138,74,0,0,0,8,14,44556,147.044,88.044,454.416,171.388,0.540,1060
138,74,0,0,0,8,15,44557,149.840,84.468,454.745,172.008,0.513,1060
139,75,0,0,0,2,0,21933,27.279,16.655,57.918,31.961,0.548,122
139,75,0,0,0,2,1,21876,26.574,17.444,64.205,31.788,0.581,122
139,75,0,0,0,2,2,21954,26.807,17.183,68.834,31.841,0.570,122
139,75,0,0,0,2,3,23321,27.233,17.449,69.903,32.344,0.570,138
139,75,0,0,0,2,4,23291,27.167,17.523,73.941,32.328,0.573,138
139,75,0,0,0,2,5,23309,27.834,16.776,80.898,32.499,0.542,138
139,75,0,0,0,2,6,23278,26.919,17.800,88.514,32.272,0.584,138
139,75,0,0,0,2,7,23298,27.648,16.985,92.428,32.448,0.551,138
139,75,0,0,0,2,8,23284,27.079,17.621,104.957,32.308,0.577,138
139,75,0,0,0,2,9,23268,26.990,17.721,107.531,32.288,0.581,138
139,75,0,0,0,2,10,23294,27.175,17.514,127.410,32.330,0.572,138
139,75,0,0,0,2,11,24567,27.374,17.291,226.572,32.378,0.563,170
139,75,0,0,0,2,12,24558,27.457,17.198,279.218,32.399,0.560,170
139,75,0,0,0,2,13,24830,26.612,17.401,289.376,31.796,0.579,186
139,75,0,0,0,2,14,24825,27.070,16.888,296.156,31.906,0.558,186
139,75,0,0,0,2,15,24828,26.592,17.424,315.007,31.792,0.580,186
139,75,0,0,0,4,0,30834,60.853,37.143,165.453,71.293,0.548,307
139,75,0,0,0,4,1,30835,60.406,37.754,187.489,71.234,0.559,307
139,75,0,0,0,4,2,30827,59.809,38.571,201.051,71.168,0.573,307
139,75,0,0,0,4,3,31266,60.737,38.141,222.542,71.719,0.561,339
139,75,0,0,0,4,4,31281,60.540,38.410,237.834,71.697,0.565,339
139,75,0,0,0,4,5,31276,61.208,37.496,247.292,71.780,0.550,339
139,75,0,0,0,4,6,31282,60.229,38.836,252.957,71.664,0.573,339
139,75,0,0,0,4,7,31277,60.043,39.091,267.248,71.647,0.577,339
139,75,0,0,0,4,8,31272,60.089,39.027,269.946,71.651,0.576,339
139,75,0,0,0,4,9,31293,61.697,40.457,275.308,73.779,0.580,340
139,75,0,0,0,4,10,31660,59.882,38.472,288.870,71.175,0.571,371
139,75,0,0,0,4,11,31661,59.420,39.105,296.864,71.133,0.582,371
139,75,0,0,0,4,12,31672,61.600,39.874,297.845,73.379,0.574,372
139,75,0,0,0,4,13,31670,61.399,40.059,301.521,73.312,0.578,372
139,75,0,0,0,4,14,31664,59.133,39.497,317.839,71.111,0.589,371
139,75,0,0,0,4,15,31669,60.945,40.476,326.966,73.162,0.586,372
139,75,0,0,0,6,0,36728,97.687,62.346,87.166,115.887,0.568,447
139,75,0,0,0,6,1,36730,96.373,63.959,91.676,115.666,0.586,447
139,75,0,0,0,6,2,36726,98.778,61.007,108.344,116.099,0.553,447
139,75,0,0,0,6,3,36729,99.667,59.917,137.316,116.291,0.541,447
139,75,0,0,0,6,4,36735,97.495,62.583,139.598,115.852,0.571,447
139,75,0,0,0,6,5,37281,95.827,63.846,155.586,115.148,0.588,499
139,75,0,0,0,6,6,37276,97.519,61.770,186.359,115.435,0.565,499
139,75,0,0,0,6,7,37729,98.964,60.779,234.251,116.138,0.551,551
139,75,0,0,0,6,8,37728,98.820,60.956,248.021,116.108,0.553,551
139,75,0,0,0,6,9,37731,99.228,60.455,260.571,116.194,0.547,551
139,75,0,0,0,6,10,38081,97.505,61.786,324.609,115.433,0.565,603
139,75,0,0,0,6,11,38078,97.753,61.482,329.315,115.480,0.561,603
139,75,0,0,0,6,12,38395,97.958,62.014,352.965,115.937,0.564,655
139,75,0,0,0,6,13,38393,97.285,62.840,376.224,115.815,0.574,655
139,75,0,0,0,6,14,38394,99.157,60.542,384.941,116.179,0.548,655
139,75,0,0,0,6,15,38391,96.751,63.495,402.290,115.726,0.581,655
139,75,0,0,0,8,0,43142,144.490,91.310,170.832,170.924,0.564,748
139,75,0,0,0,8,1,43139,143.722,92.292,177.362,170.803,0.571,748
139,75,0,0,0,8,2,43148,145.393,93.172,179.347,172.685,0.570,749
139,75,0,0,0,8,3,43145,146.070,89.289,203.940,171.199,0.549,748
139,75,0,0,0,8,4,43563,144.986,91.480,222.231,171.434,0.563,826
139,75,0,0,0,8,5,43569,145.946,93.302,222.346,173.221,0.569,827
139,75,0,0,0,8,6,43567,146.775,92.401,224.880,173.438,0.562,827
139,75,0,0,0,8,7,43565,145.429,93.863,228.155,173.089,0.573,827
139,75,0,0,0,8,8,43557,146.191,89.938,277.491,171.641,0.552,826
139,75,0,0,0,8,9,43564,143.867,95.560,278.533,172.712,0.586,827
139,75,0,0,0,8,10,43905,145.527,89.984,327.550,171.100,0.554,904
139,75,0,0,0,8,11,44258,147.370,88.430,366.773,171.866,0.540,982
139,75,0,0,0,8,12,44257,144.196,92.490,384.212,171.309,0.570,982
139,75,0,0,0,8,13,44261,145.675,93.596,388.349,173.151,0.571,983
139,75,0,0,0,8,14,44259,147.237,88.601,403.004,171.840,0.542,982
139,75,0,0,0,8,15,44560,145.240,90.351,448.990,171.049,0.556,1060
140,76,0,0,0,2,0,21930,25.991,18.097,22.595,31.670,0.608,122
140,76,0,0,0,2,1,21919,25.552,18.588,24.978,31.598,0.629,122
140,76,0,0,0,2,2,21948,26.322,17.726,26.770,31.734,0.593,122
140,76,0,0,0,2,3,21939,25.834,18.272,30.108,31.643,0.616,122
140,76,0,0,0,2,4,21974,25.464,18.686,36.963,31.585,0.633,122
140,76,0,0,0,2,5,21870,26.086,17.990,42.245,31.688,0.604,122
140,76,0,0,0,2,6,21927,26.255,17.801,63.635,31.721,0.596,122
140,76,0,0,0,2,7,21908,25.836,18.270,67.154,31.643,0.616,122
140,76,0,0,0,2,8,23310,26.469,18.304,119.489,32.182,0.605,138
140,76,0,0,0,2,9,23323,26.005,18.824,119.605,32.103,0.627,138
140,76,0,0,0,2,10,24078,25.656,18.471,195.022,31.614,0.624,154
140,76,0,0,0,2,11,24073,25.857,18.246,208.713,31.647,0.614,154
140,76,0,0,0,2,12,24561,26.254,18.545,212.028,32.143,0.615,170
140,76,0,0,0,2,13,24570,26.209,18.595,218.612,32.136,0.617,170
140,76,0,0,0,2,14,24563,26.762,17.976,242.891,32.239,0.591,170
140,76,0,0,0,2,15,24546,25.835,19.014,261.414,32.078,0.634,170
140,76,0,0,0,4,0,29369,58.634,40.181,56.452,71.080,0.601,243
140,76,0,0,0,4,1,29380,60.179,41.181,57.681,72.921,0.600,244
140,76,0,0,0,4,2,29389,59.814,41.517,57.798,72.810,0.607,244
140,76,0,0,0,4,3,29379,58.365,42.849,64.593,72.405,0.633,244
140,76,0,0,0,4,4,29376,60.055,41.295,67.125,72.883,0.602,244
140,76,0,0,0,4,5,30190,59.430,42.543,74.159,73.088,0.621,276
140,76,0,0,0,4,6,30179,59.910,42.101,92.340,73.224,0.613,276
140,76,0,0,0,4,7,30197,59.986,42.031,120.650,73.246,0.611,276
140,76,0,0,0,4,8,30160,58.970,40.559,137.234,71.572,0.602,275
140,76,0,0,0,4,9,30845,60.005,41.341,139.600,72.868,0.603,308
140,76,0,0,0,4,10,30184,60.407,41.644,140.527,73.371,0.604,276
140,76,0,0,0,4,11,30838,59.403,41.895,193.591,72.690,0.614,308
140,76,0,0,0,4,12,31292,58.761,43.158,232.023,72.907,0.633,340
140,76,0,0,0,4,13,31290,60.004,42.014,260.671,73.251,0.611,340
140,76,0,0,0,4,14,31662,59.100,39.542,280.102,71.108,0.590,371
140,76,0,0,0,4,15,31665,60.712,40.691,287.878,73.087,0.590,372
140,76,0,0,0,6,0,36739,93.904,69.390,94.745,116.760,0.636,448
140,76,0,0,0,6,1,36732,95.308,65.266,115.786,115.513,0.600,447
140,76,0,0,0,6,2,36727,95.308,65.266,115.790,115.513,0.600,447
140,76,0,0,0,6,3,36742,97.400,66.025,116.644,117.670,0.596,448
140,76,0,0,0,6,4,36745,96.268,67.115,117.695,117.354,0.609,448
140,76,0,0,0,6,5,36725,95.397,65.157,118.831,115.525,0.599,447
140,76,0,0,0,6,6,36749,97.187,66.230,121.028,117.609,0.598,448
140,76,0,0,0,6,7,37277,95.593,64.133,147.918,115.113,0.591,499
140,76,0,0,0,6,8,37288,97.102,65.625,151.876,117.198,0.594,500
140,76,0,0,0,6,9,37280,95.346,64.435,177.469,115.077,0.594,499
140,76,0,0,0,6,10,37291,97.030,65.694,180.840,117.177,0.595,500
140,76,0,0,0,6,11,37741,94.753,68.573,220.991,116.963,0.626,552
140,76,0,0,0,6,12,37732,97.168,66.248,274.351,117.603,0.598,552
140,76,0,0,0,6,13,38082,95.704,63.997,303.479,115.129,0.589,603
140,76,0,0,0,6,14,38400,95.546,67.810,359.761,117.163,0.617,656
140,76,0,0,0,6,15,38401,95.264,68.081,365.939,117.091,0.620,656
140,76,0,0,0,8,0,41537,140.204,99.538,-33.496,171.945,0.617,515
140,76,0,0,0,8,1,41538,138.885,100.971,-19.737,171.710,0.629,515
140,76,0,0,0,8,2,41539,140.910,98.772,-17.647,172.080,0.611,515
140,76,0,0,0,8,3,42159,139.488,99.585,34.511,171.389,0.620,593
140,76,0,0,0,8,4,42160,141.010,97.932,67.198,171.681,0.607,593
140,76,0,0,0,8,5,42675,139.358,100.457,76.987,171.791,0.625,671
140,76,0,0,0,8,6,43146,140.099,98.921,145.497,171.502,0.615,749
140,76,0,0,0,8,7,43150,140.105,98.914,175.001,171.503,0.615,749
140,76,0,0,0,8,8,43566,138.307,101.599,259.847,171.613,0.634,827
140,76,0,0,0,8,9,43568,143.501,95.957,266.744,172.628,0.589,827
140,76,0,0,0,8,10,43570,140.192,99.551,268.739,171.943,0.617,827
140,76,0,0,0,8,11,43908,138.101,101.091,322.882,171.147,0.632,905
140,76,0,0,0,8,12,43906,140.694,98.275,340.585,171.618,0.610,905
140,76,0,0,0,8,13,44260,138.464,101.427,392.136,171.638,0.632,983
140,76,0,0,0,8,14,44561,137.800,101.418,444.457,171.098,0.634,1061
140,76,0,0,0,8,15,44562,138.215,100.967,472.740,171.166,0.631,1061
141,77,0,0,1,2,0,21877,24.949,19.263,61.420,31.520,0.658,122
141,77,0,0,1,2,1,23271,24.792,20.182,72.736,31.968,0.683,138
141,77,0,0,1,2,2,23312,25.502,19.387,83.329,32.035,0.650,138
141,77,0,0,1,2,3,23306,25.162,19.768,84.223,31.998,0.666,138
141,77,0,0,1,2,4,23322,25.748,19.111,88.264,32.066,0.639,138
141,77,0,0,1,2,5,23300,25.631,19.243,91.595,32.050,0.644,138
141,77,0,0,1,2,6,23286,25.206,19.718,92.867,32.002,0.664,138
141,77,0,0,1,2,7,23304,25.549,19.334,96.761,32.040,0.648,138
141,77,0,0,1,2,8,23326,25.230,19.691,98.091,32.005,0.663,138
141,77,0,0,1,2,9,23320,25.743,19.117,113.166,32.065,0.639,138
141,77,0,0,1,2,10,23274,25.565,19.317,125.509,32.042,0.647,138
141,77,0,0,1,2,11,23301,24.785,20.190,140.467,31.967,0.684,138
141,77,0,0,1,2,12,24070,25.300,18.870,142.716,31.562,0.641,154
141,77,0,0,1,2,13,24559,24.751,20.227,261.012,31.965,0.685,170
141,77,0,0,1,2,14,24568,25.221,19.702,263.260,32.004,0.663,170
141,77,0,0,1,2,15,24560,24.818,20.153,279.993,31.970,0.682,170
141,77,0,0,1,4,0,29373,57.138,43.977,34.813,72.103,0.656,244
141,77,0,0,1,4,1,29386,55.676,45.322,45.727,71.791,0.683,244
141,77,0,0,1,4,2,29382,55.674,45.324,50.385,71.791,0.683,244
141,77,0,0,1,4,3,30188,57.646,44.184,69.571,72.631,0.654,276
141,77,0,0,1,4,4,30193,56.108,45.597,71.415,72.300,0.682,276
141,77,0,0,1,4,5,30171,58.184,43.689,75.549,72.760,0.644,276
141,77,0,0,1,4,6,30181,56.778,44.982,101.843,72.437,0.670,276
141,77,0,0,1,4,7,30846,57.694,43.467,155.058,72.235,0.646,308
141,77,0,0,1,4,8,30837,56.418,44.640,163.822,71.942,0.669,308
141,77,0,0,1,4,9,30849,57.198,43.923,194.177,72.117,0.655,308
141,77,0,0,1,4,10,31287,55.863,45.823,214.061,72.252,0.687,340
141,77,0,0,1,4,11,31286,56.964,44.811,221.060,72.477,0.667,340
141,77,0,0,1,4,12,31284,56.002,45.695,243.769,72.279,0.684,340
141,77,0,0,1,4,13,31289,56.576,45.167,245.634,72.394,0.674,340
141,77,0,0,1,4,14,31666,56.995,44.109,296.815,72.070,0.659,372
141,77,0,0,1,4,15,31671,56.259,44.786,314.723,71.909,0.672,372
141,77,0,0,1,6,0,36118,91.909,70.623,12.528,115.909,0.655,396
141,77,0,0,1,6,1,36119,91.626,70.895,24.803,115.851,0.659,396
141,77,0,0,1,6,2,36117,92.619,69.939,30.402,116.059,0.647,396
141,77,0,0,1,6,3,36120,92.398,70.151,35.012,116.012,0.649,396
141,77,0,0,1,6,4,36112,92.254,70.291,41.218,115.981,0.651,396
141,77,0,0,1,6,5,36114,91.297,71.212,51.693,115.785,0.662,396
141,77,0,0,1,6,6,36115,91.565,70.953,52.565,115.839,0.659,396
141,77,0,0,1,6,7,36746,90.614,72.556,105.092,116.083,0.675,448
141,77,0,0,1,6,8,36748,92.148,71.080,118.028,116.377,0.657,448
141,77,0,0,1,6,9,37284,92.762,69.801,179.482,116.091,0.645,500
141,77,0,0,1,6,10,37290,89.320,73.114,190.870,115.428,0.686,500
141,77,0,0,1,6,11,37737,89.832,73.308,214.033,115.948,0.684,552
141,77,0,0,1,6,12,37735,90.359,72.802,249.477,116.038,0.678,552
141,77,0,0,1,6,13,37736,92.510,70.731,265.708,116.452,0.653,552
141,77,0,0,1,6,14,38085,92.722,69.841,305.277,116.082,0.646,604
141,77,0,0,1,6,15,38399,89.631,73.502,354.759,115.915,0.687,656
141,77,0,0,1,8,0,42678,133.835,108.561,81.788,172.329,0.682,672
141,77,0,0,1,8,1,42679,135.156,107.339,93.357,172.594,0.671,672
141,77,0,0,1,8,2,42677,135.083,107.407,108.840,172.579,0.672,672
141,77,0,0,1,8,3,42676,135.083,107.407,133.674,172.579,0.672,672
141,77,0,0,1,8,4,42669,136.787,103.249,135.935,171.380,0.647,671
141,77,0,0,1,8,5,42682,138.594,104.162,137.511,173.372,0.644,672
141,77,0,0,1,8,6,43147,136.136,103.225,183.710,170.846,0.649,749
141,77,0,0,1,8,7,43151,137.958,104.075,185.928,172.812,0.646,750
141,77,0,0,1,8,8,43571,135.566,106.960,276.103,172.681,0.668,828
141,77,0,0,1,8,9,43907,135.876,103.508,281.023,170.810,0.651,905
141,77,0,0,1,8,10,43912,133.404,108.284,289.673,171.820,0.682,906
141,77,0,0,1,8,11,43911,136.517,105.407,303.089,172.475,0.658,906
141,77,0,0,1,8,12,43914,136.695,105.243,323.679,172.516,0.656,906
141,77,0,0,1,8,13,43910,133.935,107.793,333.214,171.924,0.678,906
141,77,0,0,1,8,14,43913,134.594,107.184,343.561,172.058,0.673,906
141,77,0,0,1,8,15,44267,133.624,108.755,398.260,172.288,0.683,984
142,77,0,1,0,2,0,21877,24.949,19.263,61.420,31.520,0.658,122
142,77,0,1,0,2,1,23271,24.792,20.182,72.736,31.968,0.683,138
142,77,0,1,0,2,2,23312,25.502,19.387,83.329,32.035,0.650,138
142,77,0,1,0,2,3,23306,25.162,19.768,84.223,31.998,0.666,138
142,77,0,1,0,2,4,23322,25.748,19.111,88.264,32.066,0.639,138
142,77,0,1,0,2,5,23300,25.631,19.243,91.595,32.050,0.644,138
142,77,0,1,0,2,6,23286,25.206,19.718,92.867,32.002,0.664,138
142,77,0,1,0,2,7,23304,25.549,19.334,96.761,32.040,0.648,138
142,77,0,1,0,2,8,23326,25.230,19.691,98.091,32.005,0.663,138
142,77,0,1,0,2,9,23320,25.743,19.117,113.166,32.065,0.639,138
142,77,0,1,0,2,10,23274,25.565,19.317,125.509,32.042,0.647,138
142,77,0,1,0,2,11,23301,24.785,20.190,140.467,31.967,0.684,138
142,77,0,1,0,2,12,24070,25.300,18.870,142.716,31.562,0.641,154
142,77,0,1,0,2,13,24559,24.751,20.227,261.012,31.965,0.685,170
142,77,0,1,0,2,14,24568,25.221,19.702,263.260,32.004,0.663,170
142,77,0,1,0,2,15,24560,24.818,20.153,279.993,31.970,0.682,170
142,77,0,1,0,4,0,28261,57.655,44.175,-13.496,72.633,0.654,212
142,77,0,1,0,4,1,28287,56.024,45.675,-6.146,72.283,0.684,212
142,77,0,1,0,4,2,29385,57.919,43.259,9.772,72.291,0.642,244
142,77,0,1,0,4,3,29378,58.019,43.168,15.664,72.316,0.640,244
142,77,0,1,0,4,4,29373,57.138,43.977,34.813,72.103,0.656,244
142,77,0,1,0,4,5,29386,55.676,45.322,45.727,71.791,0.683,244
142,77,0,1,0,4,6,29382,55.674,45.324,50.385,71.791,0.683,244
142,77,0,1,0,4,7,30188,57.646,44.184,69.571,72.631,0.654,276
142,77,0,1,0,4,8,30193,56.108,45.597,71.415,72.300,0.682,276
142,77,0,1,0,4,9,30171,58.184,43.689,75.549,72.760,0.644,276
142,77,0,1,0,4,10,30181,56.778,44.982,101.843,72.437,0.670,276
142,77,0,1,0,4,11,30846,57.694,43.467,155.058,72.235,0.646,308
142,77,0,1,0,4,12,30837,56.418,44.640,163.822,71.942,0.669,308
142,77,0,1,0,4,13,30849,57.198,43.923,194.177,72.117,0.655,308
142,77,0,1,0,4,14,31287,55.863,45.823,214.061,72.252,0.687,340
142,77,0,1,0,4,15,31286,56.964,44.811,221.060,72.477,0.667,340
142,77,0,1,0,6,0,34576,91.231,71.275,-81.496,115.772,0.663,292
142,77,0,1,0,6,1,35322,91.135,72.054,-65.927,116.179,0.669,344
142,77,0,1,0,6,2,35315,91.351,71.847,-61.886,116.219,0.666,344
142,77,0,1,0,6,3,35314,93.394,69.880,-57.083,116.644,0.642,344
142,77,0,1,0,6,4,35326,90.146,73.006,-55.513,116.001,0.681,344
142,77,0,1,0,6,5,35317,89.895,73.248,-15.172,115.958,0.684,344
142,77,0,1,0,6,6,35320,90.417,72.746,-6.734,116.048,0.678,344
142,77,0,1,0,6,7,36118,91.909,70.623,12.528,115.909,0.655,396
142,77,0,1,0,6,8,36119,91.626,70.895,24.803,115.851,0.659,396
142,77,0,1,0,6,9,36117,92.619,69.939,30.402,116.059,0.647,396
142,77,0,1,0,6,10,36120,92.398,70.151,35.012,116.012,0.649,396
142,77,0,1,0,6,11,36112,92.254,70.291,41.218,115.981,0.651,396
142,77,0,1,0,6,12,36114,91.297,71.212,51.693,115.785,0.662,396
142,77,0,1,0,6,13,36115,91.565,70.953,52.565,115.839,0.659,396
142,77,0,1,0,6,14,36746,90.614,72.556,105.092,116.083,0.675,448
142,77,0,1,0,6,15,36748,92.148,71.080,118.028,116.377,0.657,448
142,77,0,1,0,8,0,40417,134.275,108.153,-196.390,172.415,0.678,360
142,77,0,1,0,8,1,40418,133.578,108.798,-183.422,172.279,0.684,360
142,77,0,1,0,8,2,40415,136.671,105.939,-168.724,172.922,0.659,360
142,77,0,1,0,8,3,40936,132.877,108.771,-123.235,171.719,0.686,438
142,77,0,1,0,8,4,40940,137.867,104.160,-87.697,172.791,0.647,438
142,77,0,1,0,8,5,40931,136.429,102.907,-86.674,170.888,0.646,437
142,77,0,1,0,8,6,40932,134.625,107.156,-76.907,172.065,0.672,438
142,77,0,1,0,8,7,40934,134.840,106.957,-74.439,172.109,0.671,438
142,77,0,1,0,8,8,41543,135.162,107.333,-29.718,172.595,0.671,516
142,77,0,1,0,8,9,41545,136.499,106.098,-20.234,172.884,0.661,516
142,77,0,1,0,8,10,42162,134.523,107.251,16.016,172.044,0.673,594
142,77,0,1,0,8,11,42165,133.133,108.535,36.405,171.768,0.684,594
142,77,0,1,0,8,12,42161,132.901,108.750,40.976,171.724,0.686,594
142,77,0,1,0,8,13,42157,136.481,102.851,46.096,170.896,0.646,593
142,77,0,1,0,8,14,42164,137.596,104.409,46.604,172.725,0.649,594
142,77,0,1,0,8,15,42678,133.835,108.561,81.788,172.329,0.682,672
143,78,0,0,0,2,0,21981,23.919,20.417,27.074,31.447,0.707,122
143,78,0,0,0,2,1,21887,23.534,20.848,30.551,31.440,0.725,122
143,78,0,0,0,2,2,21985,24.026,20.297,34.163,31.451,0.701,122
143,78,0,0,0,2,3,21952,24.108,20.204,35.845,31.455,0.698,122
143,78,0,0,0,2,4,21983,23.608,20.764,41.803,31.440,0.721,122
143,78,0,0,0,2,5,21935,23.573,20.804,47.640,31.440,0.723,122
143,78,0,0,0,2,6,21900,23.438,20.955,51.256,31.439,0.730,122
143,78,0,0,0,2,7,23280,23.918,21.160,73.229,31.935,0.724,138
143,78,0,0,0,2,8,23266,24.202,20.842,78.578,31.940,0.711,138
143,78,0,0,0,2,9,23276,24.444,20.571,79.510,31.948,0.700,138
143,78,0,0,0,2,10,24082,23.983,20.344,142.584,31.450,0.703,154
143,78,0,0,0,2,11,24068,23.339,21.065,203.220,31.440,0.734,154
143,78,0,0,0,2,12,24552,24.098,20.959,212.849,31.937,0.716,170
143,78,0,0,0,2,13,24551,24.022,21.044,239.431,31.936,0.719,170
143,78,0,0,0,2,14,24564,23.981,21.089,245.916,31.935,0.721,170
143,78,0,0,0,2,15,24829,23.939,20.394,299.904,31.448,0.706,186
143,78,0,0,0,4,0,29394,54.913,46.024,57.699,71.649,0.698,244
143,78,0,0,0,4,1,30176,55.624,46.043,72.267,72.208,0.691,276
143,78,0,0,0,4,2,30187,53.495,48.001,73.532,71.873,0.731,276
143,78,0,0,0,4,3,30198,54.705,46.888,76.612,72.049,0.709,276
143,78,0,0,0,4,4,30182,53.842,47.681,79.702,71.920,0.725,276
143,78,0,0,0,4,5,30183,53.675,47.835,92.131,71.897,0.728,276
143,78,0,0,0,4,6,30195,54.304,47.257,95.966,71.987,0.716,276
143,78,0,0,0,4,7,30174,53.508,47.989,110.943,71.875,0.731,276
143,78,0,0,0,4,8,30191,55.775,45.904,112.735,72.236,0.689,276
143,78,0,0,0,4,9,30178,53.682,47.829,127.701,71.898,0.728,276
143,78,0,0,0,4,10,30836,53.239,47.563,140.757,71.391,0.729,308
143,78,0,0,0,4,11,30847,55.437,45.542,141.452,71.745,0.688,308
143,78,0,0,0,4,12,30848,53.740,47.102,166.030,71.461,0.720,308
143,78,0,0,0,4,13,30843,52.919,47.858,178.628,71.350,0.735,308
143,78,0,0,0,4,14,30839,53.486,47.337,182.003,71.425,0.724,308
143,78,0,0,0,4,15,30844,54.254,46.630,187.317,71.539,0.710,308
143,78,0,0,0,6,0,36759,88.737,77.279,124.371,117.671,0.716,449
143,78,0,0,0,6,1,37287,87.287,75.070,153.636,115.129,0.710,500
143,78,0,0,0,6,2,37285,88.373,74.025,163.613,115.280,0.697,500
143,78,0,0,0,6,3,37286,88.977,73.444,169.686,115.373,0.690,500
143,78,0,0,0,6,4,37289,86.617,75.716,201.683,115.045,0.718,500
143,78,0,0,0,6,5,37301,88.393,76.919,205.413,117.175,0.716,501
143,78,0,0,0,6,6,37734,86.175,76.828,221.349,115.450,0.728,552
143,78,0,0,0,6,7,37751,87.799,77.986,225.289,117.433,0.726,553
143,78,0,0,0,6,8,37739,86.888,76.141,228.957,115.530,0.720,552
143,78,0,0,0,6,9,37740,88.240,74.841,230.107,115.704,0.703,552
143,78,0,0,0,6,10,37743,88.296,77.612,233.018,117.558,0.721,553
143,78,0,0,0,6,11,37733,85.796,77.192,264.416,115.411,0.733,552
143,78,0,0,0,6,12,37753,87.353,78.322,268.913,117.324,0.731,553
143,78,0,0,0,6,13,37742,87.300,75.745,269.659,115.580,0.715,552
143,78,0,0,0,6,14,37738,88.463,74.626,279.893,115.736,0.701,552
143,78,0,0,0,6,15,38084,87.822,74.556,291.381,115.201,0.704,604
143,78,0,0,0,8,0,43158,128.663,115.210,158.034,172.706,0.730,751
143,78,0,0,0,8,1,43153,127.836,113.431,180.116,170.905,0.726,750
143,78,0,0,0,8,2,43157,129.242,114.756,182.142,172.836,0.726,751
143,78,0,0,0,8,3,43572,131.162,111.031,229.456,171.847,0.702,828
143,78,0,0,0,8,4,43581,129.698,115.027,245.858,173.357,0.726,829
143,78,0,0,0,8,5,43573,128.352,116.083,246.986,173.059,0.735,829
143,78,0,0,0,8,6,43909,130.616,110.862,288.164,171.321,0.704,906
143,78,0,0,0,8,7,43916,130.287,113.935,294.496,173.078,0.719,907
143,78,0,0,0,8,8,44262,129.033,112.999,369.254,171.518,0.719,984
143,78,0,0,0,8,9,44272,130.372,114.498,373.587,173.513,0.721,985
143,78,0,0,0,8,10,44264,130.656,111.499,393.403,171.764,0.706,984
143,78,0,0,0,8,11,44268,130.450,111.689,401.614,171.731,0.708,984
143,78,0,0,0,8,12,44263,130.400,111.735,404.597,171.723,0.708,984
143,78,0,0,0,8,13,44266,131.338,110.868,407.978,171.876,0.701,984
143,78,0,0,0,8,14,44270,130.681,114.256,408.735,173.586,0.718,985
143,78,0,0,0,8,15,44265,130.020,112.087,415.322,171.664,0.711,984
144,79,0,0,0,2,0,24084,22.407,22.109,185.831,31.478,0.779,154
144,79,0,0,0,2,1,24110,23.679,23.489,196.875,33.353,0.781,155
144,79,0,0,0,2,2,24067,22.640,21.848,199.426,31.463,0.768,154
144,79,0,0,0,2,3,24578,24.461,23.662,215.869,34.032,0.769,171
144,79,0,0,0,2,4,24562,22.738,22.482,223.316,31.976,0.780,170
144,79,0,0,0,2,5,24589,24.135,23.819,236.942,33.909,0.779,171
144,79,0,0,0,2,6,24550,23.018,22.168,249.586,31.957,0.767,170
144,79,0,0,0,2,7,24555,22.839,22.368,258.206,31.968,0.775,170
144,79,0,0,0,2,8,24574,24.658,23.567,260.461,34.109,0.763,171
144,79,0,0,0,2,9,24600,24.634,23.578,266.470,34.099,0.763,171
144,79,0,0,0,2,10,24591,24.252,23.762,274.534,33.953,0.775,171
144,79,0,0,0,2,11,24569,23.185,21.981,275.217,31.949,0.759,170
144,79,0,0,0,2,12,24826,22.640,21.848,282.166,31.463,0.768,186
144,79,0,0,0,2,13,24842,24.374,23.154,289.959,33.618,0.760,187
144,79,0,0,0,2,14,24840,24.018,23.326,300.252,33.480,0.771,187
144,79,0,0,0,2,15,24832,22.573,21.923,319.335,31.467,0.771,186
144,79,0,0,0,4,0,29383,51.980,48.721,56.724,71.244,0.753,244
144,79,0,0,0,4,1,29396,52.201,48.518,61.201,71.267,0.749,244
144,79,0,0,0,4,2,30175,51.389,49.938,72.739,71.656,0.771,276
144,79,0,0,0,4,3,30196,52.268,49.129,100.296,71.733,0.754,276
144,79,0,0,0,4,4,30192,50.804,50.476,114.188,71.616,0.782,276
144,79,0,0,0,4,5,30212,52.240,51.947,117.492,73.672,0.783,277
144,79,0,0,0,4,6,30173,52.099,49.285,124.256,71.717,0.758,276
144,79,0,0,0,4,7,30194,51.819,49.542,125.577,71.691,0.763,276
144,79,0,0,0,4,8,30170,51.426,49.904,134.672,71.659,0.770,276
144,79,0,0,0,4,9,30841,51.029,49.596,160.447,71.160,0.771,308
144,79,0,0,0,4,10,31288,50.801,50.478,209.929,71.616,0.782,340
144,79,0,0,0,4,11,31285,52.207,49.185,245.112,71.727,0.756,340
144,79,0,0,0,4,12,31291,52.557,48.864,268.874,71.763,0.749,340
144,79,0,0,0,4,13,31673,52.157,48.559,326.877,71.262,0.750,372
144,79,0,0,0,4,14,31667,52.761,48.003,346.418,71.330,0.738,372
144,79,0,0,0,4,15,31959,52.029,49.349,360.815,71.710,0.759,404
144,79,0,0,0,6,0,36757,84.371,80.568,125.321,116.660,0.762,449
144,79,0,0,0,6,1,37302,83.862,80.331,153.834,116.129,0.764,501
144,79,0,0,0,6,2,37304,83.957,80.259,163.079,116.148,0.763,501
144,79,0,0,0,6,3,37292,85.041,79.443,164.659,116.375,0.751,501
144,79,0,0,0,6,4,37294,85.990,78.728,181.038,116.587,0.741,501
144,79,0,0,0,6,5,37299,85.633,78.998,183.961,116.506,0.745,501
144,79,0,0,0,6,6,37296,84.083,80.164,194.565,116.174,0.762,501
144,79,0,0,0,6,7,37300,83.526,80.584,195.192,116.062,0.767,501
144,79,0,0,0,6,8,37303,84.061,80.181,201.657,116.169,0.762,501
144,79,0,0,0,6,9,37305,83.635,80.501,202.091,116.083,0.766,501
144,79,0,0,0,6,10,37750,82.879,81.691,234.813,116.371,0.778,553
144,79,0,0,0,6,11,37748,83.119,81.510,244.286,116.416,0.776,553
144,79,0,0,0,6,12,37744,83.132,81.500,264.159,116.418,0.775,553
144,79,0,0,0,6,13,38086,82.188,81.591,279.612,115.810,0.782,605
144,79,0,0,0,6,14,37746,82.561,81.930,280.725,116.314,0.782,553
144,79,0,0,0,6,15,38087,83.943,80.270,292.768,116.145,0.763,605
144,79,0,0,0,8,0,42683,127.131,117.042,87.935,172.804,0.744,673
144,79,0,0,0,8,1,42685,124.876,118.812,108.127,172.367,0.761,673
144,79,0,0,0,8,2,43156,124.007,118.865,156.157,171.775,0.764,751
144,79,0,0,0,8,3,43578,123.133,120.181,241.001,172.062,0.773,829
144,79,0,0,0,8,4,43574,123.090,120.215,242.246,172.055,0.774,829
144,79,0,0,0,8,5,43579,128.081,116.297,244.180,173.002,0.737,829
144,79,0,0,0,8,6,43583,121.622,121.367,259.591,171.819,0.784,829
144,79,0,0,0,8,7,43582,125.699,118.166,268.698,172.521,0.755,829
144,79,0,0,0,8,8,43918,122.285,120.217,299.212,171.481,0.777,907
144,79,0,0,0,8,9,43921,124.239,118.683,341.728,171.817,0.763,907
144,79,0,0,0,8,10,43919,127.319,116.265,342.329,172.417,0.740,907
144,79,0,0,0,8,11,43920,126.469,116.932,347.627,172.243,0.746,907
144,79,0,0,0,8,12,43917,125.085,118.019,348.078,171.973,0.756,907
144,79,0,0,0,8,13,44269,125.556,118.278,378.911,172.493,0.756,985
144,79,0,0,0,8,14,44273,124.593,119.035,413.726,172.316,0.763,985
144,79,0,0,0,8,15,44271,126.676,117.399,416.122,172.712,0.747,985
145,80,0,0,1,2,0,24076,22.172,22.372,151.484,31.498,0.790,154
145,80,0,0,1,2,1,24072,21.841,22.743,159.207,31.532,0.806,154
145,80,0,0,1,2,2,24101,22.998,23.817,167.194,33.108,0.803,155
145,80,0,0,1,2,3,24071,21.274,23.377,167.485,31.608,0.832,154
145,80,0,0,1,2,4,24098,22.059,24.270,173.989,32.796,0.833,155
145,80,0,0,1,2,5,24081,21.391,23.246,210.276,31.590,0.827,154
145,80,0,0,1,2,6,24553,21.909,23.410,212.927,32.063,0.819,170
145,80,0,0,1,2,7,24547,21.657,23.692,217.435,32.099,0.830,170
145,80,0,0,1,2,8,24580,23.756,24.001,222.282,33.770,0.791,171
145,80,0,0,1,2,9,24599,22.513,24.600,225.848,33.347,0.830,171
145,80,0,0,1,2,10,24566,22.223,23.058,240.207,32.024,0.804,170
145,80,0,0,1,2,11,24571,21.790,23.543,241.779,32.079,0.824,170
145,80,0,0,1,2,12,24588,22.618,24.549,251.787,33.381,0.826,171
145,80,0,0,1,2,13,24594,23.397,24.174,252.399,33.643,0.802,171
145,80,0,0,1,2,14,24556,21.657,23.692,257.591,32.099,0.830,170
145,80,0,0,1,2,15,24575,22.479,24.617,267.190,33.336,0.831,171
145,80,0,0,1,4,0,30172,49.783,51.415,111.721,71.567,0.802,276
145,80,0,0,1,4,1,30226,51.166,52.602,114.634,73.382,0.799,277
145,80,0,0,1,4,2,30207,49.531,53.598,121.324,72.980,0.825,277
145,80,0,0,1,4,3,30208,49.914,53.365,121.626,73.070,0.819,277
145,80,0,0,1,4,4,30221,50.121,53.238,124.212,73.120,0.816,277
145,80,0,0,1,4,5,30840,49.299,51.187,143.905,71.067,0.804,308
145,80,0,0,1,4,6,30862,50.560,52.391,147.422,72.809,0.803,309
145,80,0,0,1,4,7,30855,48.691,53.530,162.889,72.362,0.833,309
145,80,0,0,1,4,8,30842,49.887,50.646,167.723,71.090,0.793,308
145,80,0,0,1,4,9,30854,50.438,52.465,169.949,72.778,0.805,309
145,80,0,0,1,4,10,30858,51.139,52.039,172.167,72.960,0.794,309
145,80,0,0,1,4,11,30853,50.267,52.570,177.024,72.735,0.808,309
145,80,0,0,1,4,12,31295,49.857,53.400,235.721,73.056,0.820,341
145,80,0,0,1,4,13,31305,49.154,53.828,240.828,72.894,0.831,341
145,80,0,0,1,4,14,31300,49.371,53.695,271.961,72.943,0.827,341
145,80,0,0,1,4,15,31668,49.586,50.923,336.268,71.077,0.799,372
145,80,0,0,1,6,0,36130,77.879,84.835,23.838,115.162,0.828,397
145,80,0,0,1,6,1,36132,81.554,82.069,47.954,115.699,0.789,397
145,80,0,0,1,6,2,36123,79.417,83.678,55.461,115.365,0.812,397
145,80,0,0,1,6,3,36754,79.029,84.590,74.887,115.763,0.819,449
145,80,0,0,1,6,4,36753,79.570,84.182,100.215,115.836,0.814,449
145,80,0,0,1,6,5,36756,80.163,83.736,107.915,115.921,0.807,449
145,80,0,0,1,6,6,36751,82.110,82.270,129.182,116.234,0.786,449
145,80,0,0,1,6,7,37297,80.389,82.946,161.407,115.509,0.801,501
145,80,0,0,1,6,8,37293,80.247,83.053,174.180,115.487,0.803,501
145,80,0,0,1,6,9,37295,81.248,82.299,185.119,115.648,0.792,501
145,80,0,0,1,6,10,37752,80.548,83.446,231.140,115.979,0.803,553
145,80,0,0,1,6,11,37747,79.194,84.466,271.625,115.785,0.818,553
145,80,0,0,1,6,12,37749,78.892,84.693,274.434,115.745,0.821,553
145,80,0,0,1,6,13,38088,79.576,83.558,294.003,115.388,0.810,605
145,80,0,0,1,6,14,38406,77.637,85.638,374.246,115.591,0.834,657
145,80,0,0,1,6,15,38676,81.447,82.150,486.327,115.681,0.790,709
145,80,0,0,1,8,0,43577,121.000,121.855,217.892,171.725,0.789,829
145,80,0,0,1,8,1,43576,118.137,124.103,230.934,171.341,0.810,829
145,80,0,0,1,8,2,43586,119.219,125.622,233.527,173.188,0.812,830
145,80,0,0,1,8,3,43575,117.692,124.452,237.189,171.288,0.813,829
145,80,0,0,1,8,4,43584,118.903,125.831,239.680,173.122,0.814,830
145,80,0,0,1,8,5,43580,118.897,123.506,275.077,171.436,0.804,829
145,80,0,0,1,8,6,43589,120.204,124.969,278.237,173.396,0.805,830
145,80,0,0,1,8,7,43915,120.922,121.287,284.203,171.268,0.787,907
145,80,0,0,1,8,8,43923,116.283,126.973,296.562,172.174,0.829,908
145,80,0,0,1,8,9,44281,115.907,127.815,370.387,172.543,0.834,986
145,80,0,0,1,8,10,44275,115.882,127.832,405.838,172.539,0.834,986
145,80,0,0,1,8,11,44277,118.436,126.140,420.102,173.027,0.817,986
145,80,0,0,1,8,12,44563,119.500,122.403,433.207,171.064,0.797,1063
145,80,0,0,1,8,13,44566,120.758,124.009,438.397,173.092,0.799,1064
145,80,0,0,1,8,14,44565,120.736,124.023,453.312,173.086,0.799,1064
145,80,0,0,1,8,15,44564,119.275,122.580,459.808,171.033,0.799,1063
146,80,0,1,0,2,0,24076,22.172,22.372,151.484,31.498,0.790,154
146,80,0,1,0,2,1,24072,21.841,22.743,159.207,31.532,0.806,154
146,80,0,1,0,2,2,24101,22.998,23.817,167.194,33.108,0.803,155
146,80,0,1,0,2,3,24071,21.274,23.377,167.485,31.608,0.832,154
146,80,0,1,0,2,4,24098,22.059,24.270,173.989,32.796,0.833,155
146,80,0,1,0,2,5,24081,21.391,23.246,210.276,31.590,0.827,154
146,80,0,1,0,2,6,24553,21.909,23.410,212.927,32.063,0.819,170
146,80,0,1,0,2,7,24547,21.657,23.692,217.435,32.099,0.830,170
146,80,0,1,0,2,8,24580,23.756,24.001,222.282,33.770,0.791,171
146,80,0,1,0,2,9,24599,22.513,24.600,225.848,33.347,0.830,171
146,80,0,1,0,2,10,24566,22.223,23.058,240.207,32.024,0.804,170
146,80,0,1,0,2,11,24571,21.790,23.543,241.779,32.079,0.824,170
146,80,0,1,0,2,12,24588,22.618,24.549,251.787,33.381,0.826,171
146,80,0,1,0,2,13,24594,23.397,24.174,252.399,33.643,0.802,171
146,80,0,1,0,2,14,24556,21.657,23.692,257.591,32.099,0.830,170
146,80,0,1,0,2,15,24575,22.479,24.617,267.190,33.336,0.831,171
146,80,0,1,0,4,0,30213,51.619,52.326,104.272,73.502,0.792,277
146,80,0,1,0,4,1,30210,50.069,53.270,109.716,73.107,0.816,277
146,80,0,1,0,4,2,30172,49.783,51.415,111.721,71.567,0.802,276
146,80,0,1,0,4,3,30226,51.166,52.602,114.634,73.382,0.799,277
146,80,0,1,0,4,4,30207,49.531,53.598,121.324,72.980,0.825,277
146,80,0,1,0,4,5,30208,49.914,53.365,121.626,73.070,0.819,277
146,80,0,1,0,4,6,30221,50.121,53.238,124.212,73.120,0.816,277
146,80,0,1,0,4,7,30840,49.299,51.187,143.905,71.067,0.804,308
146,80,0,1,0,4,8,30862,50.560,52.391,147.422,72.809,0.803,309
146,80,0,1,0,4,9,30855,48.691,53.530,162.889,72.362,0.833,309
146,80,0,1,0,4,10,30842,49.887,50.646,167.723,71.090,0.793,308
146,80,0,1,0,4,11,30854,50.438,52.465,169.949,72.778,0.805,309
146,80,0,1,0,4,12,30858,51.139,52.039,172.167,72.960,0.794,309
146,80,0,1,0,4,13,30853,50.267,52.570,177.024,72.735,0.808,309
146,80,0,1,0,4,14,31295,49.857,53.400,235.721,73.056,0.820,341
146,80,0,1,0,4,15,31305,49.154,53.828,240.828,72.894,0.831,341
146,80,0,1,0,6,0,35342,80.609,83.400,-32.927,115.989,0.802,345
146,80,0,1,0,6,1,35339,78.755,84.796,-24.276,115.727,0.822,345
146,80,0,1,0,6,2,35330,80.575,83.425,-3.191,115.984,0.803,345
146,80,0,1,0,6,3,36121,79.660,83.495,13.223,115.400,0.809,397
146,80,0,1,0,6,4,36130,77.879,84.835,23.838,115.162,0.828,397
146,80,0,1,0,6,5,36132,81.554,82.069,47.954,115.699,0.789,397
146,80,0,1,0,6,6,36123,79.417,83.678,55.461,115.365,0.812,397
146,80,0,1,0,6,7,36754,79.029,84.590,74.887,115.763,0.819,449
146,80,0,1,0,6,8,36753,79.570,84.182,100.215,115.836,0.814,449
146,80,0,1,0,6,9,36756,80.163,83.736,107.915,115.921,0.807,449
146,80,0,1,0,6,10,36751,82.110,82.270,129.182,116.234,0.786,449
146,80,0,1,0,6,11,37297,80.389,82.946,161.407,115.509,0.801,501
146,80,0,1,0,6,12,37293,80.247,83.053,174.180,115.487,0.803,501
146,80,0,1,0,6,13,37295,81.248,82.299,185.119,115.648,0.792,501
146,80,0,1,0,6,14,37752,80.548,83.446,231.140,115.979,0.803,553
146,80,0,1,0,6,15,37747,79.194,84.466,271.625,115.785,0.818,553
146,80,0,1,0,8,0,40946,117.368,124.077,-88.023,170.793,0.813,439
146,80,0,1,0,8,1,40948,120.344,124.283,-83.905,173.000,0.801,440
146,80,0,1,0,8,2,40944,119.103,122.715,-83.071,171.010,0.800,439
146,80,0,1,0,8,3,41557,116.388,127.497,-63.100,172.632,0.831,518
146,80,0,1,0,8,4,41556,119.896,125.174,-26.537,173.331,0.807,518
146,80,0,1,0,8,5,41552,119.335,125.545,-23.530,173.212,0.811,518
146,80,0,1,0,8,6,41550,120.161,122.514,-5.047,171.605,0.795,517
146,80,0,1,0,8,7,42173,118.775,122.972,8.511,170.967,0.803,595
146,80,0,1,0,8,8,42170,118.658,123.064,51.470,170.952,0.804,595
146,80,0,1,0,8,9,42684,119.663,122.905,78.002,171.537,0.799,673
146,80,0,1,0,8,10,42694,121.044,124.413,79.107,173.581,0.799,674
146,80,0,1,0,8,11,43161,116.320,126.948,144.339,172.181,0.829,752
146,80,0,1,0,8,12,43154,119.583,122.338,165.953,171.075,0.797,751
146,80,0,1,0,8,13,43155,119.113,122.707,188.246,171.011,0.800,751
146,80,0,1,0,8,14,43159,120.326,124.295,190.545,172.996,0.802,752
146,80,0,1,0,8,15,43577,121.000,121.855,217.892,171.725,0.789,829
147,81,0,0,0,2,0,24077,20.875,23.824,148.212,31.676,0.851,154
147,81,0,0,0,2,1,24083,20.872,23.827,151.588,31.676,0.851,154
147,81,0,0,0,2,2,24093,21.522,24.528,152.777,32.632,0.851,155
147,81,0,0,0,2,3,24105,21.982,24.306,153.055,32.772,0.836,155
147,81,0,0,0,2,4,24080,20.808,23.899,167.983,31.688,0.854,154
147,81,0,0,0,2,5,24117,20.532,25.005,169.017,32.355,0.883,155
147,81,0,0,0,2,6,24114,21.395,24.590,173.099,32.594,0.855,155
147,81,0,0,0,2,7,24119,20.606,24.970,182.710,32.374,0.881,155
147,81,0,0,0,2,8,24122,21.126,24.719,197.127,32.517,0.864,155
147,81,0,0,0,2,9,24097,20.568,24.988,202.685,32.364,0.882,155
147,81,0,0,0,2,10,24597,21.261,25.203,216.474,32.973,0.870,171
147,81,0,0,0,2,11,24595,21.034,25.313,237.719,32.912,0.877,171
147,81,0,0,0,2,12,24592,21.292,25.189,259.200,32.982,0.869,171
147,81,0,0,0,2,13,24601,20.953,25.352,266.523,32.890,0.880,171
147,81,0,0,0,2,14,24827,20.974,23.713,295.346,31.658,0.847,186
147,81,0,0,0,2,15,24839,21.879,24.356,302.856,32.740,0.839,187
147,81,0,0,0,4,0,29424,48.126,53.874,7.047,72.240,0.842,245
147,81,0,0,0,4,1,29400,45.550,55.444,13.854,71.755,0.883,245
147,81,0,0,0,4,2,29408,47.014,54.552,29.765,72.015,0.859,245
147,81,0,0,0,4,3,29398,48.348,53.739,39.378,72.287,0.838,245
147,81,0,0,0,4,4,29420,46.835,54.661,43.018,71.982,0.862,245
147,81,0,0,0,4,5,30204,48.816,54.034,75.567,72.819,0.836,277
147,81,0,0,0,4,6,30222,46.622,55.370,81.594,72.384,0.871,277
147,81,0,0,0,4,7,30214,46.880,55.213,88.709,72.431,0.867,277
147,81,0,0,0,4,8,30225,46.834,55.241,96.106,72.422,0.868,277
147,81,0,0,0,4,9,30209,45.908,55.806,123.736,72.262,0.882,277
147,81,0,0,0,4,10,30860,47.471,54.274,144.898,72.105,0.852,309
147,81,0,0,0,4,11,30859,48.069,53.909,168.196,72.227,0.843,309
147,81,0,0,0,4,12,31296,46.999,55.141,250.149,72.453,0.865,341
147,81,0,0,0,4,13,31302,47.534,54.815,260.849,72.554,0.856,341
147,81,0,0,0,4,14,31298,46.862,55.224,263.084,72.428,0.867,341
147,81,0,0,0,4,15,31966,46.947,55.172,390.545,72.443,0.866,405
147,81,0,0,0,6,0,37306,75.286,88.859,145.521,116.464,0.868,502
147,81,0,0,0,6,1,37308,75.319,88.840,150.487,116.471,0.868,502
147,81,0,0,0,6,2,37315,74.854,89.109,152.635,116.377,0.872,502
147,81,0,0,0,6,3,37307,78.359,87.081,177.190,117.146,0.838,502
147,81,0,0,0,6,4,37298,75.156,86.886,190.637,114.881,0.858,501
147,81,0,0,0,6,5,37310,76.173,88.346,193.566,116.651,0.859,502
147,81,0,0,0,6,6,37309,76.289,88.279,200.487,116.675,0.858,502
147,81,0,0,0,6,7,37314,76.592,88.103,202.464,116.742,0.855,502
147,81,0,0,0,6,8,37760,74.713,89.763,250.035,116.788,0.877,554
147,81,0,0,0,6,9,37745,75.981,86.884,269.384,115.421,0.852,553
147,81,0,0,0,6,10,37755,77.184,88.333,273.805,117.303,0.853,554
147,81,0,0,0,6,11,38090,76.503,88.155,310.501,116.722,0.856,606
147,81,0,0,0,6,12,38405,76.141,86.764,378.203,115.436,0.851,657
147,81,0,0,0,6,13,38407,77.460,85.771,382.384,115.571,0.836,657
147,81,0,0,0,6,14,38408,77.312,88.259,384.325,117.332,0.851,658
147,81,0,0,0,6,15,38403,77.309,85.885,393.153,115.555,0.838,657
147,81,0,0,0,8,0,42705,110.508,133.823,133.966,173.553,0.881,675
147,81,0,0,0,8,1,43166,109.487,131.474,153.230,171.093,0.876,752
147,81,0,0,0,8,2,43162,114.531,128.133,183.231,171.859,0.841,752
147,81,0,0,0,8,3,43163,112.395,129.547,191.176,171.508,0.856,752
147,81,0,0,0,8,4,43585,112.311,130.197,220.606,171.945,0.859,830
147,81,0,0,0,8,5,43587,114.087,129.021,234.042,172.227,0.847,830
147,81,0,0,0,8,6,43590,112.604,130.003,246.877,171.990,0.857,830
147,81,0,0,0,8,7,43588,112.647,129.975,261.593,171.997,0.857,830
147,81,0,0,0,8,8,43924,111.360,130.233,334.055,171.353,0.863,908
147,81,0,0,0,8,9,43925,110.781,130.617,340.171,171.269,0.867,908
147,81,0,0,0,8,10,44276,108.885,132.466,354.686,171.474,0.883,986
147,81,0,0,0,8,11,44283,110.482,133.837,358.972,173.547,0.881,987
147,81,0,0,0,8,12,44279,111.769,130.556,388.111,171.864,0.863,986
147,81,0,0,0,8,13,44274,111.419,130.788,401.841,171.813,0.865,986
147,81,0,0,0,8,14,44278,112.729,129.921,409.279,172.010,0.856,986
147,81,0,0,0,8,15,44568,111.785,129.952,463.755,171.416,0.860,1064
148,82,0,0,0,2,0,22026,20.072,25.227,27.286,32.238,0.899,123
148,82,0,0,0,2,1,22072,20.163,25.183,46.172,32.260,0.896,123
148,82,0,0,0,2,2,22082,20.524,25.009,52.626,32.352,0.884,123
148,82,0,0,0,2,3,22118,19.934,25.294,54.495,32.204,0.903,123
148,82,0,0,0,2,4,22078,20.279,25.127,60.975,32.289,0.892,123
148,82,0,0,0,2,5,22084,20.006,25.259,62.980,32.222,0.901,123
148,82,0,0,0,2,6,22095,20.218,25.157,67.240,32.274,0.894,123
148,82,0,0,0,2,7,23334,20.768,25.441,72.829,32.841,0.886,139
148,82,0,0,0,2,8,23365,20.083,25.771,78.360,32.672,0.909,139
148,82,0,0,0,2,9,23354,20.158,25.735,78.713,32.690,0.906,139
148,82,0,0,0,2,10,23372,19.494,26.055,90.645,32.540,0.928,139
148,82,0,0,0,2,11,24090,20.200,25.165,179.345,32.270,0.894,155
148,82,0,0,0,2,12,24837,20.315,25.110,285.398,32.299,0.891,187
148,82,0,0,0,2,13,24836,19.161,25.666,286.165,32.029,0.929,187
148,82,0,0,0,2,14,24841,20.003,25.260,290.344,32.221,0.901,187
148,82,0,0,0,2,15,24834,20.183,25.173,295.802,32.266,0.895,187
148,82,0,0,0,4,0,29399,43.910,56.443,65.797,71.512,0.910,245
148,82,0,0,0,4,1,29412,45.441,55.510,67.841,71.738,0.885,245
148,82,0,0,0,4,2,30211,43.386,57.342,71.806,71.906,0.923,277
148,82,0,0,0,4,3,30203,42.826,57.684,88.741,71.843,0.932,277
148,82,0,0,0,4,4,30223,45.684,55.942,95.429,72.226,0.886,277
148,82,0,0,0,4,5,30200,43.973,56.984,103.326,71.978,0.914,277
148,82,0,0,0,4,6,30218,43.056,57.543,123.548,71.868,0.928,277
148,82,0,0,0,4,7,30199,45.659,55.957,125.778,72.222,0.886,277
148,82,0,0,0,4,8,30857,43.581,56.644,143.918,71.469,0.915,309
148,82,0,0,0,4,9,30865,44.822,55.888,144.994,71.641,0.895,309
148,82,0,0,0,4,10,30864,43.879,56.462,152.301,71.508,0.910,309
148,82,0,0,0,4,11,30856,42.992,57.002,154.061,71.397,0.925,309
148,82,0,0,0,4,12,30851,44.527,56.067,188.807,71.597,0.900,309
148,82,0,0,0,4,13,31303,44.990,56.365,234.674,72.119,0.897,341
148,82,0,0,0,4,14,31680,45.458,55.500,308.435,71.740,0.885,373
148,82,0,0,0,4,15,31678,42.557,57.267,334.750,71.349,0.932,373
148,82,0,0,0,6,0,36140,73.361,89.973,-0.128,116.091,0.887,398
148,82,0,0,0,6,1,36769,70.156,92.400,75.805,116.016,0.921,450
148,82,0,0,0,6,2,36765,73.155,90.665,110.214,116.498,0.892,450
148,82,0,0,0,6,3,36760,71.659,91.530,113.535,116.244,0.907,450
148,82,0,0,0,6,4,36761,69.587,92.729,113.912,115.935,0.927,450
148,82,0,0,0,6,5,36771,73.623,90.394,132.015,116.582,0.887,450
148,82,0,0,0,6,6,37317,70.851,91.426,155.762,115.665,0.912,502
148,82,0,0,0,6,7,37316,68.723,92.657,165.896,115.361,0.933,502
148,82,0,0,0,6,8,37319,69.605,92.147,165.964,115.481,0.924,502
148,82,0,0,0,6,9,37318,69.605,92.147,175.465,115.481,0.924,502
148,82,0,0,0,6,10,37311,70.904,91.395,199.684,115.674,0.911,502
148,82,0,0,0,6,11,37313,70.531,91.611,204.605,115.616,0.915,502
148,82,0,0,0,6,12,37758,70.472,92.217,234.396,116.062,0.918,554
148,82,0,0,0,6,13,37756,69.996,92.492,276.664,115.993,0.923,554
148,82,0,0,0,6,14,38412,69.362,92.859,366.660,115.905,0.929,658
148,82,0,0,0,6,15,38411,69.343,92.870,390.309,115.902,0.929,658
148,82,0,0,0,8,0,43164,107.186,132.998,148.948,170.814,0.892,752
148,82,0,0,0,8,1,43167,107.955,134.667,150.552,172.596,0.895,753
148,82,0,0,0,8,2,43171,107.130,135.122,163.160,172.438,0.900,753
148,82,0,0,0,8,3,43160,107.918,132.513,165.010,170.898,0.887,752
148,82,0,0,0,8,4,43168,109.241,133.957,166.843,172.853,0.887,753
148,82,0,0,0,8,5,43172,104.482,136.584,177.685,171.964,0.918,753
148,82,0,0,0,8,6,43165,107.481,132.803,179.966,170.847,0.890,752
148,82,0,0,0,8,7,43170,106.018,135.736,195.591,172.233,0.908,753
148,82,0,0,0,8,8,43591,107.583,133.328,236.515,171.320,0.892,830
148,82,0,0,0,8,9,43932,102.833,137.494,286.600,171.695,0.929,909
148,82,0,0,0,8,10,43927,105.635,135.948,286.804,172.164,0.910,909
148,82,0,0,0,8,11,43922,107.734,132.635,295.858,170.876,0.889,908
148,82,0,0,0,8,12,43928,109.061,134.056,299.242,172.816,0.888,909
148,82,0,0,0,8,13,43926,107.842,132.563,338.389,170.888,0.888,908
148,82,0,0,0,8,14,44280,108.586,132.664,395.975,171.437,0.885,986
148,82,0,0,0,8,15,44569,103.797,136.962,441.165,171.850,0.922,1065
149,83,0,0,0,2,0,23357,19.102,26.244,83.567,32.460,0.942,139
149,83,0,0,0,2,1,23383,19.081,26.254,93.309,32.456,0.942,139
149,83,0,0,0,2,2,23385,18.615,26.479,95.927,32.367,0.958,139
149,83,0,0,0,2,3,23331,17.947,26.800,102.695,32.255,0.981,139
149,83,0,0,0,2,4,23353,18.377,26.593,103.858,32.325,0.966,139
149,83,0,0,0,2,5,23368,18.708,26.434,105.127,32.384,0.955,139
149,83,0,0,0,2,6,23358,18.759,26.409,110.958,32.394,0.953,139
149,83,0,0,0,2,7,23377,18.735,26.421,126.895,32.389,0.954,139
149,83,0,0,0,2,8,23338,18.830,26.375,130.975,32.407,0.951,139
149,83,0,0,0,2,9,24120,17.948,26.250,146.933,31.800,0.971,155
149,83,0,0,0,2,10,24112,18.163,26.147,148.227,31.836,0.964,155
149,83,0,0,0,2,11,24126,18.308,26.077,151.424,31.862,0.959,155
149,83,0,0,0,2,12,24109,18.301,26.080,197.742,31.861,0.959,155
149,83,0,0,0,2,13,24103,17.962,26.244,198.715,31.802,0.971,155
149,83,0,0,0,2,14,24572,18.065,26.744,228.712,32.273,0.977,171
149,83,0,0,0,2,15,24579,18.333,26.614,265.397,32.318,0.968,171
149,83,0,0,0,4,0,30231,40.925,61.206,115.201,73.627,0.981,278
149,83,0,0,0,4,1,30850,40.544,58.494,139.871,71.171,0.965,309
149,83,0,0,0,4,2,30215,40.846,58.889,140.783,71.669,0.964,277
149,83,0,0,0,4,3,30866,40.655,60.777,153.226,73.121,0.981,310
149,83,0,0,0,4,4,30863,39.845,58.920,182.056,71.128,0.976,309
149,83,0,0,0,4,5,30878,40.787,60.729,187.529,73.154,0.979,310
149,83,0,0,0,4,6,30861,39.909,58.881,195.418,71.131,0.975,309
149,83,0,0,0,4,7,30869,40.963,60.664,200.889,73.199,0.977,310
149,83,0,0,0,4,8,31294,42.263,58.026,231.419,71.786,0.941,341
149,83,0,0,0,4,9,31304,41.761,58.332,238.943,71.740,0.949,341
149,83,0,0,0,4,10,31301,40.367,59.182,241.072,71.638,0.972,341
149,83,0,0,0,4,11,31317,41.516,60.989,248.490,73.779,0.973,342
149,83,0,0,0,4,12,31297,42.101,58.125,253.468,71.771,0.944,341
149,83,0,0,0,4,13,31306,40.589,59.046,279.086,71.651,0.969,341
149,83,0,0,0,4,14,31681,40.513,58.513,280.020,71.169,0.965,373
149,83,0,0,0,4,15,31682,41.506,60.466,285.638,73.341,0.969,374
149,83,0,0,0,6,0,36784,66.244,96.877,69.584,117.360,0.971,451
149,83,0,0,0,6,1,36762,68.566,93.320,76.603,115.801,0.937,450
149,83,0,0,0,6,2,36764,66.390,94.579,77.640,115.554,0.959,450
149,83,0,0,0,6,3,36767,66.592,94.462,83.371,115.575,0.957,450
149,83,0,0,0,6,4,36763,64.645,95.588,102.717,115.396,0.976,450
149,83,0,0,0,6,5,36776,65.399,97.238,104.330,117.185,0.979,451
149,83,0,0,0,6,6,36766,66.252,94.659,135.821,115.541,0.960,450
149,83,0,0,0,6,7,36770,66.283,94.641,138.840,115.544,0.960,450
149,83,0,0,0,6,8,37327,67.455,95.821,139.275,117.183,0.957,503
149,83,0,0,0,6,9,36778,67.805,96.210,139.395,117.703,0.957,451
149,83,0,0,0,6,10,37312,65.746,94.380,163.346,115.022,0.962,502
149,83,0,0,0,6,11,37759,64.996,95.386,209.754,115.425,0.973,554
149,83,0,0,0,6,12,37754,68.163,93.553,238.084,115.751,0.941,554
149,83,0,0,0,6,13,37757,68.467,93.377,240.494,115.789,0.938,554
149,83,0,0,0,6,14,38089,66.857,93.737,315.805,115.137,0.951,606
149,83,0,0,0,6,15,38409,67.502,93.936,384.838,115.674,0.948,658
149,83,0,0,0,8,0,42708,96.213,141.715,84.047,171.289,0.974,675
149,83,0,0,0,8,1,42703,97.722,140.881,87.631,171.456,0.964,675
149,83,0,0,0,8,2,42716,98.712,142.583,88.486,173.419,0.965,676
149,83,0,0,0,8,3,42701,99.887,139.686,98.916,171.725,0.950,675
149,83,0,0,0,8,4,43169,99.693,139.228,173.773,171.240,0.949,753
149,83,0,0,0,8,5,43594,101.033,139.054,226.909,171.883,0.942,831
149,83,0,0,0,8,6,43592,100.943,139.103,234.251,171.870,0.943,831
149,83,0,0,0,8,7,43595,98.760,140.309,246.908,171.581,0.957,831
149,83,0,0,0,8,8,43593,102.121,138.453,280.652,172.040,0.935,831
149,83,0,0,0,8,9,43937,96.002,143.263,289.934,172.455,0.980,910
149,83,0,0,0,8,10,43929,99.162,139.521,300.224,171.170,0.953,909
149,83,0,0,0,8,11,43933,99.291,139.450,305.615,171.187,0.952,909
149,83,0,0,0,8,12,43930,99.682,139.234,308.366,171.238,0.949,909
149,83,0,0,0,8,13,43931,100.032,139.041,345.221,171.286,0.947,909
149,83,0,0,0,8,14,44282,96.302,141.666,357.209,171.299,0.974,987
149,83,0,0,0,8,15,44284,97.163,143.282,361.133,173.119,0.975,988
150,84,0,0,0,2,0,22050,16.556,26.921,46.466,31.605,1.019,123
150,84,0,0,0,2,1,22033,16.582,26.908,49.749,31.608,1.019,123
150,84,0,0,0,2,2,22091,16.864,26.773,51.629,31.641,1.009,123
150,84,0,0,0,2,3,22086,16.871,26.769,55.443,31.642,1.008,123
150,84,0,0,0,2,4,22028,16.995,26.710,61.183,31.658,1.004,123
150,84,0,0,0,2,5,22098,16.538,26.930,66.927,31.603,1.020,123
150,84,0,0,0,2,6,23361,17.099,27.209,83.493,32.136,1.010,139
150,84,0,0,0,2,7,23345,16.508,27.494,96.806,32.069,1.030,139
150,84,0,0,0,2,8,23332,16.673,27.414,103.024,32.086,1.024,139
150,84,0,0,0,2,9,23369,17.191,27.165,113.931,32.147,1.007,139
150,84,0,0,0,2,10,23339,16.599,27.450,126.742,32.079,1.027,139
150,84,0,0,0,2,11,24102,17.126,26.647,163.587,31.675,1.000,155
150,84,0,0,0,2,12,24106,16.410,26.992,198.590,31.589,1.025,155
150,84,0,0,0,2,13,24576,17.104,27.207,222.008,32.137,1.010,171
150,84,0,0,0,2,14,24596,16.819,27.344,279.230,32.103,1.019,171
150,84,0,0,0,2,15,24835,17.346,26.541,310.170,31.706,0.992,187
150,84,0,0,0,4,0,30247,37.753,62.366,94.026,72.903,1.026,278
150,84,0,0,0,4,1,30202,38.788,60.144,95.723,71.567,0.998,277
150,84,0,0,0,4,2,30228,39.645,61.674,98.193,73.317,0.999,278
150,84,0,0,0,4,3,30244,38.567,62.069,119.441,73.075,1.015,278
150,84,0,0,0,4,4,30224,38.667,60.217,122.605,71.563,1.000,277
150,84,0,0,0,4,5,30254,39.549,61.709,125.415,73.295,1.001,278
150,84,0,0,0,4,6,30239,37.789,62.353,127.769,72.911,1.026,278
150,84,0,0,0,4,7,30852,39.417,59.181,149.056,71.106,0.983,309
150,84,0,0,0,4,8,31314,38.320,62.159,217.912,73.022,1.018,342
150,84,0,0,0,4,9,31299,39.066,59.974,229.595,71.576,0.993,341
150,84,0,0,0,4,10,31307,40.031,61.533,235.498,73.408,0.994,342
150,84,0,0,0,4,11,31313,40.079,61.515,243.404,73.420,0.993,342
150,84,0,0,0,4,12,31316,39.106,61.871,256.976,73.194,1.007,342
150,84,0,0,0,4,13,31688,39.698,61.127,313.847,72.887,0.995,374
150,84,0,0,0,4,14,31679,39.225,59.298,313.903,71.097,0.986,373
150,84,0,0,0,4,15,31689,37.423,61.960,343.558,72.385,1.027,374
150,84,0,0,0,6,0,36775,63.475,98.060,77.245,116.811,0.996,451
150,84,0,0,0,6,1,36779,59.922,99.578,90.276,116.217,1.029,451
150,84,0,0,0,6,2,36782,60.088,99.507,116.664,116.242,1.028,451
150,84,0,0,0,6,3,36781,61.692,98.822,122.477,116.497,1.013,451
150,84,0,0,0,6,4,36773,64.883,97.459,129.580,117.081,0.983,451
150,84,0,0,0,6,5,37329,62.750,97.831,144.316,116.226,1.000,503
150,84,0,0,0,6,6,37321,62.939,97.751,154.888,116.260,0.999,503
150,84,0,0,0,6,7,37324,62.173,98.078,182.413,116.124,1.006,503
150,84,0,0,0,6,8,37328,60.514,98.787,189.478,115.848,1.021,503
150,84,0,0,0,6,9,37326,60.658,98.725,194.146,115.871,1.020,503
150,84,0,0,0,6,10,37762,60.109,99.498,209.404,116.245,1.027,555
150,84,0,0,0,6,11,37761,63.595,98.009,254.169,116.833,0.995,555
150,84,0,0,0,6,12,38094,61.324,98.441,314.918,115.979,1.014,607
150,84,0,0,0,6,13,38418,64.366,97.680,371.378,116.980,0.988,659
150,84,0,0,0,6,14,38416,62.255,98.581,374.821,116.593,1.008,659
150,84,0,0,0,6,15,38417,63.915,97.872,397.887,116.893,0.992,659
150,84,0,0,0,8,0,42184,92.510,144.839,31.450,171.861,1.002,598
150,84,0,0,0,8,1,42709,88.715,147.094,76.367,171.776,1.028,676
150,84,0,0,0,8,2,42715,95.745,143.922,76.455,172.860,0.984,676
150,84,0,0,0,8,3,42711,93.299,145.026,76.915,172.445,0.999,676
150,84,0,0,0,8,4,42717,90.813,146.148,116.612,172.065,1.015,676
150,84,0,0,0,8,5,42712,90.017,146.507,117.063,171.952,1.020,676
150,84,0,0,0,8,6,42713,89.057,146.940,128.372,171.821,1.026,676
150,84,0,0,0,8,7,43173,90.720,145.646,145.154,171.589,1.014,754
150,84,0,0,0,8,8,43176,93.320,144.473,172.852,171.991,0.997,754
150,84,0,0,0,8,9,43175,95.146,143.649,182.168,172.302,0.986,754
150,84,0,0,0,8,10,43174,90.919,145.556,193.528,171.618,1.012,754
150,84,0,0,0,8,11,43598,90.206,146.422,213.257,171.978,1.019,832
150,84,0,0,0,8,12,43935,88.360,146.711,280.224,171.265,1.029,910
150,84,0,0,0,8,13,43936,91.889,145.119,291.581,171.764,1.006,910
150,84,0,0,0,8,14,44572,89.856,146.036,422.988,171.466,1.019,1066
150,84,0,0,0,8,15,44574,88.852,146.489,455.719,171.329,1.026,1066
151,85,0,0,1,2,0,22034,15.403,27.477,44.952,31.500,1.060,123
151,85,0,0,1,2,1,22070,15.095,27.625,46.830,31.480,1.071,123
151,85,0,0,1,2,2,22065,15.642,27.362,47.125,31.517,1.051,123
151,85,0,0,1,2,3,22051,15.997,27.191,65.508,31.547,1.039,123
151,85,0,0,1,2,4,23380,15.739,27.865,81.101,32.002,1.057,139
151,85,0,0,1,2,5,23346,15.584,27.939,108.635,31.992,1.062,139
151,85,0,0,1,2,6,23343,16.065,27.707,135.985,32.028,1.045,139
151,85,0,0,1,2,7,24088,14.936,27.702,141.994,31.472,1.076,155
151,85,0,0,1,2,8,24099,15.412,27.472,165.402,31.500,1.060,155
151,85,0,0,1,2,9,24121,15.248,27.552,171.623,31.490,1.065,155
151,85,0,0,1,2,10,24107,15.324,27.515,179.017,31.494,1.063,155
151,85,0,0,1,2,11,24116,15.084,27.631,193.335,31.480,1.071,155
151,85,0,0,1,2,12,24577,15.844,27.814,221.337,32.010,1.053,171
151,85,0,0,1,2,13,24587,15.887,27.793,249.908,32.013,1.052,171
151,85,0,0,1,2,14,24586,16.073,27.704,255.040,32.029,1.045,171
151,85,0,0,1,2,15,24838,15.001,27.671,292.269,31.475,1.074,187
151,85,0,0,1,4,0,29447,34.929,62.873,59.610,71.924,1.064,246
151,85,0,0,1,4,1,29430,35.591,62.631,61.674,72.037,1.054,246
151,85,0,0,1,4,2,29431,35.781,62.561,66.094,72.071,1.051,246
151,85,0,0,1,4,3,30245,36.162,62.949,72.860,72.596,1.049,278
151,85,0,0,1,4,4,30255,37.232,62.557,75.635,72.799,1.034,278
151,85,0,0,1,4,5,30230,35.748,63.100,95.861,72.523,1.055,278
151,85,0,0,1,4,6,30233,35.644,63.139,109.920,72.505,1.057,278
151,85,0,0,1,4,7,30235,34.187,63.672,110.663,72.269,1.078,278
151,85,0,0,1,4,8,30870,35.363,62.714,151.736,71.997,1.057,310
151,85,0,0,1,4,9,30872,33.936,63.236,176.622,71.767,1.078,310
151,85,0,0,1,4,10,30875,34.637,62.980,183.807,71.876,1.068,310
151,85,0,0,1,4,11,31308,34.750,63.466,223.666,72.356,1.070,342
151,85,0,0,1,4,12,31311,35.319,63.258,228.850,72.449,1.062,342
151,85,0,0,1,4,13,31684,36.738,62.211,286.636,72.249,1.037,374
151,85,0,0,1,4,14,31687,34.105,63.175,304.044,71.793,1.076,374
151,85,0,0,1,4,15,31973,36.401,62.862,352.540,72.640,1.046,406
151,85,0,0,1,6,0,36149,56.528,100.489,64.522,115.297,1.058,399
151,85,0,0,1,6,1,36774,58.453,100.205,83.087,116.008,1.043,451
151,85,0,0,1,6,2,36783,58.682,100.108,97.496,116.040,1.041,451
151,85,0,0,1,6,3,36780,55.375,101.520,102.057,115.640,1.071,451
151,85,0,0,1,6,4,37323,55.659,100.861,152.531,115.199,1.067,503
151,85,0,0,1,6,5,37320,54.568,101.327,157.213,115.086,1.077,503
151,85,0,0,1,6,6,37325,59.209,99.344,158.100,115.650,1.033,503
151,85,0,0,1,6,7,37336,55.456,103.241,160.249,117.193,1.078,504
151,85,0,0,1,6,8,37342,55.225,103.308,175.557,117.142,1.080,504
151,85,0,0,1,6,9,37763,54.828,101.754,244.656,115.585,1.077,555
151,85,0,0,1,6,10,37772,55.723,103.679,249.125,117.705,1.078,556
151,85,0,0,1,6,11,38093,57.156,100.221,284.409,115.374,1.053,607
151,85,0,0,1,6,12,38092,57.221,100.193,303.961,115.382,1.052,607
151,85,0,0,1,6,13,38095,54.325,101.431,343.751,115.063,1.079,607
151,85,0,0,1,6,14,38414,56.562,101.013,369.331,115.771,1.060,659
151,85,0,0,1,6,15,38685,55.080,101.108,442.610,115.137,1.072,711
151,85,0,0,1,8,0,43183,84.672,150.341,155.190,172.545,1.058,755
151,85,0,0,1,8,1,43605,81.421,152.029,238.966,172.459,1.079,833
151,85,0,0,1,8,2,43602,84.589,150.897,259.406,172.989,1.060,833
151,85,0,0,1,8,3,43601,84.198,151.036,266.759,172.920,1.062,833
151,85,0,0,1,8,4,43596,86.983,147.876,270.346,171.561,1.039,832
151,85,0,0,1,8,5,43603,87.826,149.740,273.582,173.596,1.040,833
151,85,0,0,1,8,6,43597,85.518,148.537,276.265,171.396,1.048,832
151,85,0,0,1,8,7,43934,85.759,147.885,283.094,170.952,1.045,910
151,85,0,0,1,8,8,43943,86.604,149.651,286.239,172.904,1.046,911
151,85,0,0,1,8,9,43944,87.310,149.398,348.414,173.040,1.042,911
151,85,0,0,1,8,10,44289,81.949,151.840,377.714,172.543,1.076,989
151,85,0,0,1,8,11,44288,86.024,150.384,388.478,173.250,1.051,989
151,85,0,0,1,8,12,44577,84.506,150.401,435.060,172.516,1.059,1067
151,85,0,0,1,8,13,44576,87.670,147.022,440.836,171.177,1.033,1066
151,85,0,0,1,8,14,44575,87.152,147.256,451.898,171.113,1.036,1066
151,85,0,0,1,8,15,44580,83.879,150.625,465.733,172.405,1.063,1067
152,85,0,1,0,2,0,22034,15.403,27.477,44.952,31.500,1.060,123
152,85,0,1,0,2,1,22070,15.095,27.625,46.830,31.480,1.071,123
152,85,0,1,0,2,2,22065,15.642,27.362,47.125,31.517,1.051,123
152,85,0,1,0,2,3,22051,15.997,27.191,65.508,31.547,1.039,123
152,85,0,1,0,2,4,23380,15.739,27.865,81.101,32.002,1.057,139
152,85,0,1,0,2,5,23346,15.584,27.939,108.635,31.992,1.062,139
152,85,0,1,0,2,6,23343,16.065,27.707,135.985,32.028,1.045,139
152,85,0,1,0,2,7,24088,14.936,27.702,141.994,31.472,1.076,155
152,85,0,1,0,2,8,24099,15.412,27.472,165.402,31.500,1.060,155
152,85,0,1,0,2,9,24121,15.248,27.552,171.623,31.490,1.065,155
152,85,0,1,0,2,10,24107,15.324,27.515,179.017,31.494,1.063,155
152,85,0,1,0,2,11,24116,15.084,27.631,193.335,31.480,1.071,155
152,85,0,1,0,2,12,24577,15.844,27.814,221.337,32.010,1.053,171
152,85,0,1,0,2,13,24587,15.887,27.793,249.908,32.013,1.052,171
152,85,0,1,0,2,14,24586,16.073,27.704,255.040,32.029,1.045,171
152,85,0,1,0,2,15,24838,15.001,27.671,292.269,31.475,1.074,187
152,85,0,1,0,4,0,28349,34.230,63.656,-15.919,72.276,1.077,214
152,85,0,1,0,4,1,29444,36.608,62.259,40.025,72.224,1.039,246
152,85,0,1,0,4,2,29447,34.929,62.873,59.610,71.924,1.064,246
152,85,0,1,0,4,3,29430,35.591,62.631,61.674,72.037,1.054,246
152,85,0,1,0,4,4,29431,35.781,62.561,66.094,72.071,1.051,246
152,85,0,1,0,4,5,30245,36.162,62.949,72.860,72.596,1.049,278
152,85,0,1,0,4,6,30255,37.232,62.557,75.635,72.799,1.034,278
152,85,0,1,0,4,7,30230,35.748,63.100,95.861,72.523,1.055,278
152,85,0,1,0,4,8,30233,35.644,63.139,109.920,72.505,1.057,278
152,85,0,1,0,4,9,30235,34.187,63.672,110.663,72.269,1.078,278
152,85,0,1,0,4,10,30870,35.363,62.714,151.736,71.997,1.057,310
152,85,0,1,0,4,11,30872,33.936,63.236,176.622,71.767,1.078,310
152,85,0,1,0,4,12,30875,34.637,62.980,183.807,71.876,1.068,310
152,85,0,1,0,4,13,31308,34.750,63.466,223.666,72.356,1.070,342
152,85,0,1,0,4,14,31311,35.319,63.258,228.850,72.449,1.062,342
152,85,0,1,0,4,15,31684,36.738,62.211,286.636,72.249,1.037,374
152,85,0,1,0,6,0,35372,58.595,100.145,-28.345,116.027,1.041,347
152,85,0,1,0,6,1,35368,56.411,101.078,-25.401,115.754,1.062,347
152,85,0,1,0,6,2,35369,56.975,100.837,-3.753,115.820,1.056,347
152,85,0,1,0,6,3,36150,56.634,100.444,37.680,115.310,1.057,399
152,85,0,1,0,6,4,36152,57.552,100.052,40.164,115.424,1.049,399
152,85,0,1,0,6,5,36155,55.888,100.763,53.207,115.224,1.064,399
152,85,0,1,0,6,6,36157,55.329,101.002,62.456,115.164,1.070,399
152,85,0,1,0,6,7,36149,56.528,100.489,64.522,115.297,1.058,399
152,85,0,1,0,6,8,36774,58.453,100.205,83.087,116.008,1.043,451
152,85,0,1,0,6,9,36783,58.682,100.108,97.496,116.040,1.041,451
152,85,0,1,0,6,10,36780,55.375,101.520,102.057,115.640,1.071,451
152,85,0,1,0,6,11,37323,55.659,100.861,152.531,115.199,1.067,503
152,85,0,1,0,6,12,37320,54.568,101.327,157.213,115.086,1.077,503
152,85,0,1,0,6,13,37325,59.209,99.344,158.100,115.650,1.033,503
152,85,0,1,0,6,14,37336,55.456,103.241,160.249,117.193,1.078,504
152,85,0,1,0,6,15,37342,55.225,103.308,175.557,117.142,1.080,504
152,85,0,1,0,8,0,40975,87.517,147.092,-104.337,171.158,1.034,442
152,85,0,1,0,8,1,40973,87.687,147.015,-94.095,171.179,1.033,442
152,85,0,1,0,8,2,41581,86.082,150.363,-62.881,173.260,1.051,521
152,85,0,1,0,8,3,41572,85.551,148.522,-62.246,171.399,1.048,520
152,85,0,1,0,8,4,41571,87.482,147.651,-44.773,171.621,1.036,520
152,85,0,1,0,8,5,41580,81.898,151.859,-42.702,172.536,1.076,521
152,85,0,1,0,8,6,41585,87.812,149.745,-38.040,173.593,1.040,521
152,85,0,1,0,8,7,41567,86.653,148.025,-37.591,171.523,1.041,520
152,85,0,1,0,8,8,41586,83.874,151.152,-32.424,172.863,1.064,521
152,85,0,1,0,8,9,41579,82.847,151.519,-29.435,172.690,1.070,521
152,85,0,1,0,8,10,42187,83.125,150.894,11.853,172.275,1.067,599
152,85,0,1,0,8,11,42189,83.580,150.732,18.097,172.353,1.065,599
152,85,0,1,0,8,12,42721,81.703,151.928,127.833,172.504,1.077,677
152,85,0,1,0,8,13,43181,84.627,150.357,142.368,172.537,1.058,755
152,85,0,1,0,8,14,43177,84.190,148.593,153.553,170.786,1.055,754
152,85,0,1,0,8,15,43183,84.672,150.341,155.190,172.545,1.058,755
153,86,0,0,1,2,0,23374,14.391,28.514,75.765,31.940,1.103,139
153,86,0,0,1,2,1,23342,14.419,28.501,78.395,31.940,1.102,139
153,86,0,0,1,2,2,23370,13.749,28.824,100.382,31.935,1.126,139
153,86,0,0,1,2,3,23356,13.924,28.739,101.001,31.935,1.120,139
153,86,0,0,1,2,4,23382,15.053,28.195,117.264,31.962,1.080,139
153,86,0,0,1,2,5,23344,14.868,28.284,133.660,31.954,1.087,139
153,86,0,0,1,2,6,24100,13.816,28.242,144.430,31.440,1.116,155
153,86,0,0,1,2,7,24096,13.547,28.371,153.692,31.440,1.125,155
153,86,0,0,1,2,8,24118,13.682,28.306,162.823,31.439,1.121,155
153,86,0,0,1,2,9,24129,14.530,30.670,165.891,33.938,1.128,156
153,86,0,0,1,2,10,24154,14.522,30.670,187.337,33.934,1.129,156
153,86,0,0,1,2,11,24104,14.420,27.951,210.297,31.451,1.095,155
153,86,0,0,1,2,12,24590,14.659,28.385,213.984,31.947,1.094,171
153,86,0,0,1,2,13,24598,13.826,28.786,236.127,31.935,1.123,171
153,86,0,0,1,2,14,24581,14.093,28.658,256.723,31.936,1.114,171
153,86,0,0,1,2,15,24833,13.636,28.328,282.888,31.439,1.122,187
153,86,0,0,1,4,0,29437,30.966,64.324,20.357,71.389,1.122,246
153,86,0,0,1,4,1,29429,31.388,64.169,41.189,71.434,1.116,246
153,86,0,0,1,4,2,30249,32.767,64.192,73.677,72.071,1.099,278
153,86,0,0,1,4,3,30232,33.888,63.781,74.471,72.225,1.082,278
153,86,0,0,1,4,4,30238,32.999,64.107,80.805,72.101,1.095,278
153,86,0,0,1,4,5,30236,32.853,64.160,101.848,72.082,1.098,278
153,86,0,0,1,4,6,30243,32.946,64.126,107.828,72.094,1.096,278
153,86,0,0,1,4,7,30237,33.293,63.999,118.645,72.141,1.091,278
153,86,0,0,1,4,8,30229,31.008,64.835,119.617,71.869,1.125,278
153,86,0,0,1,4,9,30880,30.673,64.431,156.682,71.359,1.126,310
153,86,0,0,1,4,10,31310,33.322,63.988,229.658,72.145,1.091,342
153,86,0,0,1,4,11,31319,32.460,64.304,270.248,72.032,1.103,342
153,86,0,0,1,4,12,31683,32.139,63.894,284.601,71.522,1.105,374
153,86,0,0,1,4,13,31690,32.255,63.852,302.638,71.536,1.103,374
153,86,0,0,1,4,14,31686,33.212,63.502,318.449,71.662,1.089,374
153,86,0,0,1,4,15,31970,32.972,64.117,389.193,72.098,1.096,406
153,86,0,0,1,6,0,37337,50.178,104.775,161.532,116.171,1.124,504
153,86,0,0,1,6,1,37322,54.160,101.501,172.407,115.047,1.081,503
153,86,0,0,1,6,2,37330,52.547,102.190,179.328,114.908,1.096,503
153,86,0,0,1,6,3,37333,53.303,103.867,182.291,116.746,1.097,504
153,86,0,0,1,6,4,37334,50.741,104.612,194.952,116.268,1.119,504
153,86,0,0,1,6,5,37764,51.462,104.918,212.078,116.859,1.115,556
153,86,0,0,1,6,6,37770,50.879,105.087,250.030,116.756,1.120,556
153,86,0,0,1,6,7,37765,52.809,104.526,256.745,117.109,1.103,556
153,86,0,0,1,6,8,38091,54.212,101.479,294.672,115.052,1.080,607
153,86,0,0,1,6,9,38098,55.123,103.338,299.984,117.121,1.081,608
153,86,0,0,1,6,10,38103,55.002,103.373,349.865,117.095,1.082,608
153,86,0,0,1,6,11,38421,55.159,103.843,351.335,117.584,1.083,660
153,86,0,0,1,6,12,38420,52.916,102.571,354.840,115.416,1.095,659
153,86,0,0,1,6,13,38423,53.969,104.189,360.760,117.337,1.093,660
153,86,0,0,1,6,14,38422,51.637,104.867,365.828,116.891,1.113,660
153,86,0,0,1,6,15,38415,52.791,102.624,395.038,115.406,1.096,659
153,86,0,0,1,8,0,43599,76.985,153.615,239.260,171.826,1.106,833
153,86,0,0,1,8,1,43604,74.707,154.429,270.729,171.550,1.120,833
153,86,0,0,1,8,2,43606,75.459,156.330,274.015,173.589,1.121,834
153,86,0,0,1,8,3,43939,75.667,153.560,288.064,171.190,1.113,911
153,86,0,0,1,8,4,43938,77.270,152.987,294.769,171.393,1.103,911
153,86,0,0,1,8,5,43947,74.028,156.202,295.521,172.856,1.128,912
153,86,0,0,1,8,6,43940,73.346,154.390,328.562,170.927,1.127,911
153,86,0,0,1,8,7,43951,74.361,156.113,332.390,172.919,1.126,912
153,86,0,0,1,8,8,44287,77.767,153.336,364.520,171.929,1.101,989
153,86,0,0,1,8,9,44286,78.070,153.227,369.805,171.969,1.100,989
153,86,0,0,1,8,10,44290,77.842,153.309,376.818,171.939,1.101,989
153,86,0,0,1,8,11,44285,80.620,152.316,380.723,172.336,1.084,989
153,86,0,0,1,8,12,44579,73.782,154.234,436.309,170.973,1.125,1067
153,86,0,0,1,8,13,44581,74.758,153.885,437.375,171.083,1.119,1067
153,86,0,0,1,8,14,44578,78.259,152.634,440.255,171.527,1.097,1067
153,86,0,0,1,8,15,44582,74.801,155.994,441.592,173.001,1.124,1068
154,86,0,1,1,2,0,23374,14.391,28.514,75.765,31.940,1.103,139
154,86,0,1,1,2,1,23342,14.419,28.501,78.395,31.940,1.102,139
154,86,0,1,1,2,2,23370,13.749,28.824,100.382,31.935,1.126,139
154,86,0,1,1,2,3,23356,13.924,28.739,101.001,31.935,1.120,139
154,86,0,1,1,2,4,23382,15.053,28.195,117.264,31.962,1.080,139
154,86,0,1,1,2,5,23344,14.868,28.284,133.660,31.954,1.087,139
154,86,0,1,1,2,6,24100,13.816,28.242,144.430,31.440,1.116,155
154,86,0,1,1,2,7,24096,13.547,28.371,153.692,31.440,1.125,155
154,86,0,1,1,2,8,24118,13.682,28.306,162.823,31.439,1.121,155
154,86,0,1,1,2,9,24129,14.530,30.670,165.891,33.938,1.128,156
154,86,0,1,1,2,10,24154,14.522,30.670,187.337,33.934,1.129,156
154,86,0,1,1,2,11,24104,14.420,27.951,210.297,31.451,1.095,155
154,86,0,1,1,2,12,24590,14.659,28.385,213.984,31.947,1.094,171
154,86,0,1,1,2,13,24598,13.826,28.786,236.127,31.935,1.123,171
154,86,0,1,1,2,14,24581,14.093,28.658,256.723,31.936,1.114,171
154,86,0,1,1,2,15,24833,13.636,28.328,282.888,31.439,1.122,187
154,86,0,1,1,4,0,28371,33.654,63.867,-4.203,72.191,1.086,214
154,86,0,1,1,4,1,29438,30.949,64.330,3.220,71.387,1.122,246
154,86,0,1,1,4,2,29436,32.899,63.616,13.589,71.619,1.094,246
154,86,0,1,1,4,3,29437,30.966,64.324,20.357,71.389,1.122,246
154,86,0,1,1,4,4,29429,31.388,64.169,41.189,71.434,1.116,246
154,86,0,1,1,4,5,30249,32.767,64.192,73.677,72.071,1.099,278
154,86,0,1,1,4,6,30232,33.888,63.781,74.471,72.225,1.082,278
154,86,0,1,1,4,7,30238,32.999,64.107,80.805,72.101,1.095,278
154,86,0,1,1,4,8,30236,32.853,64.160,101.848,72.082,1.098,278
154,86,0,1,1,4,9,30243,32.946,64.126,107.828,72.094,1.096,278
154,86,0,1,1,4,10,30237,33.293,63.999,118.645,72.141,1.091,278
154,86,0,1,1,4,11,30229,31.008,64.835,119.617,71.869,1.125,278
154,86,0,1,1,4,12,30880,30.673,64.431,156.682,71.359,1.126,310
154,86,0,1,1,4,13,31310,33.322,63.988,229.658,72.145,1.091,342
154,86,0,1,1,4,14,31319,32.460,64.304,270.248,72.032,1.103,342
154,86,0,1,1,4,15,31683,32.139,63.894,284.601,71.522,1.105,374
154,86,0,1,1,6,0,36148,52.359,102.270,9.536,114.894,1.098,399
154,86,0,1,1,6,1,36162,53.315,103.863,9.806,116.748,1.097,400
154,86,0,1,1,6,2,36165,49.833,104.876,10.559,116.113,1.127,400
154,86,0,1,1,6,3,36159,49.647,104.930,42.194,116.083,1.129,400
154,86,0,1,1,6,4,36777,54.346,101.960,107.131,115.539,1.081,451
154,86,0,1,1,6,5,36786,55.161,103.842,109.064,117.584,1.082,452
154,86,0,1,1,6,6,36794,51.147,105.010,120.574,116.804,1.118,452
154,86,0,1,1,6,7,36793,52.253,104.688,126.773,117.004,1.108,452
154,86,0,1,1,6,8,37337,50.178,104.775,161.532,116.171,1.124,504
154,86,0,1,1,6,9,37322,54.160,101.501,172.407,115.047,1.081,503
154,86,0,1,1,6,10,37330,52.547,102.190,179.328,114.908,1.096,503
154,86,0,1,1,6,11,37333,53.303,103.867,182.291,116.746,1.097,504
154,86,0,1,1,6,12,37334,50.741,104.612,194.952,116.268,1.119,504
154,86,0,1,1,6,13,37764,51.462,104.918,212.078,116.859,1.115,556
154,86,0,1,1,6,14,37770,50.879,105.087,250.030,116.756,1.120,556
154,86,0,1,1,6,15,37765,52.809,104.526,256.745,117.109,1.103,556
154,86,0,1,1,8,0,42720,79.234,152.811,82.778,172.132,1.092,677
154,86,0,1,1,8,1,42718,80.530,152.348,96.959,172.322,1.085,677
154,86,0,1,1,8,2,42719,78.050,153.234,124.935,171.967,1.100,677
154,86,0,1,1,8,3,42722,78.450,153.091,130.934,172.021,1.097,677
154,86,0,1,1,8,4,43179,79.000,152.369,154.118,171.631,1.092,755
154,86,0,1,1,8,5,43180,74.425,154.004,159.543,171.045,1.121,755
154,86,0,1,1,8,6,43182,73.926,154.183,161.172,170.990,1.124,755
154,86,0,1,1,8,7,43189,75.122,155.908,161.437,173.062,1.122,756
154,86,0,1,1,8,8,43186,75.081,155.919,161.446,173.055,1.122,756
154,86,0,1,1,8,9,43185,78.553,152.529,178.886,171.568,1.095,755
154,86,0,1,1,8,10,43184,77.940,152.748,180.920,171.484,1.099,755
154,86,0,1,1,8,11,43178,74.133,154.109,182.035,171.013,1.122,755
154,86,0,1,1,8,12,43188,74.921,155.962,184.092,173.024,1.123,756
154,86,0,1,1,8,13,43600,74.311,154.571,230.837,171.506,1.123,833
154,86,0,1,1,8,14,43607,74.839,156.497,233.567,173.471,1.125,834
154,86,0,1,1,8,15,43599,76.985,153.615,239.260,171.826,1.106,833
155,86,0,2,0,2,0,23374,14.391,28.514,75.765,31.940,1.103,139
155,86,0,2,0,2,1,23342,14.419,28.501,78.395,31.940,1.102,139
155,86,0,2,0,2,2,23370,13.749,28.824,100.382,31.935,1.126,139
155,86,0,2,0,2,3,23356,13.924,28.739,101.001,31.935,1.120,139
155,86,0,2,0,2,4,23382,15.053,28.195,117.264,31.962,1.080,139
155,86,0,2,0,2,5,23344,14.868,28.284,133.660,31.954,1.087,139
155,86,0,2,0,2,6,24100,13.816,28.242,144.430,31.440,1.116,155
155,86,0,2,0,2,7,24096,13.547,28.371,153.692,31.440,1.125,155
155,86,0,2,0,2,8,24118,13.682,28.306,162.823,31.439,1.121,155
155,86,0,2,0,2,9,24129,14.530,30.670,165.891,33.938,1.128,156
155,86,0,2,0,2,10,24154,14.522,30.670,187.337,33.934,1.129,156
155,86,0,2,0,2,11,24104,14.420,27.951,210.297,31.451,1.095,155
155,86,0,2,0,2,12,24590,14.659,28.385,213.984,31.947,1.094,171
155,86,0,2,0,2,13,24598,13.826,28.786,236.127,31.935,1.123,171
155,86,0,2,0,2,14,24581,14.093,28.658,256.723,31.936,1.114,171
155,86,0,2,0,2,15,24833,13.636,28.328,282.888,31.439,1.122,187
155,86,0,2,0,4,0,28356,33.658,63.865,-20.779,72.192,1.086,214
155,86,0,2,0,4,1,28370,33.654,63.867,-10.505,72.191,1.086,214
155,86,0,2,0,4,2,28355,33.635,63.874,-8.534,72.188,1.086,214
155,86,0,2,0,4,3,28371,33.654,63.867,-4.203,72.191,1.086,214
155,86,0,2,0,4,4,29438,30.949,64.330,3.220,71.387,1.122,246
155,86,0,2,0,4,5,29436,32.899,63.616,13.589,71.619,1.094,246
155,86,0,2,0,4,6,29437,30.966,64.324,20.357,71.389,1.122,246
155,86,0,2,0,4,7,29429,31.388,64.169,41.189,71.434,1.116,246
155,86,0,2,0,4,8,30249,32.767,64.192,73.677,72.071,1.099,278
155,86,0,2,0,4,9,30232,33.888,63.781,74.471,72.225,1.082,278
155,86,0,2,0,4,10,30238,32.999,64.107,80.805,72.101,1.095,278
155,86,0,2,0,4,11,30236,32.853,64.160,101.848,72.082,1.098,278
155,86,0,2,0,4,12,30243,32.946,64.126,107.828,72.094,1.096,278
155,86,0,2,0,4,13,30237,33.293,63.999,118.645,72.141,1.091,278
155,86,0,2,0,4,14,30229,31.008,64.835,119.617,71.869,1.125,278
155,86,0,2,0,4,15,30880,30.673,64.431,156.682,71.359,1.126,310
155,86,0,2,0,6,0,34613,53.738,101.681,-72.873,115.008,1.085,295
155,86,0,2,0,6,1,35384,52.708,104.556,-64.350,117.090,1.104,348
155,86,0,2,0,6,2,35385,50.527,105.190,-40.010,116.696,1.123,348
155,86,0,2,0,6,3,35393,50.568,105.178,-30.989,116.703,1.123,348
155,86,0,2,0,6,4,35391,52.069,104.741,-20.468,116.969,1.109,348
155,86,0,2,0,6,5,35392,53.253,104.397,-16.072,117.195,1.099,348
155,86,0,2,0,6,6,35371,52.485,102.755,-15.847,115.383,1.099,347
155,86,0,2,0,6,7,36148,52.359,102.270,9.536,114.894,1.098,399
155,86,0,2,0,6,8,36162,53.315,103.863,9.806,116.748,1.097,400
155,86,0,2,0,6,9,36165,49.833,104.876,10.559,116.113,1.127,400
155,86,0,2,0,6,10,36159,49.647,104.930,42.194,116.083,1.129,400
155,86,0,2,0,6,11,36777,54.346,101.960,107.131,115.539,1.081,451
155,86,0,2,0,6,12,36786,55.161,103.842,109.064,117.584,1.082,452
155,86,0,2,0,6,13,36794,51.147,105.010,120.574,116.804,1.118,452
155,86,0,2,0,6,14,36793,52.253,104.688,126.773,117.004,1.108,452
155,86,0,2,0,6,15,37337,50.178,104.775,161.532,116.171,1.124,504
155,86,0,2,0,8,0,39977,73.866,154.204,-238.344,170.983,1.124,287
155,86,0,2,0,8,1,39975,75.620,153.577,-237.458,171.185,1.113,287
155,86,0,2,0,8,2,40453,78.558,153.053,-207.004,172.037,1.097,365
155,86,0,2,0,8,3,40977,80.083,151.982,-131.853,171.790,1.086,443
155,86,0,2,0,8,4,40979,76.142,153.390,-119.278,171.249,1.110,443
155,86,0,2,0,8,5,40976,78.179,152.662,-100.939,171.516,1.098,443
155,86,0,2,0,8,6,41587,81.168,152.119,-57.594,172.420,1.081,521
155,86,0,2,0,8,7,41583,80.450,152.376,-47.863,172.310,1.085,521
155,86,0,2,0,8,8,41582,76.807,153.679,-30.347,171.804,1.107,521
155,86,0,2,0,8,9,41594,75.287,156.376,-28.003,173.556,1.122,522
155,86,0,2,0,8,10,41584,74.187,154.615,-27.870,171.492,1.123,521
155,86,0,2,0,8,11,41588,75.419,154.175,-22.822,171.633,1.116,521
155,86,0,2,0,8,12,41578,79.678,152.652,-7.634,172.195,1.090,521
155,86,0,2,0,8,13,42190,76.284,153.340,25.964,171.267,1.109,599
155,86,0,2,0,8,14,42188,78.753,152.457,60.207,171.596,1.094,599
155,86,0,2,0,8,15,42720,79.234,152.811,82.778,172.132,1.092,677
156,87,0,0,0,2,0,23336,12.572,29.390,112.825,31.967,1.167,139
156,87,0,0,0,2,1,23408,13.285,31.236,120.254,33.944,1.169,140
156,87,0,0,0,2,2,24092,12.105,29.066,159.824,31.486,1.176,155
156,87,0,0,0,2,3,24157,12.833,30.765,169.363,33.335,1.176,156
156,87,0,0,0,2,4,24115,13.391,28.446,173.621,31.441,1.131,155
156,87,0,0,0,2,5,24111,12.087,29.075,180.864,31.487,1.177,155
156,87,0,0,0,2,6,24123,13.188,28.544,202.577,31.443,1.138,155
156,87,0,0,0,2,7,24125,13.259,28.510,206.248,31.442,1.135,155
156,87,0,0,0,2,8,24573,13.487,28.950,209.752,31.937,1.135,171
156,87,0,0,0,2,9,24615,14.588,31.162,225.604,34.408,1.133,172
156,87,0,0,0,2,10,24584,12.303,29.520,235.901,31.981,1.176,171
156,87,0,0,0,2,11,24583,13.133,29.120,238.508,31.945,1.147,171
156,87,0,0,0,2,12,24625,13.071,31.248,250.156,33.871,1.175,172
156,87,0,0,0,2,13,24593,13.014,29.178,255.246,31.948,1.151,171
156,87,0,0,0,2,14,24610,14.080,31.191,256.519,34.222,1.147,172
156,87,0,0,0,2,15,24607,13.879,31.202,272.715,34.150,1.152,172
156,87,0,0,0,4,0,30234,28.661,65.694,120.418,71.674,1.159,278
156,87,0,0,0,4,1,30883,28.003,67.543,139.961,73.118,1.178,311
156,87,0,0,0,4,2,30884,28.008,67.542,140.626,73.119,1.178,311
156,87,0,0,0,4,3,30263,28.188,68.015,140.822,73.625,1.178,279
156,87,0,0,0,4,4,30879,27.680,65.526,149.123,71.133,1.171,310
156,87,0,0,0,4,5,30867,28.216,65.330,152.611,71.163,1.163,310
156,87,0,0,0,4,6,30891,28.282,67.499,153.210,73.185,1.174,311
156,87,0,0,0,4,7,30876,30.347,64.550,156.748,71.328,1.131,310
156,87,0,0,0,4,8,30868,30.028,64.667,157.070,71.298,1.136,310
156,87,0,0,0,4,9,30871,29.058,65.022,162.991,71.219,1.151,310
156,87,0,0,0,4,10,30874,27.884,65.452,176.514,71.144,1.168,310
156,87,0,0,0,4,11,30877,29.419,64.890,179.179,71.247,1.145,310
156,87,0,0,0,4,12,30894,28.797,67.419,182.170,73.312,1.167,311
156,87,0,0,0,4,13,31315,29.442,65.408,214.655,71.729,1.148,342
156,87,0,0,0,4,14,31318,30.421,65.050,220.398,71.812,1.133,342
156,87,0,0,0,4,15,31312,30.262,65.109,237.402,71.798,1.136,342
156,87,0,0,0,6,0,36789,45.420,106.674,119.241,115.941,1.168,452
156,87,0,0,0,6,1,37339,45.040,106.269,153.936,115.420,1.170,504
156,87,0,0,0,6,2,37332,48.555,105.247,155.659,115.907,1.139,504
156,87,0,0,0,6,3,37338,44.973,106.289,156.484,115.412,1.171,504
156,87,0,0,0,6,4,37340,49.221,105.054,196.448,116.013,1.133,504
156,87,0,0,0,6,5,37341,45.831,106.039,199.014,115.519,1.163,504
156,87,0,0,0,6,6,37766,46.879,106.250,223.198,116.132,1.155,556
156,87,0,0,0,6,7,37767,46.621,106.325,223.661,116.097,1.158,556
156,87,0,0,0,6,8,37773,49.249,105.561,249.974,116.484,1.134,556
156,87,0,0,0,6,9,37768,44.346,106.986,260.700,115.813,1.178,556
156,87,0,0,0,6,10,37771,47.220,106.151,263.154,116.180,1.152,556
156,87,0,0,0,6,11,38102,45.380,106.170,284.392,115.462,1.167,608
156,87,0,0,0,6,12,38104,47.392,105.585,292.522,115.733,1.149,608
156,87,0,0,0,6,13,38101,49.125,105.082,294.971,115.998,1.133,608
156,87,0,0,0,6,14,38100,48.616,105.229,312.778,115.917,1.138,608
156,87,0,0,0,6,15,38097,49.505,104.971,346.342,116.059,1.130,608
156,87,0,0,0,8,0,42725,68.561,158.185,89.231,172.404,1.162,678
156,87,0,0,0,8,1,42730,69.569,157.914,92.990,172.559,1.156,678
156,87,0,0,0,8,2,42727,65.970,158.882,122.814,172.034,1.177,678
156,87,0,0,0,8,3,43190,69.390,157.450,141.828,172.062,1.156,756
156,87,0,0,0,8,4,43187,71.527,156.875,178.917,172.412,1.143,756
156,87,0,0,0,8,5,43608,71.566,157.377,231.970,172.885,1.144,834
156,87,0,0,0,8,6,43610,69.817,157.848,233.593,172.599,1.154,834
156,87,0,0,0,8,7,43609,69.174,158.021,238.221,172.498,1.158,834
156,87,0,0,0,8,8,43942,73.003,154.513,292.223,170.891,1.129,911
156,87,0,0,0,8,9,43945,65.785,158.419,298.830,171.535,1.177,912
156,87,0,0,0,8,10,43941,72.749,154.604,331.125,170.865,1.131,911
156,87,0,0,0,8,11,43952,73.723,156.284,334.936,172.800,1.130,912
156,87,0,0,0,8,12,43950,66.428,158.246,344.605,171.623,1.173,912
156,87,0,0,0,8,13,44291,66.117,158.843,396.202,172.054,1.176,990
156,87,0,0,0,8,14,44583,68.104,157.796,443.895,171.865,1.163,1068
156,87,0,0,0,8,15,44584,69.789,157.342,464.431,172.125,1.153,1068
157,88,0,0,1,2,0,23415,12.542,31.278,126.964,33.699,1.189,140
157,88,0,0,1,2,1,23405,11.901,31.314,128.149,33.499,1.208,140
157,88,0,0,1,2,2,23428,11.390,31.343,130.809,33.348,1.222,140
157,88,0,0,1,2,3,23349,11.403,29.954,131.623,32.051,1.207,139
157,88,0,0,1,2,4,23340,11.385,29.963,131.949,32.053,1.208,139
157,88,0,0,1,2,5,24095,11.114,29.543,154.554,31.565,1.211,155
157,88,0,0,1,2,6,24139,11.584,30.836,161.209,32.940,1.211,156
157,88,0,0,1,2,7,24113,11.294,29.457,169.161,31.548,1.205,155
157,88,0,0,1,2,8,24142,11.855,30.821,177.124,33.022,1.204,156
157,88,0,0,1,2,9,24089,11.655,29.283,196.330,31.517,1.192,155
157,88,0,0,1,2,10,24138,12.602,30.779,202.253,33.258,1.182,156
157,88,0,0,1,2,11,24582,11.032,30.133,217.056,32.089,1.220,171
157,88,0,0,1,2,12,24609,11.441,31.340,225.739,33.363,1.221,172
157,88,0,0,1,2,13,24585,12.203,29.569,251.126,31.988,1.179,171
157,88,0,0,1,2,14,24604,12.793,31.264,263.792,33.780,1.182,172
157,88,0,0,1,2,15,24844,11.320,30.851,288.758,32.862,1.219,188
157,88,0,0,1,4,0,30271,24.585,68.576,71.528,72.850,1.227,279
157,88,0,0,1,4,1,30241,27.044,66.286,97.312,71.591,1.183,278
157,88,0,0,1,4,2,30261,27.814,68.073,99.932,73.536,1.183,279
157,88,0,0,1,4,3,30250,26.622,66.441,124.902,71.576,1.190,278
157,88,0,0,1,4,4,30270,27.396,68.138,128.029,73.440,1.189,279
157,88,0,0,1,4,5,30256,27.375,66.165,137.007,71.605,1.179,278
157,88,0,0,1,4,6,30242,27.379,66.164,137.718,71.605,1.178,278
157,88,0,0,1,4,7,30873,26.621,65.914,147.916,71.087,1.187,310
157,88,0,0,1,4,8,30881,27.314,67.650,148.169,72.956,1.187,311
157,88,0,0,1,4,9,30896,25.415,67.946,200.995,72.544,1.213,311
157,88,0,0,1,4,10,30895,26.019,67.852,205.233,72.669,1.205,311
157,88,0,0,1,4,11,31320,25.779,68.390,267.202,73.088,1.210,343
157,88,0,0,1,4,12,31322,25.306,68.464,268.490,72.991,1.217,343
157,88,0,0,1,4,13,31309,26.419,66.515,279.170,71.570,1.193,342
157,88,0,0,1,4,14,31692,26.934,67.709,284.355,72.870,1.192,375
157,88,0,0,1,4,15,31693,26.297,67.808,347.405,72.729,1.201,375
157,88,0,0,1,6,0,36168,44.103,106.541,58.940,115.309,1.178,400
157,88,0,0,1,6,1,36161,41.439,107.316,62.430,115.039,1.202,400
157,88,0,0,1,6,2,36181,42.361,109.213,63.392,117.141,1.201,401
157,88,0,0,1,6,3,36785,41.500,107.814,83.906,115.525,1.203,452
157,88,0,0,1,6,4,36805,42.353,109.716,85.341,117.607,1.202,453
157,88,0,0,1,6,5,36788,43.109,107.346,87.146,115.679,1.189,452
157,88,0,0,1,6,6,36787,40.851,108.002,119.836,115.470,1.209,452
157,88,0,0,1,6,7,36806,41.357,109.879,122.012,117.405,1.211,453
157,88,0,0,1,6,8,37331,41.702,107.239,149.433,115.062,1.200,504
157,88,0,0,1,6,9,37348,42.000,109.272,150.431,117.066,1.204,505
157,88,0,0,1,6,10,37335,42.887,106.895,168.713,115.177,1.189,504
157,88,0,0,1,6,11,37769,43.924,107.109,252.506,115.766,1.182,556
157,88,0,0,1,6,12,38099,40.814,107.498,286.436,114.985,1.208,608
157,88,0,0,1,6,13,38096,41.339,107.345,313.524,115.030,1.203,608
157,88,0,0,1,6,14,38109,42.137,109.250,316.848,117.094,1.203,609
157,88,0,0,1,6,15,38424,40.659,108.058,379.592,115.454,1.211,660
157,88,0,0,1,8,0,42192,63.198,159.115,62.208,171.206,1.193,600
157,88,0,0,1,8,1,42201,61.233,161.650,67.107,172.859,1.209,601
157,88,0,0,1,8,2,42726,65.764,158.938,98.887,172.007,1.178,678
157,88,0,0,1,8,3,42729,61.304,160.137,114.498,171.470,1.205,678
157,88,0,0,1,8,4,42723,63.275,159.607,122.841,171.692,1.193,678
157,88,0,0,1,8,5,43194,58.903,162.079,187.739,172.451,1.222,757
157,88,0,0,1,8,6,43949,64.237,158.836,295.211,171.334,1.186,912
157,88,0,0,1,8,7,43946,59.817,160.025,307.668,170.839,1.213,912
157,88,0,0,1,8,8,43948,60.708,159.785,308.406,170.929,1.208,912
157,88,0,0,1,8,9,43955,59.900,161.895,308.831,172.621,1.216,913
157,88,0,0,1,8,10,43956,60.632,161.761,311.154,172.751,1.212,913
157,88,0,0,1,8,11,44293,61.666,160.040,392.042,171.510,1.203,990
157,88,0,0,1,8,12,44296,62.280,161.960,396.780,173.522,1.204,991
157,88,0,0,1,8,13,44294,61.161,160.176,403.937,171.456,1.206,990
157,88,0,0,1,8,14,44295,61.768,162.055,407.101,173.427,1.207,991
157,88,0,0,1,8,15,44292,65.761,158.939,420.885,172.006,1.178,990
158,88,0,1,0,2,0,23415,12.542,31.278,126.964,33.699,1.189,140
158,88,0,1,0,2,1,23405,11.901,31.314,128.149,33.499,1.208,140
158,88,0,1,0,2,2,23428,11.390,31.343,130.809,33.348,1.222,140
158,88,0,1,0,2,3,23349,11.403,29.954,131.623,32.051,1.207,139
158,88,0,1,0,2,4,23340,11.385,29.963,131.949,32.053,1.208,139
158,88,0,1,0,2,5,24095,11.114,29.543,154.554,31.565,1.211,155
158,88,0,1,0,2,6,24139,11.584,30.836,161.209,32.940,1.211,156
158,88,0,1,0,2,7,24113,11.294,29.457,169.161,31.548,1.205,155
158,88,0,1,0,2,8,24142,11.855,30.821,177.124,33.022,1.204,156
158,88,0,1,0,2,9,24089,11.655,29.283,196.330,31.517,1.192,155
158,88,0,1,0,2,10,24138,12.602,30.779,202.253,33.258,1.182,156
158,88,0,1,0,2,11,24582,11.032,30.133,217.056,32.089,1.220,171
158,88,0,1,0,2,12,24609,11.441,31.340,225.739,33.363,1.221,172
158,88,0,1,0,2,13,24585,12.203,29.569,251.126,31.988,1.179,171
158,88,0,1,0,2,14,24604,12.793,31.264,263.792,33.780,1.182,172
158,88,0,1,0,2,15,24844,11.320,30.851,288.758,32.862,1.219,188
158,88,0,1,0,4,0,29466,25.682,67.904,4.277,72.599,1.209,247
158,88,0,1,0,4,1,29478,26.546,67.770,7.204,72.784,1.197,247
158,88,0,1,0,4,2,29483,24.996,68.011,34.244,72.459,1.219,247
158,88,0,1,0,4,3,29476,24.675,68.061,54.231,72.396,1.223,247
158,88,0,1,0,4,4,30271,24.585,68.576,71.528,72.850,1.227,279
158,88,0,1,0,4,5,30241,27.044,66.286,97.312,71.591,1.183,278
158,88,0,1,0,4,6,30261,27.814,68.073,99.932,73.536,1.183,279
158,88,0,1,0,4,7,30250,26.622,66.441,124.902,71.576,1.190,278
158,88,0,1,0,4,8,30270,27.396,68.138,128.029,73.440,1.189,279
158,88,0,1,0,4,9,30256,27.375,66.165,137.007,71.605,1.179,278
158,88,0,1,0,4,10,30242,27.379,66.164,137.718,71.605,1.178,278
158,88,0,1,0,4,11,30873,26.621,65.914,147.916,71.087,1.187,310
158,88,0,1,0,4,12,30881,27.314,67.650,148.169,72.956,1.187,311
158,88,0,1,0,4,13,30896,25.415,67.946,200.995,72.544,1.213,311
158,88,0,1,0,4,14,30895,26.019,67.852,205.233,72.669,1.205,311
158,88,0,1,0,4,15,31320,25.779,68.390,267.202,73.088,1.210,343
158,88,0,1,0,6,0,35390,41.431,107.834,-3.697,115.519,1.204,348
158,88,0,1,0,6,1,36163,42.759,106.932,4.878,115.164,1.190,400
158,88,0,1,0,6,2,36169,43.268,106.784,5.609,115.217,1.186,400
158,88,0,1,0,6,3,36166,43.990,106.574,33.281,115.296,1.179,400
158,88,0,1,0,6,4,36170,40.261,109.557,48.345,116.721,1.219,401
158,88,0,1,0,6,5,36158,42.160,107.106,51.352,115.105,1.196,400
158,88,0,1,0,6,6,36168,44.103,106.541,58.940,115.309,1.178,400
158,88,0,1,0,6,7,36161,41.439,107.316,62.430,115.039,1.202,400
158,88,0,1,0,6,8,36181,42.361,109.213,63.392,117.141,1.201,401
158,88,0,1,0,6,9,36785,41.500,107.814,83.906,115.525,1.203,452
158,88,0,1,0,6,10,36805,42.353,109.716,85.341,117.607,1.202,453
158,88,0,1,0,6,11,36788,43.109,107.346,87.146,115.679,1.189,452
158,88,0,1,0,6,12,36787,40.851,108.002,119.836,115.470,1.209,452
158,88,0,1,0,6,13,36806,41.357,109.879,122.012,117.405,1.211,453
158,88,0,1,0,6,14,37331,41.702,107.239,149.433,115.062,1.200,504
158,88,0,1,0,6,15,37348,42.000,109.272,150.431,117.066,1.204,505
158,88,0,1,0,8,0,40457,60.030,160.480,-184.126,171.340,1.213,366
158,88,0,1,0,8,1,40458,62.493,159.818,-176.815,171.602,1.198,366
158,88,0,1,0,8,2,40464,59.121,162.542,-150.931,172.960,1.222,367
158,88,0,1,0,8,3,40987,62.472,161.422,-131.904,173.089,1.202,445
158,88,0,1,0,8,4,40986,61.329,159.618,-130.252,170.994,1.204,444
158,88,0,1,0,8,5,40980,65.154,158.589,-116.163,171.451,1.181,444
158,88,0,1,0,8,6,40990,60.661,161.755,-113.006,172.756,1.212,445
158,88,0,1,0,8,7,40983,59.428,160.129,-110.378,170.801,1.215,444
158,88,0,1,0,8,8,41589,65.796,158.929,-64.938,172.010,1.178,522
158,88,0,1,0,8,9,41593,60.181,160.440,-33.174,171.356,1.212,522
158,88,0,1,0,8,10,41590,63.936,159.430,-12.273,171.772,1.189,522
158,88,0,1,0,8,11,41591,65.569,158.990,-8.422,171.980,1.180,522
158,88,0,1,0,8,12,42191,62.683,159.254,8.253,171.146,1.196,600
158,88,0,1,0,8,13,42194,61.607,159.543,53.036,171.025,1.202,600
158,88,0,1,0,8,14,42200,62.194,161.473,53.750,173.036,1.203,601
158,88,0,1,0,8,15,42192,63.198,159.115,62.208,171.206,1.193,600
159,89,0,0,0,2,0,22203,10.442,30.900,38.702,32.617,1.245,124
159,89,0,0,0,2,1,22176,10.719,30.885,40.184,32.692,1.237,124
159,89,0,0,0,2,2,22204,9.554,30.950,40.772,32.392,1.271,124
159,89,0,0,0,2,3,23341,10.566,30.358,76.159,32.144,1.236,139
159,89,0,0,0,2,4,23441,11.200,31.353,76.218,33.294,1.228,140
159,89,0,0,0,2,5,23397,10.936,31.368,78.646,33.220,1.235,140
159,89,0,0,0,2,6,23378,10.491,30.393,83.557,32.153,1.238,139
159,89,0,0,0,2,7,23423,10.812,31.375,86.330,33.186,1.239,140
159,89,0,0,0,2,8,23406,9.742,31.436,100.906,32.911,1.270,140
159,89,0,0,0,2,9,23398,10.093,31.416,137.620,32.998,1.260,140
159,89,0,0,0,2,10,24149,10.258,30.911,177.122,32.568,1.250,156
159,89,0,0,0,2,11,24108,10.349,29.912,177.741,31.652,1.238,155
159,89,0,0,0,2,12,24169,9.913,30.930,178.768,32.480,1.261,156
159,89,0,0,0,2,13,24135,10.702,30.886,183.616,32.687,1.237,156
159,89,0,0,0,2,14,24140,10.205,30.914,189.403,32.555,1.252,156
159,89,0,0,0,2,15,24852,9.466,30.955,288.756,32.370,1.274,188
159,89,0,0,0,4,0,29477,21.907,68.493,53.678,71.911,1.261,247
159,89,0,0,0,4,1,29467,22.612,68.382,58.326,72.024,1.251,247
159,89,0,0,0,4,2,29458,20.914,68.647,62.169,71.762,1.275,247
159,89,0,0,0,4,3,29474,23.081,68.310,67.643,72.103,1.245,247
159,89,0,0,0,4,4,29485,24.343,68.113,70.898,72.332,1.228,247
159,89,0,0,0,4,5,30258,22.479,68.904,87.185,72.478,1.255,279
159,89,0,0,0,4,6,30266,22.927,68.835,114.103,72.552,1.249,279
159,89,0,0,0,4,7,30262,22.171,68.952,128.494,72.429,1.260,279
159,89,0,0,0,4,8,30882,23.291,68.277,146.210,72.140,1.242,311
159,89,0,0,0,4,9,30898,21.653,68.532,161.093,71.871,1.265,311
159,89,0,0,0,4,10,30890,22.880,68.341,173.914,72.069,1.248,311
159,89,0,0,0,4,11,30892,20.868,68.654,188.862,71.756,1.276,311
159,89,0,0,0,4,12,30885,21.575,68.544,189.414,71.859,1.266,311
159,89,0,0,0,4,13,31321,23.561,68.736,244.826,72.662,1.241,343
159,89,0,0,0,4,14,31324,21.227,69.099,254.774,72.286,1.273,343
159,89,0,0,0,4,15,31696,22.956,68.329,308.136,72.082,1.247,375
159,89,0,0,0,6,0,36172,37.206,110.056,0.512,116.175,1.245,401
159,89,0,0,0,6,1,35410,37.468,110.515,0.578,116.694,1.244,349
159,89,0,0,0,6,2,36180,34.637,110.476,7.881,115.779,1.267,401
159,89,0,0,0,6,3,36179,38.614,109.826,9.610,116.416,1.233,401
159,89,0,0,0,6,4,36182,37.369,110.029,66.115,116.202,1.243,401
159,89,0,0,0,6,5,36808,35.458,110.844,79.373,116.377,1.261,453
159,89,0,0,0,6,6,37349,34.796,110.450,139.895,115.801,1.266,505
159,89,0,0,0,6,7,36799,34.925,110.931,140.492,116.299,1.266,453
159,89,0,0,0,6,8,37346,34.187,110.550,174.369,115.715,1.271,505
159,89,0,0,0,6,9,37343,37.892,109.944,208.356,116.290,1.239,505
159,89,0,0,0,6,10,37779,38.082,110.415,209.272,116.798,1.239,557
159,89,0,0,0,6,11,37777,38.362,110.369,240.661,116.846,1.236,557
159,89,0,0,0,6,12,38108,35.889,110.271,298.127,115.964,1.256,609
159,89,0,0,0,6,13,38113,36.232,110.215,326.079,116.018,1.253,609
159,89,0,0,0,6,14,38106,36.775,110.126,330.008,116.104,1.249,609
159,89,0,0,0,6,15,38691,38.670,109.817,422.243,116.427,1.232,713
159,89,0,0,0,8,0,41596,57.300,162.878,-18.454,172.663,1.233,523
159,89,0,0,0,8,1,42199,55.230,162.756,7.822,171.872,1.244,601
159,89,0,0,0,8,2,42196,51.985,163.354,16.539,171.426,1.263,601
159,89,0,0,0,8,3,42202,57.906,162.263,28.326,172.286,1.228,601
159,89,0,0,0,8,4,42195,53.441,163.086,34.008,171.619,1.254,601
159,89,0,0,0,8,5,42731,55.461,163.217,121.239,172.383,1.243,679
159,89,0,0,0,8,6,43195,53.401,163.093,158.379,171.613,1.254,757
159,89,0,0,0,8,7,43191,53.466,163.081,169.245,171.622,1.254,757
159,89,0,0,0,8,8,43192,53.629,163.051,176.996,171.644,1.253,757
159,89,0,0,0,8,9,43196,52.821,163.200,182.585,171.535,1.258,757
159,89,0,0,0,8,10,43611,57.916,162.765,261.298,172.762,1.229,835
159,89,0,0,0,8,11,43954,53.362,163.100,311.766,171.607,1.255,913
159,89,0,0,0,8,12,44298,50.645,164.104,369.921,171.741,1.271,991
159,89,0,0,0,8,13,44297,55.733,163.167,376.034,172.423,1.242,991
159,89,0,0,0,8,14,44299,50.865,164.064,395.456,171.768,1.270,991
159,89,0,0,0,8,15,44585,52.215,163.312,446.148,171.456,1.261,1069
160,90,0,0,0,2,0,22150,8.520,31.009,16.397,32.158,1.303,124
160,90,0,0,0,2,1,22182,9.062,30.978,16.755,32.276,1.286,124
160,90,0,0,0,2,2,22152,8.856,30.990,18.993,32.230,1.292,124
160,90,0,0,0,2,3,22167,8.849,30.990,26.224,32.229,1.293,124
160,90,0,0,0,2,4,22136,9.288,30.965,26.862,32.328,1.279,124
160,90,0,0,0,2,5,22175,7.907,31.043,28.516,32.034,1.321,124
160,90,0,0,0,2,6,22228,8.550,31.007,47.825,32.164,1.302,124
160,90,0,0,0,2,7,22226,9.325,30.963,55.760,32.337,1.278,124
160,90,0,0,0,2,8,22202,8.945,30.985,65.190,32.250,1.290,124
160,90,0,0,0,2,9,23407,8.154,31.525,73.972,32.563,1.318,140
160,90,0,0,0,2,10,23394,8.477,31.507,79.461,32.627,1.308,140
160,90,0,0,0,2,11,24166,8.273,31.023,195.191,32.107,1.310,156
160,90,0,0,0,2,12,24624,8.137,31.526,218.235,32.559,1.318,172
160,90,0,0,0,2,13,24622,9.533,31.448,229.899,32.861,1.276,172
160,90,0,0,0,2,14,24614,8.388,31.512,274.756,32.609,1.311,172
160,90,0,0,0,2,15,24850,8.931,30.986,300.895,32.247,1.290,188
160,90,0,0,0,4,0,28400,19.718,69.334,-1.010,72.084,1.294,215
160,90,0,0,0,4,1,29455,17.650,69.156,12.258,71.372,1.321,247
160,90,0,0,0,4,2,29481,18.030,69.096,12.823,71.410,1.316,247
160,90,0,0,0,4,3,29480,17.711,69.146,54.264,71.378,1.320,247
160,90,0,0,0,4,4,29459,20.479,68.715,61.958,71.702,1.281,247
160,90,0,0,0,4,5,29462,18.565,69.013,65.154,71.466,1.308,247
160,90,0,0,0,4,6,29456,18.530,69.018,69.352,71.463,1.309,247
160,90,0,0,0,4,7,30260,18.675,69.497,69.796,71.962,1.308,279
160,90,0,0,0,4,8,30265,20.017,69.288,74.067,72.121,1.290,279
160,90,0,0,0,4,9,30267,20.223,69.256,84.973,72.148,1.287,279
160,90,0,0,0,4,10,30264,18.974,69.450,107.702,71.996,1.304,279
160,90,0,0,0,4,11,30257,18.607,69.508,121.533,71.955,1.309,279
160,90,0,0,0,4,12,30897,18.879,68.964,146.498,71.501,1.304,311
160,90,0,0,0,4,13,30887,17.764,69.138,175.788,71.383,1.319,311
160,90,0,0,0,4,14,31323,18.409,69.538,219.919,71.934,1.312,343
160,90,0,0,0,4,15,31986,19.735,69.332,396.306,72.086,1.293,407
160,90,0,0,0,6,0,36802,28.073,112.051,112.877,115.514,1.325,453
160,90,0,0,0,6,1,36803,30.540,111.648,133.575,115.750,1.304,453
160,90,0,0,0,6,2,37345,31.186,111.040,178.810,115.336,1.297,505
160,90,0,0,0,6,3,37344,28.961,111.404,189.733,115.107,1.316,505
160,90,0,0,0,6,4,37347,28.869,111.419,201.395,115.098,1.317,505
160,90,0,0,0,6,5,37774,30.545,111.647,230.637,115.750,1.304,557
160,90,0,0,0,6,6,37780,28.848,111.924,237.869,115.582,1.319,557
160,90,0,0,0,6,7,37782,29.287,114.002,242.236,117.704,1.319,558
160,90,0,0,0,6,8,37776,29.756,111.776,258.912,115.669,1.311,557
160,90,0,0,0,6,9,37778,29.212,111.865,263.228,115.616,1.315,557
160,90,0,0,0,6,10,37775,28.544,111.974,265.398,115.555,1.321,557
160,90,0,0,0,6,11,37783,29.284,114.002,270.239,117.703,1.319,558
160,90,0,0,0,6,12,38105,29.823,111.263,281.959,115.191,1.309,609
160,90,0,0,0,6,13,38112,33.475,110.666,293.178,115.618,1.277,609
160,90,0,0,0,6,14,38111,29.706,111.282,295.202,115.179,1.310,609
160,90,0,0,0,6,15,38107,29.090,111.383,303.279,115.119,1.315,609
160,90,0,0,0,8,0,41597,49.255,164.360,-13.934,171.582,1.280,523
160,90,0,0,0,8,1,42197,46.777,164.313,26.445,170.842,1.293,601
160,90,0,0,0,8,2,42209,46.104,166.249,34.888,172.523,1.300,602
160,90,0,0,0,8,3,42204,46.385,166.220,61.398,172.571,1.299,602
160,90,0,0,0,8,4,42198,48.508,163.994,64.222,171.018,1.283,601
160,90,0,0,0,8,5,42206,49.287,165.924,65.088,173.090,1.282,602
160,90,0,0,0,8,6,42732,47.204,164.738,139.231,171.368,1.292,679
160,90,0,0,0,8,7,43193,49.262,163.856,207.076,171.101,1.279,757
160,90,0,0,0,8,8,43616,43.151,167.048,217.949,172.531,1.318,836
160,90,0,0,0,8,9,43615,42.721,167.092,222.948,172.467,1.320,836
160,90,0,0,0,8,10,43957,45.925,166.267,286.705,172.493,1.301,914
160,90,0,0,0,8,11,43953,48.948,163.913,317.723,171.065,1.281,913
160,90,0,0,0,8,12,44302,42.323,167.132,354.199,172.408,1.323,992
160,90,0,0,0,8,13,44304,45.675,166.790,412.349,172.931,1.304,992
160,90,0,0,0,8,14,44586,46.704,164.327,442.978,170.835,1.294,1069
160,90,0,0,0,8,15,44589,47.977,166.058,444.296,172.850,1.290,1070
161,91,0,0,1,2,0,22214,7.734,31.053,34.164,32.002,1.327,124
161,91,0,0,1,2,1,22130,6.719,31.110,40.622,31.828,1.358,124
161,91,0,0,1,2,2,22129,7.517,31.065,46.960,31.962,1.333,124
161,91,0,0,1,2,3,22248,7.412,31.071,49.324,31.943,1.337,124
161,91,0,0,1,2,4,22135,6.606,31.117,58.801,31.810,1.362,124
161,91,0,0,1,2,5,23392,7.428,31.566,76.874,32.428,1.340,140
161,91,0,0,1,2,6,23390,6.325,31.628,87.845,32.255,1.373,140
161,91,0,0,1,2,7,23429,7.753,31.548,91.826,32.487,1.330,140
161,91,0,0,1,2,8,23440,7.293,31.574,92.755,32.405,1.344,140
161,91,0,0,1,2,9,24134,7.610,31.060,150.851,31.979,1.331,156
161,91,0,0,1,2,10,24160,6.507,31.122,171.641,31.795,1.365,156
161,91,0,0,1,2,11,24167,7.250,31.080,172.128,31.915,1.342,156
161,91,0,0,1,2,12,24150,7.299,31.078,179.665,31.923,1.340,156
161,91,0,0,1,2,13,24626,7.197,31.579,256.846,32.389,1.347,172
161,91,0,0,1,2,14,24854,6.899,31.100,297.502,31.856,1.352,188
161,91,0,0,1,2,15,24847,7.696,31.055,297.767,31.995,1.328,188
161,91,0,0,1,4,0,29479,15.845,69.437,27.681,71.222,1.346,247
161,91,0,0,1,4,1,29460,15.984,69.415,46.039,71.232,1.344,247
161,91,0,0,1,4,2,29463,15.867,69.433,49.505,71.223,1.346,247
161,91,0,0,1,4,3,29470,16.731,69.299,61.110,71.290,1.334,247
161,91,0,0,1,4,4,30268,17.323,69.707,116.635,71.828,1.327,279
161,91,0,0,1,4,5,30893,14.586,69.633,162.510,71.144,1.364,311
161,91,0,0,1,4,6,30888,14.584,69.633,163.060,71.144,1.364,311
161,91,0,0,1,4,7,30900,15.089,71.742,167.690,73.311,1.363,312
161,91,0,0,1,4,8,30903,15.186,71.746,168.114,73.335,1.362,312
161,91,0,0,1,4,9,30899,13.919,69.737,174.277,71.112,1.374,311
161,91,0,0,1,4,10,30886,15.442,69.499,203.696,71.194,1.352,311
161,91,0,0,1,4,11,30889,14.763,69.605,204.082,71.154,1.362,311
161,91,0,0,1,4,12,30912,15.150,71.744,210.325,73.326,1.363,312
161,91,0,0,1,4,13,31329,15.237,72.243,211.772,73.833,1.363,344
161,91,0,0,1,4,14,31694,16.386,69.352,338.336,71.262,1.339,375
161,91,0,0,1,4,15,32242,16.551,69.327,422.535,71.275,1.336,439
161,91,0,0,1,6,0,36187,27.560,113.578,22.857,116.874,1.333,402
161,91,0,0,1,6,1,36174,27.633,111.621,29.870,114.991,1.328,401
161,91,0,0,1,6,2,36191,25.723,113.654,30.053,116.528,1.348,402
161,91,0,0,1,6,3,36183,27.811,113.567,30.491,116.923,1.331,402
161,91,0,0,1,6,4,36185,26.222,113.633,48.282,116.619,1.344,402
161,91,0,0,1,6,5,36815,25.185,114.171,82.909,116.916,1.354,454
161,91,0,0,1,6,6,36823,25.704,114.150,99.083,117.008,1.349,454
161,91,0,0,1,6,7,36822,28.479,114.035,111.053,117.537,1.326,454
161,91,0,0,1,6,8,36825,28.365,114.040,114.671,117.515,1.327,454
161,91,0,0,1,6,9,37352,28.210,113.551,208.520,117.003,1.327,506
161,91,0,0,1,6,10,37785,25.825,114.145,272.128,117.030,1.348,558
161,91,0,0,1,6,11,38114,27.262,111.682,283.929,114.961,1.331,609
161,91,0,0,1,6,12,38110,27.672,111.615,333.884,114.994,1.328,609
161,91,0,0,1,6,13,38117,28.288,113.548,339.911,117.019,1.327,610
161,91,0,0,1,6,14,38427,24.768,114.188,358.259,116.843,1.357,662
161,91,0,0,1,6,15,38690,26.789,111.759,443.703,114.925,1.336,713
161,91,0,0,1,8,0,43209,36.825,167.196,180.585,171.203,1.354,758
161,91,0,0,1,8,1,43201,41.605,166.708,196.005,171.821,1.326,758
161,91,0,0,1,8,2,43199,36.384,167.241,204.701,171.153,1.357,758
161,91,0,0,1,8,3,43204,35.270,167.354,210.142,171.030,1.363,758
161,91,0,0,1,8,4,43612,35.478,167.831,210.765,171.540,1.362,836
161,91,0,0,1,8,5,43613,36.268,167.750,250.791,171.626,1.358,836
161,91,0,0,1,8,6,43618,35.627,169.851,266.264,173.547,1.364,837
161,91,0,0,1,8,7,43614,38.537,167.519,266.953,171.894,1.345,836
161,91,0,0,1,8,8,43959,41.241,166.745,306.464,171.769,1.328,914
161,91,0,0,1,8,9,43958,41.652,166.703,308.129,171.828,1.326,914
161,91,0,0,1,8,10,44303,39.847,167.385,355.469,172.063,1.337,992
161,91,0,0,1,8,11,44301,34.265,167.954,384.326,171.414,1.370,992
161,91,0,0,1,8,12,44306,34.324,169.878,388.604,173.311,1.371,993
161,91,0,0,1,8,13,44300,41.239,167.243,403.811,172.252,1.329,992
161,91,0,0,1,8,14,44587,34.494,167.433,451.590,170.949,1.368,1070
161,91,0,0,1,8,15,44592,34.563,169.378,456.703,172.869,1.369,1071
162,91,0,1,1,2,0,22214,7.734,31.053,34.164,32.002,1.327,124
162,91,0,1,1,2,1,22130,6.719,31.110,40.622,31.828,1.358,124
162,91,0,1,1,2,2,22129,7.517,31.065,46.960,31.962,1.333,124
162,91,0,1,1,2,3,22248,7.412,31.071,49.324,31.943,1.337,124
162,91,0,1,1,2,4,22135,6.606,31.117,58.801,31.810,1.362,124
162,91,0,1,1,2,5,23392,7.428,31.566,76.874,32.428,1.340,140
162,91,0,1,1,2,6,23390,6.325,31.628,87.845,32.255,1.373,140
162,91,0,1,1,2,7,23429,7.753,31.548,91.826,32.487,1.330,140
162,91,0,1,1,2,8,23440,7.293,31.574,92.755,32.405,1.344,140
162,91,0,1,1,2,9,24134,7.610,31.060,150.851,31.979,1.331,156
162,91,0,1,1,2,10,24160,6.507,31.122,171.641,31.795,1.365,156
162,91,0,1,1,2,11,24167,7.250,31.080,172.128,31.915,1.342,156
162,91,0,1,1,2,12,24150,7.299,31.078,179.665,31.923,1.340,156
162,91,0,1,1,2,13,24626,7.197,31.579,256.846,32.389,1.347,172
162,91,0,1,1,2,14,24854,6.899,31.100,297.502,31.856,1.352,188
162,91,0,1,1,2,15,24847,7.696,31.055,297.767,31.995,1.328,188
162,91,0,1,1,4,0,29512,15.243,71.748,24.114,73.349,1.361,248
162,91,0,1,1,4,1,29479,15.845,69.437,27.681,71.222,1.346,247
162,91,0,1,1,4,2,29460,15.984,69.415,46.039,71.232,1.344,247
162,91,0,1,1,4,3,29463,15.867,69.433,49.505,71.223,1.346,247
162,91,0,1,1,4,4,29470,16.731,69.299,61.110,71.290,1.334,247
162,91,0,1,1,4,5,30268,17.323,69.707,116.635,71.828,1.327,279
162,91,0,1,1,4,6,30893,14.586,69.633,162.510,71.144,1.364,311
162,91,0,1,1,4,7,30888,14.584,69.633,163.060,71.144,1.364,311
162,91,0,1,1,4,8,30900,15.089,71.742,167.690,73.311,1.363,312
162,91,0,1,1,4,9,30903,15.186,71.746,168.114,73.335,1.362,312
162,91,0,1,1,4,10,30899,13.919,69.737,174.277,71.112,1.374,311
162,91,0,1,1,4,11,30886,15.442,69.499,203.696,71.194,1.352,311
162,91,0,1,1,4,12,30889,14.763,69.605,204.082,71.154,1.362,311
162,91,0,1,1,4,13,30912,15.150,71.744,210.325,73.326,1.363,312
162,91,0,1,1,4,14,31329,15.237,72.243,211.772,73.833,1.363,344
162,91,0,1,1,4,15,31694,16.386,69.352,338.336,71.262,1.339,375
162,91,0,1,1,6,0,35397,27.706,112.111,-36.024,115.484,1.329,349
162,91,0,1,1,6,1,35416,25.496,114.158,-28.538,116.971,1.351,350
162,91,0,1,1,6,2,35424,24.921,114.182,-22.480,116.870,1.356,350
162,91,0,1,1,6,3,36194,23.140,113.760,13.597,116.090,1.370,402
162,91,0,1,1,6,4,36175,27.189,111.694,22.436,114.956,1.332,401
162,91,0,1,1,6,5,36187,27.560,113.578,22.857,116.874,1.333,402
162,91,0,1,1,6,6,36174,27.633,111.621,29.870,114.991,1.328,401
162,91,0,1,1,6,7,36191,25.723,113.654,30.053,116.528,1.348,402
162,91,0,1,1,6,8,36183,27.811,113.567,30.491,116.923,1.331,402
162,91,0,1,1,6,9,36185,26.222,113.633,48.282,116.619,1.344,402
162,91,0,1,1,6,10,36815,25.185,114.171,82.909,116.916,1.354,454
162,91,0,1,1,6,11,36823,25.704,114.150,99.083,117.008,1.349,454
162,91,0,1,1,6,12,36822,28.479,114.035,111.053,117.537,1.326,454
162,91,0,1,1,6,13,36825,28.365,114.040,114.671,117.515,1.327,454
162,91,0,1,1,6,14,37352,28.210,113.551,208.520,117.003,1.327,506
162,91,0,1,1,6,15,37785,25.825,114.145,272.128,117.030,1.348,558
162,91,0,1,1,8,0,42737,35.451,167.833,122.853,171.536,1.363,680
162,91,0,1,1,8,1,42745,35.815,169.847,124.350,173.582,1.363,681
162,91,0,1,1,8,2,42733,35.777,167.800,137.652,171.572,1.361,680
162,91,0,1,1,8,3,43207,35.190,167.362,139.527,171.022,1.364,758
162,91,0,1,1,8,4,42734,35.210,167.858,139.936,171.511,1.364,680
162,91,0,1,1,8,5,43215,35.215,169.364,141.154,172.986,1.366,759
162,91,0,1,1,8,6,43200,34.619,167.421,144.020,170.963,1.367,758
162,91,0,1,1,8,7,43210,34.909,169.371,145.659,172.931,1.368,759
162,91,0,1,1,8,8,43208,36.849,167.193,147.930,171.205,1.354,758
162,91,0,1,1,8,9,43203,40.878,166.782,158.771,171.719,1.330,758
162,91,0,1,1,8,10,43206,38.242,167.051,164.643,171.372,1.346,758
162,91,0,1,1,8,11,43202,40.422,166.829,166.806,171.656,1.333,758
162,91,0,1,1,8,12,43197,34.696,167.413,175.547,170.971,1.366,758
162,91,0,1,1,8,13,43214,35.554,169.357,177.695,173.049,1.364,759
162,91,0,1,1,8,14,43205,36.086,167.271,177.713,171.119,1.358,758
162,91,0,1,1,8,15,43209,36.825,167.196,180.585,171.203,1.354,758
163,91,0,2,0,2,0,22214,7.734,31.053,34.164,32.002,1.327,124
163,91,0,2,0,2,1,22130,6.719,31.110,40.622,31.828,1.358,124
163,91,0,2,0,2,2,22129,7.517,31.065,46.960,31.962,1.333,124
163,91,0,2,0,2,3,22248,7.412,31.071,49.324,31.943,1.337,124
163,91,0,2,0,2,4,22135,6.606,31.117,58.801,31.810,1.362,124
163,91,0,2,0,2,5,23392,7.428,31.566,76.874,32.428,1.340,140
163,91,0,2,0,2,6,23390,6.325,31.628,87.845,32.255,1.373,140
163,91,0,2,0,2,7,23429,7.753,31.548,91.826,32.487,1.330,140
163,91,0,2,0,2,8,23440,7.293,31.574,92.755,32.405,1.344,140
163,91,0,2,0,2,9,24134,7.610,31.060,150.851,31.979,1.331,156
163,91,0,2,0,2,10,24160,6.507,31.122,171.641,31.795,1.365,156
163,91,0,2,0,2,11,24167,7.250,31.080,172.128,31.915,1.342,156
163,91,0,2,0,2,12,24150,7.299,31.078,179.665,31.923,1.340,156
163,91,0,2,0,2,13,24626,7.197,31.579,256.846,32.389,1.347,172
163,91,0,2,0,2,14,24854,6.899,31.100,297.502,31.856,1.352,188
163,91,0,2,0,2,15,24847,7.696,31.055,297.767,31.995,1.328,188
163,91,0,2,0,4,0,29465,14.888,69.586,22.964,71.160,1.360,247
163,91,0,2,0,4,1,29512,15.243,71.748,24.114,73.349,1.361,248
163,91,0,2,0,4,2,29479,15.845,69.437,27.681,71.222,1.346,247
163,91,0,2,0,4,3,29460,15.984,69.415,46.039,71.232,1.344,247
163,91,0,2,0,4,4,29463,15.867,69.433,49.505,71.223,1.346,247
163,91,0,2,0,4,5,29470,16.731,69.299,61.110,71.290,1.334,247
163,91,0,2,0,4,6,30268,17.323,69.707,116.635,71.828,1.327,279
163,91,0,2,0,4,7,30893,14.586,69.633,162.510,71.144,1.364,311
163,91,0,2,0,4,8,30888,14.584,69.633,163.060,71.144,1.364,311
163,91,0,2,0,4,9,30900,15.089,71.742,167.690,73.311,1.363,312
163,91,0,2,0,4,10,30903,15.186,71.746,168.114,73.335,1.362,312
163,91,0,2,0,4,11,30899,13.919,69.737,174.277,71.112,1.374,311
163,91,0,2,0,4,12,30886,15.442,69.499,203.696,71.194,1.352,311
163,91,0,2,0,4,13,30889,14.763,69.605,204.082,71.154,1.362,311
163,91,0,2,0,4,14,30912,15.150,71.744,210.325,73.326,1.363,312
163,91,0,2,0,4,15,31329,15.237,72.243,211.772,73.833,1.363,344
163,91,0,2,0,6,0,35427,22.762,114.271,-46.416,116.516,1.374,350
163,91,0,2,0,6,1,35418,28.362,114.040,-38.153,117.514,1.327,350
163,91,0,2,0,6,2,35397,27.706,112.111,-36.024,115.484,1.329,349
163,91,0,2,0,6,3,35416,25.496,114.158,-28.538,116.971,1.351,350
163,91,0,2,0,6,4,35424,24.921,114.182,-22.480,116.870,1.356,350
163,91,0,2,0,6,5,36194,23.140,113.760,13.597,116.090,1.370,402
163,91,0,2,0,6,6,36175,27.189,111.694,22.436,114.956,1.332,401
163,91,0,2,0,6,7,36187,27.560,113.578,22.857,116.874,1.333,402
163,91,0,2,0,6,8,36174,27.633,111.621,29.870,114.991,1.328,401
163,91,0,2,0,6,9,36191,25.723,113.654,30.053,116.528,1.348,402
163,91,0,2,0,6,10,36183,27.811,113.567,30.491,116.923,1.331,402
163,91,0,2,0,6,11,36185,26.222,113.633,48.282,116.619,1.344,402
163,91,0,2,0,6,12,36815,25.185,114.171,82.909,116.916,1.354,454
163,91,0,2,0,6,13,36823,25.704,114.150,99.083,117.008,1.349,454
163,91,0,2,0,6,14,36822,28.479,114.035,111.053,117.537,1.326,454
163,91,0,2,0,6,15,36825,28.365,114.040,114.671,117.515,1.327,454
163,91,0,2,0,8,0,40995,39.995,166.872,-113.592,171.598,1.336,446
163,91,0,2,0,8,1,40994,38.964,166.977,-87.059,171.463,1.342,446
163,91,0,2,0,8,2,41609,40.811,167.287,-32.646,172.193,1.332,524
163,91,0,2,0,8,3,41606,39.217,167.449,-26.345,171.980,1.341,524
163,91,0,2,0,8,4,42203,41.577,166.711,17.603,171.817,1.326,602
163,91,0,2,0,8,5,42208,36.284,167.251,32.241,171.142,1.357,602
163,91,0,2,0,8,6,42207,36.708,167.208,34.948,171.190,1.355,602
163,91,0,2,0,8,7,42210,36.463,167.233,38.840,171.162,1.356,602
163,91,0,2,0,8,8,42205,33.933,167.491,41.921,170.894,1.371,602
163,91,0,2,0,8,9,42217,34.176,169.386,42.335,172.799,1.372,603
163,91,0,2,0,8,10,42738,39.806,167.389,70.288,172.057,1.337,680
163,91,0,2,0,8,11,42211,39.506,166.922,70.526,171.533,1.338,602
163,91,0,2,0,8,12,42736,34.279,167.953,81.067,171.415,1.369,680
163,91,0,2,0,8,13,42735,35.359,167.843,107.660,171.527,1.363,680
163,91,0,2,0,8,14,42743,35.336,169.857,109.022,173.494,1.366,681
163,91,0,2,0,8,15,42737,35.451,167.833,122.853,171.536,1.363,680
164,92,0,0,0,2,0,23439,4.723,31.719,88.653,32.069,1.423,140
164,92,0,0,0,2,1,23391,5.073,31.699,110.183,32.102,1.412,140
164,92,0,0,0,2,2,23404,6.097,31.641,110.872,32.223,1.380,140
164,92,0,0,0,2,3,23396,5.017,31.702,120.219,32.097,1.414,140
164,92,0,0,0,2,4,23435,5.415,31.680,121.959,32.139,1.402,140
164,92,0,0,0,2,5,23413,6.130,31.640,132.138,32.228,1.379,140
164,92,0,0,0,2,6,23433,5.405,31.680,137.047,32.138,1.402,140
164,92,0,0,0,2,7,24127,5.949,31.154,168.816,31.717,1.382,156
164,92,0,0,0,2,8,24162,4.909,31.212,185.926,31.596,1.415,156
164,92,0,0,0,2,9,24155,5.650,31.171,198.297,31.678,1.391,156
164,92,0,0,0,2,10,24616,6.283,31.631,217.684,32.249,1.375,172
164,92,0,0,0,2,11,24618,5.896,31.653,220.510,32.197,1.387,172
164,92,0,0,0,2,12,24606,5.574,31.671,221.087,32.158,1.397,172
164,92,0,0,0,2,13,24605,5.889,31.653,252.104,32.196,1.387,172
164,92,0,0,0,2,14,24617,5.051,31.700,269.360,32.100,1.413,172
164,92,0,0,0,2,15,24853,4.775,31.220,336.897,31.583,1.419,188
164,92,0,0,0,4,0,30294,11.098,72.070,90.802,72.920,1.418,280
164,92,0,0,0,4,1,30291,12.500,72.129,106.104,73.204,1.399,280
164,92,0,0,0,4,2,30275,12.657,72.135,106.743,73.237,1.397,280
164,92,0,0,0,4,3,30280,12.918,72.146,120.041,73.294,1.394,280
164,92,0,0,0,4,4,30904,12.058,71.615,154.345,72.623,1.404,312
164,92,0,0,0,4,5,30915,11.646,71.598,177.362,72.539,1.410,312
164,92,0,0,0,4,6,30916,14.186,71.704,179.276,73.094,1.375,312
164,92,0,0,0,4,7,30908,11.415,71.588,202.677,72.492,1.413,312
164,92,0,0,0,4,8,31331,11.510,72.087,244.638,73.001,1.412,344
164,92,0,0,0,4,9,31328,11.647,72.093,246.044,73.028,1.411,344
164,92,0,0,0,4,10,31332,12.929,72.147,280.183,73.296,1.393,344
164,92,0,0,0,4,11,31704,11.991,71.612,281.196,72.609,1.405,376
164,92,0,0,0,4,12,31695,12.560,69.948,288.759,71.067,1.393,375
164,92,0,0,0,4,13,31700,13.309,71.667,288.919,72.893,1.387,376
164,92,0,0,0,4,14,31702,12.307,71.625,296.147,72.675,1.401,376
164,92,0,0,0,4,15,31707,11.554,71.594,314.522,72.520,1.411,376
164,92,0,0,0,6,0,36818,20.959,114.346,80.228,116.251,1.390,454
164,92,0,0,0,6,1,36814,17.003,114.509,81.768,115.764,1.423,454
164,92,0,0,0,6,2,36817,18.326,114.454,83.237,115.912,1.412,454
164,92,0,0,0,6,3,36824,18.215,114.459,107.443,115.899,1.413,454
164,92,0,0,0,6,4,36820,19.465,114.407,111.674,116.051,1.402,454
164,92,0,0,0,6,5,36821,22.442,114.284,120.947,116.467,1.377,454
164,92,0,0,0,6,6,37351,22.521,113.786,145.462,115.993,1.375,506
164,92,0,0,0,6,7,37354,17.494,113.993,165.662,115.328,1.419,506
164,92,0,0,0,6,8,37353,21.757,113.817,168.896,115.878,1.382,506
164,92,0,0,0,6,9,37356,18.933,113.934,178.000,115.496,1.406,506
164,92,0,0,0,6,10,37357,19.561,113.908,188.990,115.575,1.401,506
164,92,0,0,0,6,11,38118,17.652,113.987,285.760,115.346,1.417,610
164,92,0,0,0,6,12,38116,17.389,113.997,290.573,115.316,1.419,610
164,92,0,0,0,6,13,38115,19.468,113.912,324.177,115.564,1.402,610
164,92,0,0,0,6,14,38119,21.910,113.811,332.224,115.901,1.381,610
164,92,0,0,0,6,15,38428,20.996,114.344,398.766,116.256,1.389,662
164,92,0,0,0,8,0,42213,29.007,169.495,48.626,171.959,1.401,603
164,92,0,0,0,8,1,42216,28.078,169.515,48.810,171.825,1.407,603
164,92,0,0,0,8,2,42215,32.901,169.413,62.943,172.578,1.379,603
164,92,0,0,0,8,3,42741,31.421,169.939,99.160,172.819,1.388,681
164,92,0,0,0,8,4,42744,26.090,170.052,123.749,172.042,1.419,681
164,92,0,0,0,8,5,43217,26.014,169.558,151.818,171.542,1.419,759
164,92,0,0,0,8,6,43198,33.041,167.582,158.030,170.808,1.376,758
164,92,0,0,0,8,7,43218,26.953,169.539,159.475,171.668,1.413,759
164,92,0,0,0,8,8,43212,33.616,169.398,159.776,172.701,1.375,759
164,92,0,0,0,8,9,43219,33.626,169.398,164.235,172.703,1.375,759
164,92,0,0,0,8,10,43617,32.170,169.924,250.124,172.942,1.384,837
164,92,0,0,0,8,11,43962,27.318,169.531,280.611,171.718,1.411,915
164,92,0,0,0,8,12,43961,32.407,169.423,341.994,172.494,1.382,915
164,92,0,0,0,8,13,44307,26.568,170.042,398.609,172.105,1.416,993
164,92,0,0,0,8,14,44593,27.582,169.525,442.880,171.754,1.410,1071
164,92,0,0,0,8,15,44594,26.224,169.554,452.384,171.570,1.417,1071
165,93,0,0,1,2,0,23437,4.535,31.729,101.399,32.052,1.429,140
165,93,0,0,1,2,1,23412,3.769,31.773,119.787,31.995,1.453,140
165,93,0,0,1,2,2,24156,4.444,31.239,141.472,31.553,1.429,156
165,93,0,0,1,2,3,24161,4.605,31.230,150.903,31.567,1.424,156
165,93,0,0,1,2,4,24151,3.380,31.299,175.448,31.481,1.463,156
165,93,0,0,1,2,5,24168,3.968,31.265,182.223,31.516,1.445,156
165,93,0,0,1,2,6,24130,4.180,31.254,202.176,31.532,1.438,156
165,93,0,0,1,2,7,24141,3.797,31.275,207.611,31.505,1.450,156
165,93,0,0,1,2,8,24136,3.551,31.289,207.766,31.490,1.458,156
165,93,0,0,1,2,9,24153,3.356,31.300,210.470,31.479,1.464,156
165,93,0,0,1,2,10,24602,3.835,31.769,211.245,32.000,1.451,172
165,93,0,0,1,2,11,24621,3.438,31.791,214.396,31.977,1.463,172
165,93,0,0,1,2,12,24603,4.532,31.730,256.333,32.052,1.429,172
165,93,0,0,1,2,13,24608,3.349,31.796,259.295,31.972,1.466,172
165,93,0,0,1,2,14,24613,3.983,31.761,268.351,32.009,1.446,172
165,93,0,0,1,2,15,24845,3.312,31.302,286.891,31.477,1.465,188
165,93,0,0,1,4,0,29511,7.363,71.418,57.578,71.797,1.468,248
165,93,0,0,1,4,1,29503,7.697,71.432,64.444,71.846,1.463,248
165,93,0,0,1,4,2,29505,8.898,71.483,66.194,72.034,1.447,248
165,93,0,0,1,4,3,29507,9.212,71.496,67.108,72.087,1.443,248
165,93,0,0,1,4,4,29509,7.986,71.444,68.145,71.889,1.459,248
165,93,0,0,1,4,5,30272,9.041,71.984,73.713,72.550,1.446,280
165,93,0,0,1,4,6,30279,7.931,71.938,95.904,72.374,1.461,280
165,93,0,0,1,4,7,30297,7.711,71.928,102.198,72.341,1.464,280
165,93,0,0,1,4,8,30283,9.083,71.986,103.205,72.557,1.445,280
165,93,0,0,1,4,9,30276,8.836,71.975,110.583,72.516,1.449,280
165,93,0,0,1,4,10,30299,10.513,72.046,120.845,72.809,1.426,280
165,93,0,0,1,4,11,30901,7.908,71.441,148.731,71.877,1.461,312
165,93,0,0,1,4,12,30905,8.760,71.477,171.545,72.012,1.449,312
165,93,0,0,1,4,13,31335,9.415,72.000,248.561,72.613,1.441,344
165,93,0,0,1,4,14,31699,8.259,71.456,289.459,71.932,1.456,376
165,93,0,0,1,4,15,31709,8.841,71.480,328.937,72.025,1.448,376
165,93,0,0,1,6,0,36840,12.066,116.440,103.383,117.064,1.468,455
165,93,0,0,1,6,1,36816,15.985,114.551,107.097,115.661,1.432,454
165,93,0,0,1,6,2,36812,15.987,114.551,107.107,115.661,1.432,454
165,93,0,0,1,6,3,36809,15.732,114.561,118.643,115.636,1.434,454
165,93,0,0,1,6,4,36810,13.208,114.666,121.885,115.424,1.456,454
165,93,0,0,1,6,5,36828,13.375,116.545,124.004,117.310,1.457,455
165,93,0,0,1,6,6,36833,13.804,116.579,140.655,117.393,1.453,455
165,93,0,0,1,6,7,37358,15.788,114.064,141.110,115.151,1.433,506
165,93,0,0,1,6,8,37350,16.360,114.040,143.641,115.208,1.428,506
165,93,0,0,1,6,9,37359,12.053,115.943,166.483,116.568,1.467,507
165,93,0,0,1,6,10,37355,15.953,114.057,190.861,115.167,1.432,506
165,93,0,0,1,6,11,37781,14.596,114.608,228.822,115.534,1.444,558
165,93,0,0,1,6,12,37784,16.644,114.524,242.174,115.727,1.426,558
165,93,0,0,1,6,13,37790,11.786,116.418,279.971,117.013,1.470,559
165,93,0,0,1,6,14,38123,11.466,115.896,347.371,116.462,1.472,611
165,93,0,0,1,6,15,38429,14.330,114.619,383.929,115.511,1.446,662
165,93,0,0,1,8,0,43213,23.206,169.618,159.448,171.198,1.435,759
165,93,0,0,1,8,1,43211,21.748,169.648,162.150,171.036,1.443,759
165,93,0,0,1,8,2,43224,17.501,171.412,185.918,172.303,1.469,760
165,93,0,0,1,8,3,43225,18.886,171.495,195.130,172.532,1.461,760
165,93,0,0,1,8,4,43621,18.790,171.985,218.018,173.008,1.462,838
165,93,0,0,1,8,5,43619,17.128,171.886,248.095,172.737,1.471,838
165,93,0,0,1,8,6,43966,19.875,171.553,279.688,172.700,1.455,916
165,93,0,0,1,8,7,43967,16.967,171.380,320.470,172.218,1.472,916
165,93,0,0,1,8,8,43964,17.566,171.416,334.914,172.314,1.469,916
165,93,0,0,1,8,9,43963,19.363,169.699,340.236,170.800,1.457,915
165,93,0,0,1,8,10,43960,22.629,169.630,341.615,171.133,1.438,915
165,93,0,0,1,8,11,43965,20.091,171.566,344.178,172.738,1.454,916
165,93,0,0,1,8,12,44305,19.377,170.194,351.822,171.293,1.457,993
165,93,0,0,1,8,13,44309,20.472,172.085,360.061,173.298,1.452,994
165,93,0,0,1,8,14,44308,19.336,172.017,382.515,173.100,1.459,994
165,93,0,0,1,8,15,44591,20.425,169.676,419.076,170.901,1.451,1071
166,93,0,1,0,2,0,23437,4.535,31.729,101.399,32.052,1.429,140
166,93,0,1,0,2,1,23412,3.769,31.773,119.787,31.995,1.453,140
166,93,0,1,0,2,2,24156,4.444,31.239,141.472,31.553,1.429,156
166,93,0,1,0,2,3,24161,4.605,31.230,150.903,31.567,1.424,156
166,93,0,1,0,2,4,24151,3.380,31.299,175.448,31.481,1.463,156
166,93,0,1,0,2,5,24168,3.968,31.265,182.223,31.516,1.445,156
166,93,0,1,0,2,6,24130,4.180,31.254,202.176,31.532,1.438,156
166,93,0,1,0,2,7,24141,3.797,31.275,207.611,31.505,1.450,156
166,93,0,1,0,2,8,24136,3.551,31.289,207.766,31.490,1.458,156
166,93,0,1,0,2,9,24153,3.356,31.300,210.470,31.479,1.464,156
166,93,0,1,0,2,10,24602,3.835,31.769,211.245,32.000,1.451,172
166,93,0,1,0,2,11,24621,3.438,31.791,214.396,31.977,1.463,172
166,93,0,1,0,2,12,24603,4.532,31.730,256.333,32.052,1.429,172
166,93,0,1,0,2,13,24608,3.349,31.796,259.295,31.972,1.466,172
166,93,0,1,0,2,14,24613,3.983,31.761,268.351,32.009,1.446,172
166,93,0,1,0,2,15,24845,3.312,31.302,286.891,31.477,1.465,188
166,93,0,1,0,4,0,29500,10.111,71.533,22.794,72.244,1.430,248
166,93,0,1,0,4,1,29511,7.363,71.418,57.578,71.797,1.468,248
166,93,0,1,0,4,2,29503,7.697,71.432,64.444,71.846,1.463,248
166,93,0,1,0,4,3,29505,8.898,71.483,66.194,72.034,1.447,248
166,93,0,1,0,4,4,29507,9.212,71.496,67.108,72.087,1.443,248
166,93,0,1,0,4,5,29509,7.986,71.444,68.145,71.889,1.459,248
166,93,0,1,0,4,6,30272,9.041,71.984,73.713,72.550,1.446,280
166,93,0,1,0,4,7,30279,7.931,71.938,95.904,72.374,1.461,280
166,93,0,1,0,4,8,30297,7.711,71.928,102.198,72.341,1.464,280
166,93,0,1,0,4,9,30283,9.083,71.986,103.205,72.557,1.445,280
166,93,0,1,0,4,10,30276,8.836,71.975,110.583,72.516,1.449,280
166,93,0,1,0,4,11,30299,10.513,72.046,120.845,72.809,1.426,280
166,93,0,1,0,4,12,30901,7.908,71.441,148.731,71.877,1.461,312
166,93,0,1,0,4,13,30905,8.760,71.477,171.545,72.012,1.449,312
166,93,0,1,0,4,14,31335,9.415,72.000,248.561,72.613,1.441,344
166,93,0,1,0,4,15,31699,8.259,71.456,289.459,71.932,1.456,376
166,93,0,1,0,6,0,36188,13.511,114.157,37.531,114.954,1.453,402
166,93,0,1,0,6,1,36201,13.621,116.068,38.196,116.864,1.454,403
166,93,0,1,0,6,2,36813,15.586,114.567,77.240,115.622,1.436,454
166,93,0,1,0,6,3,36842,14.483,116.633,94.855,117.529,1.447,455
166,93,0,1,0,6,4,36811,13.767,114.642,95.752,115.466,1.451,454
166,93,0,1,0,6,5,36840,12.066,116.440,103.383,117.064,1.468,455
166,93,0,1,0,6,6,36816,15.985,114.551,107.097,115.661,1.432,454
166,93,0,1,0,6,7,36812,15.987,114.551,107.107,115.661,1.432,454
166,93,0,1,0,6,8,36809,15.732,114.561,118.643,115.636,1.434,454
166,93,0,1,0,6,9,36810,13.208,114.666,121.885,115.424,1.456,454
166,93,0,1,0,6,10,36828,13.375,116.545,124.004,117.310,1.457,455
166,93,0,1,0,6,11,36833,13.804,116.579,140.655,117.393,1.453,455
166,93,0,1,0,6,12,37358,15.788,114.064,141.110,115.151,1.433,506
166,93,0,1,0,6,13,37350,16.360,114.040,143.641,115.208,1.428,506
166,93,0,1,0,6,14,37359,12.053,115.943,166.483,116.568,1.467,507
166,93,0,1,0,6,15,37355,15.953,114.057,190.861,115.167,1.432,506
166,93,0,1,0,8,0,41629,20.867,172.108,-15.926,173.368,1.450,526
166,93,0,1,0,8,1,41613,20.531,170.169,-15.764,171.403,1.451,525
166,93,0,1,0,8,2,41621,23.479,170.107,-2.684,171.720,1.434,525
166,93,0,1,0,8,3,42214,19.272,169.701,3.134,170.792,1.458,603
166,93,0,1,0,8,4,42224,19.748,171.546,3.185,172.679,1.456,604
166,93,0,1,0,8,5,42221,18.547,171.474,3.809,172.474,1.463,604
166,93,0,1,0,8,6,42222,18.106,171.448,44.269,172.401,1.466,604
166,93,0,1,0,8,7,42742,24.788,170.079,76.614,171.876,1.426,681
166,93,0,1,0,8,8,42740,19.390,170.193,77.397,171.294,1.457,681
166,93,0,1,0,8,9,42750,19.254,172.012,78.291,173.086,1.459,682
166,93,0,1,0,8,10,42751,17.465,171.906,82.766,172.791,1.470,682
166,93,0,1,0,8,11,42739,21.739,170.144,122.245,171.527,1.444,681
166,93,0,1,0,8,12,42746,21.650,172.155,123.753,173.511,1.446,682
166,93,0,1,0,8,13,42748,18.513,171.968,132.127,172.962,1.464,682
166,93,0,1,0,8,14,43216,19.938,169.687,146.946,170.854,1.454,759
166,93,0,1,0,8,15,43213,23.206,169.618,159.448,171.198,1.435,759
167,94,0,0,0,2,0,23421,2.505,31.844,69.870,31.942,1.492,140
167,94,0,0,0,2,1,23427,2.628,31.837,73.518,31.945,1.488,140
167,94,0,0,0,2,2,23388,1.719,31.888,99.226,31.935,1.517,140
167,94,0,0,0,2,3,23426,2.517,31.843,101.345,31.943,1.492,140
167,94,0,0,0,2,4,23411,2.942,31.819,105.397,31.955,1.479,140
167,94,0,0,0,2,5,23419,2.256,31.858,111.478,31.938,1.500,140
167,94,0,0,0,2,6,23430,2.163,31.863,127.167,31.937,1.503,140
167,94,0,0,0,2,7,23410,2.154,31.864,133.345,31.936,1.503,140
167,94,0,0,0,2,8,23418,2.081,31.868,138.179,31.936,1.506,140
167,94,0,0,0,2,9,24152,2.058,31.373,143.277,31.441,1.505,156
167,94,0,0,0,2,10,24144,2.691,31.337,143.756,31.453,1.485,156
167,94,0,0,0,2,11,24147,2.460,31.351,161.639,31.447,1.492,156
167,94,0,0,0,2,12,24137,2.469,31.350,182.870,31.447,1.492,156
167,94,0,0,0,2,13,24848,1.891,31.383,288.441,31.440,1.511,188
167,94,0,0,0,2,14,24849,2.355,31.357,298.676,31.445,1.496,188
167,94,0,0,0,2,15,24846,2.966,31.322,310.301,31.462,1.476,188
167,94,0,0,0,4,0,29499,4.517,71.299,62.840,71.442,1.508,248
167,94,0,0,0,4,1,30295,5.806,71.849,73.975,72.083,1.490,280
167,94,0,0,0,4,2,30278,5.825,71.850,76.604,72.085,1.490,280
167,94,0,0,0,4,3,30288,6.957,71.897,82.447,72.233,1.474,280
167,94,0,0,0,4,4,30284,6.209,71.866,88.135,72.133,1.485,280
167,94,0,0,0,4,5,30274,3.991,71.773,121.406,71.884,1.515,280
167,94,0,0,0,4,6,30913,3.709,71.265,151.752,71.362,1.519,312
167,94,0,0,0,4,7,30917,4.887,71.315,168.353,71.482,1.502,312
167,94,0,0,0,4,8,30909,5.071,71.322,190.961,71.502,1.500,312
167,94,0,0,0,4,9,30914,3.851,71.271,206.894,71.375,1.517,312
167,94,0,0,0,4,10,31326,4.711,71.803,223.644,71.957,1.505,344
167,94,0,0,0,4,11,31325,6.016,71.858,228.010,72.109,1.487,344
167,94,0,0,0,4,12,31334,4.734,71.804,247.762,71.960,1.505,344
167,94,0,0,0,4,13,31327,5.462,71.834,261.431,72.042,1.495,344
167,94,0,0,0,4,14,31710,6.264,71.372,303.628,71.647,1.483,376
167,94,0,0,0,4,15,31705,4.622,71.304,324.357,71.453,1.506,376
167,94,0,0,0,6,0,36838,11.375,116.385,83.212,116.940,1.473,455
167,94,0,0,0,6,1,36830,8.125,116.126,132.861,116.410,1.501,455
167,94,0,0,0,6,2,36826,6.700,116.012,134.097,116.205,1.513,455
167,94,0,0,0,6,3,36832,10.789,116.339,134.166,116.838,1.478,455
167,94,0,0,0,6,4,37363,11.081,115.865,151.767,116.394,1.475,507
167,94,0,0,0,6,5,37361,8.487,115.658,162.669,115.969,1.498,507
167,94,0,0,0,6,6,37362,6.373,115.490,169.793,115.666,1.516,507
167,94,0,0,0,6,7,37794,7.163,116.049,228.238,116.270,1.509,559
167,94,0,0,0,6,8,37787,10.647,116.327,240.941,116.813,1.480,559
167,94,0,0,0,6,9,37795,6.202,115.973,275.481,116.139,1.517,559
167,94,0,0,0,6,10,38125,10.393,115.810,296.440,116.275,1.481,611
167,94,0,0,0,6,11,38121,6.392,115.491,311.759,115.668,1.516,611
167,94,0,0,0,6,12,38122,8.645,115.671,337.201,115.994,1.496,611
167,94,0,0,0,6,13,38439,9.136,116.207,361.958,116.566,1.492,663
167,94,0,0,0,6,14,38438,10.277,116.298,368.746,116.751,1.483,663
167,94,0,0,0,6,15,38433,8.527,116.158,374.742,116.471,1.498,663
167,94,0,0,0,8,0,42218,10.134,170.974,1.672,171.274,1.512,604
167,94,0,0,0,8,1,42223,11.587,171.060,36.638,171.452,1.503,604
167,94,0,0,0,8,2,42220,15.073,171.268,57.397,171.930,1.483,604
167,94,0,0,0,8,3,42747,14.333,171.720,69.422,172.317,1.488,682
167,94,0,0,0,8,4,42749,10.674,171.502,105.267,171.834,1.509,682
167,94,0,0,0,8,5,42752,12.555,171.614,117.348,172.073,1.498,682
167,94,0,0,0,8,6,43221,16.541,171.355,149.264,172.152,1.475,760
167,94,0,0,0,8,7,43220,14.118,171.211,173.993,171.792,1.489,760
167,94,0,0,0,8,8,43226,16.230,171.337,185.876,172.104,1.476,760
167,94,0,0,0,8,9,43223,9.348,170.927,207.492,171.182,1.516,760
167,94,0,0,0,8,10,43222,9.465,170.934,209.765,171.196,1.515,760
167,94,0,0,0,8,11,43623,14.730,171.743,252.088,172.373,1.485,838
167,94,0,0,0,8,12,44310,11.609,171.557,353.788,171.949,1.503,994
167,94,0,0,0,8,13,44313,10.802,171.509,363.116,171.849,1.508,994
167,94,0,0,0,8,14,44312,13.101,171.646,412.406,172.145,1.495,994
167,94,0,0,0,8,15,44595,16.830,171.372,430.871,172.196,1.473,1072
168,95,0,0,0,2,0,24164,0.161,31.480,188.142,31.481,1.566,156
168,95,0,0,0,2,1,24128,0.061,31.486,189.622,31.486,1.569,156
168,95,0,0,0,2,2,24200,0.313,33.415,193.413,33.416,1.561,157
168,95,0,0,0,2,3,24182,0.133,33.352,199.756,33.352,1.567,157
168,95,0,0,0,2,4,24180,0.039,33.319,200.803,33.319,1.570,157
168,95,0,0,0,2,5,24133,0.909,31.438,206.576,31.451,1.542,156
168,95,0,0,0,2,6,24620,0.907,31.934,209.947,31.947,1.542,172
168,95,0,0,0,2,7,24619,0.601,31.951,215.888,31.957,1.552,172
168,95,0,0,0,2,8,24650,0.973,34.170,224.696,34.184,1.542,173
168,95,0,0,0,2,9,24655,0.597,34.039,230.448,34.044,1.553,173
168,95,0,0,0,2,10,24611,1.157,31.920,235.645,31.941,1.535,172
168,95,0,0,0,2,11,24623,1.473,31.902,251.149,31.936,1.525,172
168,95,0,0,0,2,12,24636,1.127,34.224,252.404,34.243,1.538,173
168,95,0,0,0,2,13,24851,0.093,31.484,281.547,31.484,1.568,188
168,95,0,0,0,2,14,24856,0.115,33.346,297.659,33.346,1.567,189
168,95,0,0,0,2,15,24857,1.653,33.884,302.245,33.924,1.522,189
168,95,0,0,0,4,0,30906,1.973,71.193,142.280,71.220,1.543,312
168,95,0,0,0,4,1,30911,2.112,71.199,149.333,71.230,1.541,312
168,95,0,0,0,4,2,30902,0.507,71.131,162.558,71.133,1.564,312
168,95,0,0,0,4,3,30922,0.504,73.234,167.019,73.236,1.564,313
168,95,0,0,0,4,4,30910,3.297,71.248,206.876,71.324,1.525,312
168,95,0,0,0,4,5,30907,0.071,71.113,208.075,71.113,1.570,312
168,95,0,0,0,4,6,31333,0.045,71.608,209.579,71.608,1.570,344
168,95,0,0,0,4,7,31330,3.002,71.731,251.065,71.794,1.529,344
168,95,0,0,0,4,8,31337,0.420,73.723,264.962,73.725,1.565,345
168,95,0,0,0,4,9,31708,0.595,71.135,300.557,71.138,1.562,376
168,95,0,0,0,4,10,31724,0.375,73.203,309.400,73.204,1.566,377
168,95,0,0,0,4,11,31697,3.457,71.255,310.874,71.339,1.522,376
168,95,0,0,0,4,12,31701,2.698,71.223,330.146,71.274,1.533,376
168,95,0,0,0,4,13,31706,0.453,71.129,330.505,71.131,1.564,376
168,95,0,0,0,4,14,31711,2.845,71.229,336.409,71.286,1.531,376
168,95,0,0,0,4,15,31717,0.428,73.216,340.110,73.217,1.565,377
168,95,0,0,0,6,0,37360,0.907,115.054,158.421,115.058,1.563,507
168,95,0,0,0,6,1,37371,0.828,117.127,161.387,117.130,1.564,508
168,95,0,0,0,6,2,37366,3.183,115.235,175.511,115.279,1.543,507
168,95,0,0,0,6,3,37365,0.998,115.061,189.459,115.065,1.562,507
168,95,0,0,0,6,4,37368,0.839,117.129,192.863,117.132,1.564,508
168,95,0,0,0,6,5,37372,0.554,117.071,202.696,117.072,1.566,508
168,95,0,0,0,6,6,37792,1.354,115.586,223.692,115.594,1.559,559
168,95,0,0,0,6,7,37802,1.171,117.702,227.628,117.708,1.561,560
168,95,0,0,0,6,8,37788,3.409,115.750,228.922,115.800,1.541,559
168,95,0,0,0,6,9,37791,5.205,115.893,244.512,116.010,1.526,559
168,95,0,0,0,6,10,37786,0.121,115.488,256.396,115.488,1.570,559
168,95,0,0,0,6,11,37796,0.090,117.482,260.618,117.482,1.570,560
168,95,0,0,0,6,12,38120,1.711,115.118,289.460,115.131,1.556,611
168,95,0,0,0,6,13,38124,2.709,115.198,309.214,115.230,1.547,611
168,95,0,0,0,6,14,38436,3.456,115.754,377.985,115.806,1.541,663
168,95,0,0,0,6,15,38432,1.867,115.627,378.191,115.642,1.555,663
168,95,0,0,0,8,0,42229,7.609,172.822,2.684,172.989,1.527,605
168,95,0,0,0,8,1,42225,1.089,171.903,21.726,171.906,1.564,605
168,95,0,0,0,8,2,42757,0.595,172.334,88.394,172.335,1.567,683
168,95,0,0,0,8,3,42756,1.147,172.412,102.626,172.416,1.564,683
168,95,0,0,0,8,4,43227,8.243,170.861,170.460,171.060,1.523,760
168,95,0,0,0,8,5,43231,1.708,171.991,200.110,171.999,1.561,761
168,95,0,0,0,8,6,43624,1.690,172.488,227.972,172.496,1.561,839
168,95,0,0,0,8,7,43620,7.309,171.302,248.020,171.458,1.528,838
168,95,0,0,0,8,8,43628,3.958,172.808,250.041,172.853,1.548,839
168,95,0,0,0,8,9,43622,5.561,171.197,258.450,171.287,1.538,838
168,95,0,0,0,8,10,43626,5.652,173.047,261.198,173.139,1.538,839
168,95,0,0,0,8,11,44315,4.520,172.887,402.870,172.946,1.545,995
168,95,0,0,0,8,12,44314,6.350,171.244,403.028,171.362,1.534,994
168,95,0,0,0,8,13,44311,5.987,171.223,407.954,171.328,1.536,994
168,95,0,0,0,8,14,44316,5.946,173.088,412.435,173.190,1.536,995
168,95,0,0,0,8,15,44596,2.472,172.098,460.342,172.116,1.556,1073
169,96,0,0,1,2,0,24165,-1.393,31.568,144.151,31.599,1.615,156
169,96,0,0,1,2,1,24174,-1.559,32.761,149.058,32.798,1.618,157
169,96,0,0,1,2,2,24132,-1.087,31.551,152.342,31.569,1.605,156
169,96,0,0,1,2,3,24163,-0.408,31.512,152.853,31.515,1.584,156
169,96,0,0,1,2,4,24131,-0.888,31.539,153.802,31.552,1.599,156
169,96,0,0,1,2,5,24193,-1.195,32.888,158.910,32.910,1.607,157
169,96,0,0,1,2,6,24177,-0.350,33.183,160.577,33.185,1.581,157
169,96,0,0,1,2,7,24190,-0.987,32.961,160.939,32.975,1.601,157
169,96,0,0,1,2,8,24148,-1.487,31.573,162.324,31.608,1.618,156
169,96,0,0,1,2,9,24143,-0.139,31.497,162.617,31.498,1.575,156
169,96,0,0,1,2,10,24204,-1.520,32.774,168.599,32.809,1.617,157
169,96,0,0,1,2,11,24175,-0.098,33.271,171.876,33.272,1.574,157
169,96,0,0,1,2,12,24158,-0.738,31.531,180.190,31.540,1.594,156
169,96,0,0,1,2,13,24159,-1.177,31.556,184.052,31.578,1.608,156
169,96,0,0,1,2,14,24187,-0.846,33.010,189.136,33.021,1.596,157
169,96,0,0,1,2,15,24612,-0.971,32.040,219.927,32.055,1.601,172
169,96,0,0,1,4,0,30322,-1.446,73.270,76.109,73.285,1.591,281
169,96,0,0,1,4,1,30304,-1.614,73.230,78.306,73.247,1.593,281
169,96,0,0,1,4,2,30302,-3.084,72.873,79.658,72.938,1.613,281
169,96,0,0,1,4,3,30287,-1.004,71.564,81.498,71.571,1.585,280
169,96,0,0,1,4,4,30313,-1.247,73.319,83.492,73.329,1.588,281
169,96,0,0,1,4,5,30292,-0.512,71.584,91.180,71.586,1.578,280
169,96,0,0,1,4,6,30327,-3.340,72.811,106.689,72.887,1.617,281
169,96,0,0,1,4,7,30323,-1.665,73.217,113.039,73.236,1.594,281
169,96,0,0,1,4,8,30918,-3.350,72.299,141.547,72.376,1.617,313
169,96,0,0,1,4,9,30928,-2.509,72.503,142.198,72.546,1.605,313
169,96,0,0,1,4,10,30932,-3.076,72.365,192.015,72.431,1.613,313
169,96,0,0,1,4,11,30920,-2.021,72.621,195.273,72.649,1.599,313
169,96,0,0,1,4,12,30931,-2.070,72.609,196.070,72.639,1.599,313
169,96,0,0,1,4,13,31345,-0.036,73.613,215.627,73.613,1.571,345
169,96,0,0,1,4,14,31703,-0.727,71.080,287.634,71.083,1.581,376
169,96,0,0,1,4,15,31712,-0.525,72.984,295.377,72.986,1.578,377
169,96,0,0,1,6,0,36849,-4.370,116.576,108.798,116.658,1.608,456
169,96,0,0,1,6,1,36856,-2.074,117.043,114.909,117.061,1.589,456
169,96,0,0,1,6,2,36847,-5.362,116.375,125.707,116.498,1.617,456
169,96,0,0,1,6,3,37369,-4.750,115.994,167.171,116.091,1.612,508
169,96,0,0,1,6,4,37364,-0.879,114.911,200.490,114.914,1.578,507
169,96,0,0,1,6,5,37367,-1.227,116.709,203.813,116.715,1.581,508
169,96,0,0,1,6,6,37800,-1.377,117.184,237.666,117.192,1.583,560
169,96,0,0,1,6,7,37798,-1.108,117.239,243.407,117.244,1.580,560
169,96,0,0,1,6,8,37793,-1.298,115.375,245.412,115.382,1.582,559
169,96,0,0,1,6,9,37799,-1.622,117.134,249.167,117.145,1.585,560
169,96,0,0,1,6,10,37789,-0.600,115.430,279.338,115.432,1.576,559
169,96,0,0,1,6,11,38128,-2.015,116.549,310.480,116.566,1.588,612
169,96,0,0,1,6,12,38127,-2.985,116.352,345.149,116.390,1.596,612
169,96,0,0,1,6,13,38442,-2.024,117.053,357.063,117.071,1.588,664
169,96,0,0,1,6,14,38441,-3.489,116.755,364.390,116.807,1.601,664
169,96,0,0,1,6,15,38443,-5.121,116.423,387.243,116.536,1.615,664
169,96,0,0,1,8,0,43229,-0.985,171.611,175.711,171.614,1.577,761
169,96,0,0,1,8,1,43235,-8.007,172.496,176.357,172.682,1.617,762
169,96,0,0,1,8,2,43230,-6.677,170.809,185.772,170.939,1.610,761
169,96,0,0,1,8,3,43232,-3.978,171.189,187.373,171.235,1.594,761
169,96,0,0,1,8,4,43237,-7.129,172.693,187.910,172.840,1.612,762
169,96,0,0,1,8,5,43629,-6.158,173.418,229.679,173.527,1.606,840
169,96,0,0,1,8,6,43627,-2.436,171.907,239.862,171.924,1.585,839
169,96,0,0,1,8,7,43625,-5.906,171.418,244.745,171.520,1.605,839
169,96,0,0,1,8,8,43632,-5.935,173.468,247.613,173.569,1.605,840
169,96,0,0,1,8,9,43968,-4.794,171.074,281.771,171.141,1.599,917
169,96,0,0,1,8,10,43969,-4.511,171.114,332.273,171.173,1.597,917
169,96,0,0,1,8,11,44317,-1.155,172.087,375.966,172.091,1.578,995
169,96,0,0,1,8,12,44319,-6.492,173.344,380.872,173.466,1.608,996
169,96,0,0,1,8,13,44600,-6.005,172.945,442.960,173.049,1.606,1074
169,96,0,0,1,8,14,44597,-6.132,170.886,461.351,170.996,1.607,1073
169,96,0,0,1,8,15,44599,-6.544,172.824,466.686,172.948,1.609,1074
170,96,0,1,1,2,0,24165,-1.393,31.568,144.151,31.599,1.615,156
170,96,0,1,1,2,1,24174,-1.559,32.761,149.058,32.798,1.618,157
170,96,0,1,1,2,2,24132,-1.087,31.551,152.342,31.569,1.605,156
170,96,0,1,1,2,3,24163,-0.408,31.512,152.853,31.515,1.584,156
170,96,0,1,1,2,4,24131,-0.888,31.539,153.802,31.552,1.599,156
170,96,0,1,1,2,5,24193,-1.195,32.888,158.910,32.910,1.607,157
170,96,0,1,1,2,6,24177,-0.350,33.183,160.577,33.185,1.581,157
170,96,0,1,1,2,7,24190,-0.987,32.961,160.939,32.975,1.601,157
170,96,0,1,1,2,8,24148,-1.487,31.573,162.324,31.608,1.618,156
170,96,0,1,1,2,9,24143,-0.139,31.497,162.617,31.498,1.575,156
170,96,0,1,1,2,10,24204,-1.520,32.774,168.599,32.809,1.617,157
170,96,0,1,1,2,11,24175,-0.098,33.271,171.876,33.272,1.574,157
170,96,0,1,1,2,12,24158,-0.738,31.531,180.190,31.540,1.594,156
170,96,0,1,1,2,13,24159,-1.177,31.556,184.052,31.578,1.608,156
170,96,0,1,1,2,14,24187,-0.846,33.010,189.136,33.021,1.596,157
170,96,0,1,1,2,15,24612,-0.971,32.040,219.927,32.055,1.601,172
170,96,0,1,1,4,0,29513,-0.729,71.080,65.665,71.083,1.581,248
170,96,0,1,1,4,1,29520,-0.831,72.910,67.390,72.915,1.582,249
170,96,0,1,1,4,2,30322,-1.446,73.270,76.109,73.285,1.591,281
170,96,0,1,1,4,3,30304,-1.614,73.230,78.306,73.247,1.593,281
170,96,0,1,1,4,4,30302,-3.084,72.873,79.658,72.938,1.613,281
170,96,0,1,1,4,5,30287,-1.004,71.564,81.498,71.571,1.585,280
170,96,0,1,1,4,6,30313,-1.247,73.319,83.492,73.329,1.588,281
170,96,0,1,1,4,7,30292,-0.512,71.584,91.180,71.586,1.578,280
170,96,0,1,1,4,8,30327,-3.340,72.811,106.689,72.887,1.617,281
170,96,0,1,1,4,9,30323,-1.665,73.217,113.039,73.236,1.594,281
170,96,0,1,1,4,10,30918,-3.350,72.299,141.547,72.376,1.617,313
170,96,0,1,1,4,11,30928,-2.509,72.503,142.198,72.546,1.605,313
170,96,0,1,1,4,12,30932,-3.076,72.365,192.015,72.431,1.613,313
170,96,0,1,1,4,13,30920,-2.021,72.621,195.273,72.649,1.599,313
170,96,0,1,1,4,14,30931,-2.070,72.609,196.070,72.639,1.599,313
170,96,0,1,1,4,15,31345,-0.036,73.613,215.627,73.613,1.571,345
170,96,0,1,1,6,0,35469,-5.348,116.377,-14.754,116.500,1.617,352
170,96,0,1,1,6,1,35452,-5.104,116.427,-1.953,116.539,1.615,352
170,96,0,1,1,6,2,36214,-4.287,116.088,2.886,116.167,1.608,404
170,96,0,1,1,6,3,36205,-2.901,116.369,61.083,116.405,1.596,404
170,96,0,1,1,6,4,36827,-0.108,115.470,73.093,115.470,1.572,455
170,96,0,1,1,6,5,36852,-4.419,116.566,73.995,116.650,1.609,456
170,96,0,1,1,6,6,36851,-0.329,117.397,74.367,117.397,1.574,456
170,96,0,1,1,6,7,36860,-4.395,116.571,90.116,116.654,1.608,456
170,96,0,1,1,6,8,36835,-1.257,115.378,95.067,115.385,1.582,455
170,96,0,1,1,6,9,36854,-1.308,117.198,95.303,117.205,1.582,456
170,96,0,1,1,6,10,36843,-3.604,116.732,97.878,116.788,1.602,456
170,96,0,1,1,6,11,36849,-4.370,116.576,108.798,116.658,1.608,456
170,96,0,1,1,6,12,36856,-2.074,117.043,114.909,117.061,1.589,456
170,96,0,1,1,6,13,36847,-5.362,116.375,125.707,116.498,1.617,456
170,96,0,1,1,6,14,37369,-4.750,115.994,167.171,116.091,1.612,508
170,96,0,1,1,6,15,37364,-0.879,114.911,200.490,114.914,1.578,507
170,96,0,1,1,8,0,41636,-0.141,172.230,-25.522,172.230,1.572,527
170,96,0,1,1,8,1,42228,-8.000,170.623,32.891,170.810,1.618,605
170,96,0,1,1,8,2,42230,-7.822,172.538,33.116,172.715,1.616,606
170,96,0,1,1,8,3,42226,-6.094,170.891,38.606,171.000,1.606,605
170,96,0,1,1,8,4,42233,-6.003,172.946,39.112,173.050,1.605,606
170,96,0,1,1,8,5,42227,-0.247,171.715,53.749,171.715,1.572,605
170,96,0,1,1,8,6,42755,-8.154,171.101,72.444,171.295,1.618,683
170,96,0,1,1,8,7,42759,-0.395,172.194,109.548,172.194,1.573,683
170,96,0,1,1,8,8,42753,-7.073,171.253,112.646,171.399,1.612,683
170,96,0,1,1,8,9,42762,-7.492,173.119,113.967,173.281,1.614,684
170,96,0,1,1,8,10,42760,-2.023,171.965,127.450,171.977,1.583,683
170,96,0,1,1,8,11,42754,-6.180,171.379,127.862,171.490,1.607,683
170,96,0,1,1,8,12,43228,-1.326,171.563,139.519,171.568,1.579,761
170,96,0,1,1,8,13,42758,-1.295,172.067,139.897,172.072,1.578,683
170,96,0,1,1,8,14,43233,-3.891,171.202,174.635,171.246,1.594,761
170,96,0,1,1,8,15,43229,-0.985,171.611,175.711,171.614,1.577,761
171,96,0,2,0,2,0,24165,-1.393,31.568,144.151,31.599,1.615,156
171,96,0,2,0,2,1,24174,-1.559,32.761,149.058,32.798,1.618,157
171,96,0,2,0,2,2,24132,-1.087,31.551,152.342,31.569,1.605,156
171,96,0,2,0,2,3,24163,-0.408,31.512,152.853,31.515,1.584,156
171,96,0,2,0,2,4,24131,-0.888,31.539,153.802,31.552,1.599,156
171,96,0,2,0,2,5,24193,-1.195,32.888,158.910,32.910,1.607,157
171,96,0,2,0,2,6,24177,-0.350,33.183,160.577,33.185,1.581,157
171,96,0,2,0,2,7,24190,-0.987,32.961,160.939,32.975,1.601,157
171,96,0,2,0,2,8,24148,-1.487,31.573,162.324,31.608,1.618,156
171,96,0,2,0,2,9,24143,-0.139,31.497,162.617,31.498,1.575,156
171,96,0,2,0,2,10,24204,-1.520,32.774,168.599,32.809,1.617,157
171,96,0,2,0,2,11,24175,-0.098,33.271,171.876,33.272,1.574,157
171,96,0,2,0,2,12,24158,-0.738,31.531,180.190,31.540,1.594,156
171,96,0,2,0,2,13,24159,-1.177,31.556,184.052,31.578,1.608,156
171,96,0,2,0,2,14,24187,-0.846,33.010,189.136,33.021,1.596,157
171,96,0,2,0,2,15,24612,-0.971,32.040,219.927,32.055,1.601,172
171,96,0,2,0,4,0,29504,-0.403,71.093,56.941,71.094,1.576,248
171,96,0,2,0,4,1,29535,-0.280,73.044,58.719,73.045,1.575,249
171,96,0,2,0,4,2,29508,-0.604,71.085,59.705,71.087,1.579,248
171,96,0,2,0,4,3,29534,-0.700,72.942,60.951,72.945,1.580,249
171,96,0,2,0,4,4,29513,-0.729,71.080,65.665,71.083,1.581,248
171,96,0,2,0,4,5,29520,-0.831,72.910,67.390,72.915,1.582,249
171,96,0,2,0,4,6,30322,-1.446,73.270,76.109,73.285,1.591,281
171,96,0,2,0,4,7,30304,-1.614,73.230,78.306,73.247,1.593,281
171,96,0,2,0,4,8,30302,-3.084,72.873,79.658,72.938,1.613,281
171,96,0,2,0,4,9,30287,-1.004,71.564,81.498,71.571,1.585,280
171,96,0,2,0,4,10,30313,-1.247,73.319,83.492,73.329,1.588,281
171,96,0,2,0,4,11,30292,-0.512,71.584,91.180,71.586,1.578,280
171,96,0,2,0,4,12,30327,-3.340,72.811,106.689,72.887,1.617,281
171,96,0,2,0,4,13,30323,-1.665,73.217,113.039,73.236,1.594,281
171,96,0,2,0,4,14,30918,-3.350,72.299,141.547,72.376,1.617,313
171,96,0,2,0,4,15,30928,-2.509,72.503,142.198,72.546,1.605,313
171,96,0,2,0,6,0,34043,-1.213,117.217,-149.524,117.223,1.581,248
171,96,0,2,0,6,1,34032,-1.051,115.394,-147.189,115.399,1.580,247
171,96,0,2,0,6,2,34664,-3.347,116.279,-100.059,116.327,1.600,300
171,96,0,2,0,6,3,34666,-1.457,116.663,-98.745,116.672,1.583,300
171,96,0,2,0,6,4,34665,-2.830,116.384,-93.783,116.418,1.595,300
171,96,0,2,0,6,5,34677,-4.138,116.118,-90.189,116.192,1.606,300
171,96,0,2,0,6,6,34670,-3.429,116.262,-71.861,116.313,1.600,300
171,96,0,2,0,6,7,34668,-5.311,115.880,-70.743,116.002,1.617,300
171,96,0,2,0,6,8,35465,-3.338,116.786,-60.829,116.834,1.599,352
171,96,0,2,0,6,9,35456,-4.489,116.552,-52.032,116.638,1.609,352
171,96,0,2,0,6,10,35461,-4.999,116.448,-45.395,116.555,1.614,352
171,96,0,2,0,6,11,35469,-5.348,116.377,-14.754,116.500,1.617,352
171,96,0,2,0,6,12,35452,-5.104,116.427,-1.953,116.539,1.615,352
171,96,0,2,0,6,13,36214,-4.287,116.088,2.886,116.167,1.608,404
171,96,0,2,0,6,14,36205,-2.901,116.369,61.083,116.405,1.596,404
171,96,0,2,0,6,15,36827,-0.108,115.470,73.093,115.470,1.572,455
171,96,0,2,0,8,0,40496,-7.865,171.142,-155.368,171.323,1.617,371
171,96,0,2,0,8,1,40492,-1.920,171.979,-153.949,171.990,1.582,371
171,96,0,2,0,8,2,41013,-2.123,171.451,-136.394,171.464,1.583,449
171,96,0,2,0,8,3,41019,-7.574,172.593,-131.455,172.759,1.615,450
171,96,0,2,0,8,4,41012,-7.291,170.723,-129.440,170.879,1.613,449
171,96,0,2,0,8,5,41011,-1.637,171.519,-122.978,171.527,1.580,449
171,96,0,2,0,8,6,41014,-1.482,171.541,-95.569,171.547,1.579,449
171,96,0,2,0,8,7,41018,-0.587,171.667,-85.371,171.668,1.574,449
171,96,0,2,0,8,8,41016,-1.574,171.528,-78.657,171.535,1.580,449
171,96,0,2,0,8,9,41633,-3.593,171.744,-58.697,171.782,1.592,527
171,96,0,2,0,8,10,41642,-6.985,173.233,-52.607,173.374,1.611,528
171,96,0,2,0,8,11,41635,-7.025,171.260,-52.078,171.404,1.612,527
171,96,0,2,0,8,12,41632,-0.734,172.147,-42.264,172.149,1.575,527
171,96,0,2,0,8,13,41645,-7.605,173.094,-38.716,173.261,1.615,528
171,96,0,2,0,8,14,41634,-6.839,171.286,-38.216,171.422,1.611,527
171,96,0,2,0,8,15,41636,-0.141,172.230,-25.522,172.230,1.572,527
172,97,0,0,1,2,0,23460,-2.169,33.072,86.326,33.143,1.636,141
172,97,0,0,1,2,1,23501,-2.086,33.101,130.891,33.166,1.634,141
172,97,0,0,1,2,2,23499,-3.046,32.765,131.654,32.906,1.663,141
172,97,0,0,1,2,3,23469,-2.950,32.798,131.992,32.931,1.661,141
172,97,0,0,1,2,4,23475,-2.813,32.847,133.168,32.967,1.656,141
172,97,0,0,1,2,5,23484,-2.490,32.959,133.213,33.053,1.646,141
172,97,0,0,1,2,6,23491,-3.134,32.734,138.977,32.884,1.666,141
172,97,0,0,1,2,7,24185,-2.662,32.375,151.877,32.484,1.653,157
172,97,0,0,1,2,8,24192,-2.744,32.346,171.182,32.462,1.655,157
172,97,0,0,1,2,9,24210,-2.765,32.339,180.056,32.457,1.656,157
172,97,0,0,1,2,10,24171,-1.798,32.677,191.791,32.726,1.626,157
172,97,0,0,1,2,11,24196,-2.812,32.322,195.305,32.444,1.658,157
172,97,0,0,1,2,12,24638,-2.559,32.935,230.763,33.035,1.648,173
172,97,0,0,1,2,13,24630,-3.210,32.708,253.286,32.865,1.669,173
172,97,0,0,1,2,14,24855,-2.214,32.532,284.515,32.607,1.639,189
172,97,0,0,1,2,15,24862,-1.846,32.660,285.257,32.712,1.627,189
172,97,0,0,1,4,0,29529,-5.310,71.823,69.151,72.019,1.645,249
172,97,0,0,1,4,1,30303,-5.295,72.336,69.672,72.529,1.644,281
172,97,0,0,1,4,2,29525,-4.862,71.932,70.428,72.096,1.638,249
172,97,0,0,1,4,3,30301,-4.910,72.429,70.931,72.596,1.638,281
172,97,0,0,1,4,4,30311,-6.961,71.931,72.603,72.267,1.667,281
172,97,0,0,1,4,5,30318,-4.697,72.481,76.326,72.633,1.636,281
172,97,0,0,1,4,6,30315,-5.462,72.295,84.335,72.501,1.646,281
172,97,0,0,1,4,7,30307,-4.597,72.505,107.992,72.651,1.634,281
172,97,0,0,1,4,8,30324,-6.264,72.101,133.293,72.372,1.657,281
172,97,0,0,1,4,9,30933,-7.012,71.410,210.655,71.753,1.669,313
172,97,0,0,1,4,10,31340,-7.047,71.911,212.226,72.255,1.668,345
172,97,0,0,1,4,11,31338,-4.952,72.419,220.364,72.588,1.639,345
172,97,0,0,1,4,12,31719,-5.404,71.800,281.102,72.003,1.646,377
172,97,0,0,1,4,13,31721,-6.511,71.531,314.298,71.827,1.662,377
172,97,0,0,1,4,14,31725,-6.623,71.504,316.599,71.810,1.663,377
172,97,0,0,1,4,15,31726,-3.872,72.172,350.130,72.276,1.624,377
172,97,0,0,1,6,0,36207,-6.647,115.608,25.046,115.799,1.628,404
172,97,0,0,1,6,1,36210,-11.010,114.722,26.241,115.249,1.666,404
172,97,0,0,1,6,2,36206,-8.746,115.182,29.870,115.514,1.647,404
172,97,0,0,1,6,3,36213,-9.873,114.953,40.623,115.376,1.656,404
172,97,0,0,1,6,4,36212,-6.997,115.537,64.329,115.749,1.631,404
172,97,0,0,1,6,5,36850,-9.805,115.472,74.550,115.888,1.656,456
172,97,0,0,1,6,6,36858,-7.074,116.027,85.458,116.242,1.632,456
172,97,0,0,1,6,7,36855,-10.089,115.414,114.148,115.854,1.658,456
172,97,0,0,1,6,8,36859,-9.727,115.488,116.099,115.897,1.655,456
172,97,0,0,1,6,9,36857,-7.515,115.937,120.030,116.180,1.636,456
172,97,0,0,1,6,10,36848,-7.421,115.956,131.256,116.193,1.635,456
172,97,0,0,1,6,11,36844,-10.442,115.343,132.623,115.815,1.661,456
172,97,0,0,1,6,12,37797,-8.578,115.721,213.173,116.038,1.645,560
172,97,0,0,1,6,13,38126,-6.482,115.642,322.292,115.824,1.627,612
172,97,0,0,1,6,14,38131,-9.840,114.960,338.765,115.380,1.656,612
172,97,0,0,1,6,15,38705,-6.271,115.685,449.073,115.855,1.625,716
172,97,0,0,1,8,0,42767,-11.012,172.330,80.033,172.681,1.635,684
172,97,0,0,1,8,1,42766,-11.242,172.278,92.712,172.644,1.636,684
172,97,0,0,1,8,2,42763,-9.875,172.585,110.843,172.867,1.628,684
172,97,0,0,1,8,3,42761,-12.535,171.989,127.200,172.445,1.644,684
172,97,0,0,1,8,4,43236,-12.165,171.564,161.134,171.995,1.642,762
172,97,0,0,1,8,5,43239,-11.683,171.672,171.887,172.069,1.639,762
172,97,0,0,1,8,6,43238,-15.408,170.837,197.283,171.530,1.661,762
172,97,0,0,1,8,7,43630,-16.805,171.031,219.716,171.855,1.669,840
172,97,0,0,1,8,8,43972,-15.765,170.757,305.588,171.483,1.663,918
172,97,0,0,1,8,9,43973,-9.239,172.220,311.400,172.468,1.624,918
172,97,0,0,1,8,10,43970,-10.119,172.023,316.016,172.320,1.630,918
172,97,0,0,1,8,11,44318,-11.002,172.332,361.942,172.683,1.635,996
172,97,0,0,1,8,12,44321,-16.000,171.212,365.725,171.958,1.664,996
172,97,0,0,1,8,13,44320,-16.308,171.143,368.471,171.918,1.666,996
172,97,0,0,1,8,14,44602,-13.422,171.282,429.199,171.807,1.649,1074
172,97,0,0,1,8,15,44601,-14.031,171.146,435.935,171.720,1.653,1074
173,97,0,1,0,2,0,23460,-2.169,33.072,86.326,33.143,1.636,141
173,97,0,1,0,2,1,23501,-2.086,33.101,130.891,33.166,1.634,141
173,97,0,1,0,2,2,23499,-3.046,32.765,131.654,32.906,1.663,141
173,97,0,1,0,2,3,23469,-2.950,32.798,131.992,32.931,1.661,141
173,97,0,1,0,2,4,23475,-2.813,32.847,133.168,32.967,1.656,141
173,97,0,1,0,2,5,23484,-2.490,32.959,133.213,33.053,1.646,141
173,97,0,1,0,2,6,23491,-3.134,32.734,138.977,32.884,1.666,141
173,97,0,1,0,2,7,24185,-2.662,32.375,151.877,32.484,1.653,157
173,97,0,1,0,2,8,24192,-2.744,32.346,171.182,32.462,1.655,157
173,97,0,1,0,2,9,24210,-2.765,32.339,180.056,32.457,1.656,157
173,97,0,1,0,2,10,24171,-1.798,32.677,191.791,32.726,1.626,157
173,97,0,1,0,2,11,24196,-2.812,32.322,195.305,32.444,1.658,157
173,97,0,1,0,2,12,24638,-2.559,32.935,230.763,33.035,1.648,173
173,97,0,1,0,2,13,24630,-3.210,32.708,253.286,32.865,1.669,173
173,97,0,1,0,2,14,24855,-2.214,32.532,284.515,32.607,1.639,189
173,97,0,1,0,2,15,24862,-1.846,32.660,285.257,32.712,1.627,189
173,97,0,1,0,4,0,29537,-4.524,72.014,14.134,72.156,1.634,249
173,97,0,1,0,4,1,29538,-4.379,72.049,21.588,72.182,1.632,249
173,97,0,1,0,4,2,29544,-4.737,71.962,45.629,72.118,1.637,249
173,97,0,1,0,4,3,29540,-6.069,71.638,48.993,71.895,1.655,249
173,97,0,1,0,4,4,29529,-5.310,71.823,69.151,72.019,1.645,249
173,97,0,1,0,4,5,30303,-5.295,72.336,69.672,72.529,1.644,281
173,97,0,1,0,4,6,29525,-4.862,71.932,70.428,72.096,1.638,249
173,97,0,1,0,4,7,30301,-4.910,72.429,70.931,72.596,1.638,281
173,97,0,1,0,4,8,30311,-6.961,71.931,72.603,72.267,1.667,281
173,97,0,1,0,4,9,30318,-4.697,72.481,76.326,72.633,1.636,281
173,97,0,1,0,4,10,30315,-5.462,72.295,84.335,72.501,1.646,281
173,97,0,1,0,4,11,30307,-4.597,72.505,107.992,72.651,1.634,281
173,97,0,1,0,4,12,30324,-6.264,72.101,133.293,72.372,1.657,281
173,97,0,1,0,4,13,30933,-7.012,71.410,210.655,71.753,1.669,313
173,97,0,1,0,4,14,31340,-7.047,71.911,212.226,72.255,1.668,345
173,97,0,1,0,4,15,31338,-4.952,72.419,220.364,72.588,1.639,345
173,97,0,1,0,6,0,35453,-7.667,115.906,-16.916,116.159,1.637,352
173,97,0,1,0,6,1,35466,-8.118,115.815,-6.116,116.099,1.641,352
173,97,0,1,0,6,2,35458,-9.821,115.469,-4.597,115.886,1.656,352
173,97,0,1,0,6,3,36211,-10.753,114.774,3.641,115.277,1.664,404
173,97,0,1,0,6,4,36207,-6.647,115.608,25.046,115.799,1.628,404
173,97,0,1,0,6,5,36210,-11.010,114.722,26.241,115.249,1.666,404
173,97,0,1,0,6,6,36206,-8.746,115.182,29.870,115.514,1.647,404
173,97,0,1,0,6,7,36213,-9.873,114.953,40.623,115.376,1.656,404
173,97,0,1,0,6,8,36212,-6.997,115.537,64.329,115.749,1.631,404
173,97,0,1,0,6,9,36850,-9.805,115.472,74.550,115.888,1.656,456
173,97,0,1,0,6,10,36858,-7.074,116.027,85.458,116.242,1.632,456
173,97,0,1,0,6,11,36855,-10.089,115.414,114.148,115.854,1.658,456
173,97,0,1,0,6,12,36859,-9.727,115.488,116.099,115.897,1.655,456
173,97,0,1,0,6,13,36857,-7.515,115.937,120.030,116.180,1.636,456
173,97,0,1,0,6,14,36848,-7.421,115.956,131.256,116.193,1.635,456
173,97,0,1,0,6,15,36844,-10.442,115.343,132.623,115.815,1.661,456
173,97,0,1,0,8,0,40499,-10.097,172.535,-181.259,172.830,1.629,372
173,97,0,1,0,8,1,40502,-15.268,171.376,-139.579,172.055,1.660,372
173,97,0,1,0,8,2,41027,-15.131,170.899,-139.172,171.567,1.659,450
173,97,0,1,0,8,3,41022,-10.743,171.883,-106.092,172.218,1.633,450
173,97,0,1,0,8,4,41020,-10.397,171.961,-101.679,172.275,1.631,450
173,97,0,1,0,8,5,41026,-11.168,171.788,-88.312,172.151,1.636,450
173,97,0,1,0,8,6,41021,-13.917,171.171,-83.082,171.736,1.652,450
173,97,0,1,0,8,7,41025,-10.742,171.883,-77.322,172.218,1.633,450
173,97,0,1,0,8,8,41643,-12.351,172.030,-61.633,172.473,1.642,528
173,97,0,1,0,8,9,41640,-13.224,171.834,-58.055,172.342,1.648,528
173,97,0,1,0,8,10,41648,-16.687,171.058,-20.853,171.870,1.668,528
173,97,0,1,0,8,11,41646,-15.332,171.362,-5.328,172.046,1.660,528
173,97,0,1,0,8,12,41649,-11.752,172.164,-5.047,172.565,1.639,528
173,97,0,1,0,8,13,41644,-12.322,172.036,-1.053,172.477,1.642,528
173,97,0,1,0,8,14,42234,-12.308,171.532,35.389,171.973,1.642,606
173,97,0,1,0,8,15,42767,-11.012,172.330,80.033,172.681,1.635,684
174,98,0,0,0,2,0,22321,-4.487,31.737,47.246,32.052,1.711,125
174,98,0,0,0,2,1,22380,-3.724,32.004,51.799,32.220,1.687,125
174,98,0,0,0,2,2,23493,-3.800,32.502,89.974,32.723,1.687,141
174,98,0,0,0,2,3,23487,-3.562,32.585,96.257,32.779,1.680,141
174,98,0,0,0,2,4,23459,-4.133,32.385,96.576,32.648,1.698,141
174,98,0,0,0,2,5,23455,-3.684,32.542,98.753,32.750,1.684,141
174,98,0,0,0,2,6,24197,-3.832,31.966,144.192,32.195,1.690,157
174,98,0,0,0,2,7,24198,-3.198,32.187,149.865,32.346,1.670,157
174,98,0,0,0,2,8,24201,-4.114,31.867,170.230,32.132,1.699,157
174,98,0,0,0,2,9,24202,-3.332,32.141,181.221,32.313,1.674,157
174,98,0,0,0,2,10,24207,-3.982,31.913,204.600,32.161,1.695,157
174,98,0,0,0,2,11,24191,-4.421,31.760,205.958,32.066,1.709,157
174,98,0,0,0,2,12,24633,-4.499,32.257,209.576,32.569,1.709,173
174,98,0,0,0,2,13,24649,-3.490,32.610,232.731,32.796,1.677,173
174,98,0,0,0,2,14,24645,-4.423,32.283,256.347,32.585,1.707,173
174,98,0,0,0,2,15,24861,-3.462,32.095,304.881,32.281,1.678,189
174,98,0,0,0,4,0,30305,-9.371,71.346,86.774,71.959,1.701,281
174,98,0,0,0,4,1,30308,-9.754,71.253,110.815,71.918,1.707,281
174,98,0,0,0,4,2,30325,-10.138,71.160,113.524,71.879,1.712,281
174,98,0,0,0,4,3,30309,-7.878,71.709,120.300,72.140,1.680,281
174,98,0,0,0,4,4,30926,-9.121,70.897,144.308,71.482,1.699,313
174,98,0,0,0,4,5,30930,-9.812,70.730,153.609,71.407,1.709,313
174,98,0,0,0,4,6,30921,-7.127,71.382,174.935,71.736,1.670,313
174,98,0,0,0,4,7,30923,-7.771,71.225,198.132,71.648,1.679,313
174,98,0,0,0,4,8,30927,-8.860,70.961,205.274,71.512,1.695,313
174,98,0,0,0,4,9,30925,-9.522,70.800,208.812,71.438,1.704,313
174,98,0,0,0,4,10,31339,-9.590,71.293,210.250,71.935,1.705,345
174,98,0,0,0,4,11,31336,-7.283,71.853,224.607,72.221,1.672,345
174,98,0,0,0,4,12,31343,-7.762,71.737,230.970,72.156,1.679,345
174,98,0,0,0,4,13,31723,-10.427,70.580,286.538,71.346,1.717,377
174,98,0,0,0,4,14,31715,-7.884,71.198,299.836,71.633,1.681,377
174,98,0,0,0,4,15,31720,-7.883,71.198,308.757,71.633,1.681,377
174,98,0,0,0,6,0,36866,-13.918,116.687,88.892,117.514,1.690,457
174,98,0,0,0,6,1,36864,-16.430,115.852,96.476,117.011,1.712,457
174,98,0,0,0,6,2,36846,-15.144,114.387,115.376,115.385,1.702,456
174,98,0,0,0,6,3,36870,-15.072,116.303,117.360,117.276,1.700,457
174,98,0,0,0,6,4,36862,-14.852,114.447,132.004,115.407,1.700,456
174,98,0,0,0,6,5,36867,-15.367,116.205,134.021,117.217,1.702,457
174,98,0,0,0,6,6,37385,-16.861,115.186,146.189,116.414,1.716,509
174,98,0,0,0,6,7,37388,-15.963,115.485,174.675,116.583,1.708,509
174,98,0,0,0,6,8,37370,-11.294,114.664,195.876,115.219,1.669,508
174,98,0,0,0,6,9,37803,-11.462,115.135,239.398,115.704,1.670,560
174,98,0,0,0,6,10,37801,-13.682,114.684,247.947,115.497,1.690,560
174,98,0,0,0,6,11,37805,-13.824,116.719,252.305,117.535,1.689,561
174,98,0,0,0,6,12,37806,-14.302,116.560,270.217,117.434,1.693,561
174,98,0,0,0,6,13,38129,-13.787,114.158,281.158,114.988,1.691,612
174,98,0,0,0,6,14,38136,-14.135,116.093,285.989,116.950,1.692,613
174,98,0,0,0,6,15,38130,-14.389,114.036,289.583,114.940,1.696,612
174,98,0,0,0,8,0,42236,-19.086,170.013,65.303,171.081,1.683,606
174,98,0,0,0,8,1,42231,-18.508,170.142,70.194,171.146,1.679,606
174,98,0,0,0,8,2,42765,-18.546,170.641,70.439,171.646,1.679,684
174,98,0,0,0,8,3,42764,-19.369,170.457,113.596,171.554,1.684,684
174,98,0,0,0,8,4,42770,-24.500,170.992,115.933,172.738,1.713,685
174,98,0,0,0,8,5,42768,-25.157,170.788,118.206,172.631,1.717,685
174,98,0,0,0,8,6,43234,-21.996,169.360,147.506,170.782,1.700,762
174,98,0,0,0,8,7,43247,-22.172,171.196,149.233,172.626,1.700,763
174,98,0,0,0,8,8,43240,-18.986,170.035,169.243,171.092,1.682,762
174,98,0,0,0,8,9,43639,-22.473,171.621,213.352,173.086,1.701,841
174,98,0,0,0,8,10,43631,-20.231,170.263,261.282,171.461,1.689,840
174,98,0,0,0,8,11,43634,-20.352,172.280,264.466,173.478,1.688,841
174,98,0,0,0,8,12,43633,-20.253,170.258,269.877,171.458,1.689,840
174,98,0,0,0,8,13,43641,-20.218,172.321,273.096,173.503,1.688,841
174,98,0,0,0,8,14,43971,-21.545,169.461,332.691,170.825,1.697,918
174,98,0,0,0,8,15,43975,-21.608,171.371,336.449,172.728,1.696,919
175,99,0,0,1,2,0,23476,-5.110,32.044,87.904,32.448,1.729,141
175,99,0,0,1,2,1,23445,-6.007,31.730,100.406,32.293,1.758,141
175,99,0,0,1,2,2,23482,-5.180,32.019,101.192,32.435,1.731,141
175,99,0,0,1,2,3,23492,-5.889,31.771,110.236,32.312,1.754,141
175,99,0,0,1,2,4,23477,-5.037,32.069,110.326,32.462,1.727,141
175,99,0,0,1,2,5,23488,-6.257,31.642,129.452,32.255,1.766,141
175,99,0,0,1,2,6,23447,-5.405,31.940,130.161,32.394,1.738,141
175,99,0,0,1,2,7,23486,-6.232,31.651,135.337,32.259,1.765,141
175,99,0,0,1,2,8,24183,-5.508,31.380,163.928,31.860,1.745,157
175,99,0,0,1,2,9,24186,-6.025,31.199,169.134,31.775,1.762,157
175,99,0,0,1,2,10,24206,-5.106,31.520,175.359,31.931,1.731,157
175,99,0,0,1,2,11,24194,-5.788,31.282,208.683,31.813,1.754,157
175,99,0,0,1,2,12,24637,-5.875,31.776,211.958,32.314,1.754,173
175,99,0,0,1,2,13,24639,-5.296,31.978,254.157,32.414,1.735,173
175,99,0,0,1,2,14,24631,-5.243,31.997,255.387,32.424,1.733,173
175,99,0,0,1,2,15,24865,-5.066,31.535,282.470,31.939,1.730,189
175,99,0,0,1,4,0,30338,-14.066,72.344,72.169,73.699,1.763,282
175,99,0,0,1,4,1,30326,-12.096,70.685,82.071,71.712,1.740,281
175,99,0,0,1,4,2,30316,-12.880,70.494,98.069,71.661,1.752,281
175,99,0,0,1,4,3,30319,-10.934,70.967,104.148,71.804,1.724,281
175,99,0,0,1,4,4,30312,-13.363,70.377,111.888,71.634,1.758,281
175,99,0,0,1,4,5,30341,-13.708,72.511,115.104,73.795,1.758,282
175,99,0,0,1,4,6,30300,-12.974,70.472,136.656,71.656,1.753,281
175,99,0,0,1,4,7,30943,-13.252,72.176,139.913,73.383,1.752,314
175,99,0,0,1,4,8,30919,-12.258,70.136,143.530,71.199,1.744,313
175,99,0,0,1,4,9,30929,-12.204,70.149,151.127,71.203,1.743,313
175,99,0,0,1,4,10,30924,-11.094,70.418,209.678,71.287,1.727,313
175,99,0,0,1,4,11,31346,-11.232,70.894,209.703,71.779,1.728,345
175,99,0,0,1,4,12,31347,-13.456,70.355,233.584,71.630,1.760,345
175,99,0,0,1,4,13,31355,-13.877,72.432,240.238,73.750,1.760,346
175,99,0,0,1,4,14,31713,-12.535,70.069,284.730,71.181,1.748,377
175,99,0,0,1,4,15,31994,-13.683,70.299,369.916,71.619,1.763,409
175,99,0,0,1,6,0,36871,-20.733,114.420,107.266,116.283,1.750,457
175,99,0,0,1,6,1,37376,-20.881,113.848,155.026,115.747,1.752,509
175,99,0,0,1,6,2,37379,-19.346,114.359,175.904,115.984,1.738,509
175,99,0,0,1,6,3,37381,-19.664,114.254,177.785,115.934,1.741,509
175,99,0,0,1,6,4,37382,-19.655,114.257,182.270,115.935,1.741,509
175,99,0,0,1,6,5,37386,-18.825,114.533,182.562,116.070,1.734,509
175,99,0,0,1,6,6,37378,-18.525,114.633,193.434,116.120,1.731,509
175,99,0,0,1,6,7,37375,-20.506,113.973,210.972,115.803,1.749,509
175,99,0,0,1,6,8,37807,-20.576,114.472,210.997,116.307,1.749,561
175,99,0,0,1,6,9,37804,-22.515,113.827,224.505,116.032,1.766,561
175,99,0,0,1,6,10,37808,-21.018,114.325,238.858,116.241,1.753,561
175,99,0,0,1,6,11,38135,-17.258,115.054,345.651,116.341,1.720,613
175,99,0,0,1,6,12,38447,-18.881,115.036,354.203,116.575,1.733,665
175,99,0,0,1,6,13,38445,-22.495,113.833,372.888,116.034,1.766,665
175,99,0,0,1,6,14,38451,-22.627,113.789,372.997,116.017,1.767,665
175,99,0,0,1,6,15,38710,-22.394,113.345,456.277,115.536,1.766,717
175,99,0,0,1,8,0,43243,-30.889,168.489,174.446,171.297,1.752,763
175,99,0,0,1,8,1,43241,-31.265,168.372,183.823,171.250,1.754,763
175,99,0,0,1,8,2,43244,-32.080,168.119,196.253,171.152,1.759,763
175,99,0,0,1,8,3,43635,-32.480,168.513,211.611,171.615,1.761,841
175,99,0,0,1,8,4,43637,-28.186,169.847,220.864,172.170,1.735,841
175,99,0,0,1,8,5,43645,-30.716,169.061,227.487,171.829,1.751,841
175,99,0,0,1,8,6,43640,-26.888,170.250,239.608,172.360,1.727,841
175,99,0,0,1,8,7,43638,-25.682,170.625,261.936,172.547,1.720,841
175,99,0,0,1,8,8,43642,-27.433,170.081,268.549,172.279,1.731,841
175,99,0,0,1,8,9,43974,-28.655,169.183,330.314,171.593,1.739,919
175,99,0,0,1,8,10,43976,-28.269,169.303,342.032,171.647,1.736,919
175,99,0,0,1,8,11,44324,-32.807,168.412,355.998,171.578,1.763,997
175,99,0,0,1,8,12,44322,-32.359,168.551,403.703,171.629,1.760,997
175,99,0,0,1,8,13,44323,-25.666,170.629,406.894,172.549,1.720,997
175,99,0,0,1,8,14,44604,-25.445,170.180,421.206,172.072,1.719,1075
175,99,0,0,1,8,15,44603,-31.847,168.192,448.569,171.181,1.758,1075
176,99,0,1,0,2,0,23476,-5.110,32.044,87.904,32.448,1.729,141
176,99,0,1,0,2,1,23445,-6.007,31.730,100.406,32.293,1.758,141
176,99,0,1,0,2,2,23482,-5.180,32.019,101.192,32.435,1.731,141
176,99,0,1,0,2,3,23492,-5.889,31.771,110.236,32.312,1.754,141
176,99,0,1,0,2,4,23477,-5.037,32.069,110.326,32.462,1.727,141
176,99,0,1,0,2,5,23488,-6.257,31.642,129.452,32.255,1.766,141
176,99,0,1,0,2,6,23447,-5.405,31.940,130.161,32.394,1.738,141
176,99,0,1,0,2,7,23486,-6.232,31.651,135.337,32.259,1.765,141
176,99,0,1,0,2,8,24183,-5.508,31.380,163.928,31.860,1.745,157
176,99,0,1,0,2,9,24186,-6.025,31.199,169.134,31.775,1.762,157
176,99,0,1,0,2,10,24206,-5.106,31.520,175.359,31.931,1.731,157
176,99,0,1,0,2,11,24194,-5.788,31.282,208.683,31.813,1.754,157
176,99,0,1,0,2,12,24637,-5.875,31.776,211.958,32.314,1.754,173
176,99,0,1,0,2,13,24639,-5.296,31.978,254.157,32.414,1.735,173
176,99,0,1,0,2,14,24631,-5.243,31.997,255.387,32.424,1.733,173
176,99,0,1,0,2,15,24865,-5.066,31.535,282.470,31.939,1.730,189
176,99,0,1,0,4,0,29528,-13.814,69.758,69.499,71.113,1.766,249
176,99,0,1,0,4,1,30306,-13.861,70.256,70.020,71.610,1.766,281
176,99,0,1,0,4,2,30338,-14.066,72.344,72.169,73.699,1.763,282
176,99,0,1,0,4,3,30326,-12.096,70.685,82.071,71.712,1.740,281
176,99,0,1,0,4,4,30316,-12.880,70.494,98.069,71.661,1.752,281
176,99,0,1,0,4,5,30319,-10.934,70.967,104.148,71.804,1.724,281
176,99,0,1,0,4,6,30312,-13.363,70.377,111.888,71.634,1.758,281
176,99,0,1,0,4,7,30341,-13.708,72.511,115.104,73.795,1.758,282
176,99,0,1,0,4,8,30300,-12.974,70.472,136.656,71.656,1.753,281
176,99,0,1,0,4,9,30943,-13.252,72.176,139.913,73.383,1.752,314
176,99,0,1,0,4,10,30919,-12.258,70.136,143.530,71.199,1.744,313
176,99,0,1,0,4,11,30929,-12.204,70.149,151.127,71.203,1.743,313
176,99,0,1,0,4,12,30924,-11.094,70.418,209.678,71.287,1.727,313
176,99,0,1,0,4,13,31346,-11.232,70.894,209.703,71.779,1.728,345
176,99,0,1,0,4,14,31347,-13.456,70.355,233.584,71.630,1.760,345
176,99,0,1,0,4,15,31355,-13.877,72.432,240.238,73.750,1.760,346
176,99,0,1,0,6,0,36224,-17.947,114.825,14.778,116.219,1.726,405
176,99,0,1,0,6,1,36218,-19.440,114.328,23.882,115.969,1.739,405
176,99,0,1,0,6,2,36221,-18.438,114.661,33.959,116.134,1.730,405
176,99,0,1,0,6,3,36215,-18.524,114.633,34.391,116.120,1.731,405
176,99,0,1,0,6,4,36222,-20.344,114.027,41.516,115.828,1.747,405
176,99,0,1,0,6,5,36872,-19.757,114.744,76.917,116.432,1.741,457
176,99,0,1,0,6,6,36873,-20.279,114.571,81.264,116.352,1.746,457
176,99,0,1,0,6,7,36871,-20.733,114.420,107.266,116.283,1.750,457
176,99,0,1,0,6,8,37376,-20.881,113.848,155.026,115.747,1.752,509
176,99,0,1,0,6,9,37379,-19.346,114.359,175.904,115.984,1.738,509
176,99,0,1,0,6,10,37381,-19.664,114.254,177.785,115.934,1.741,509
176,99,0,1,0,6,11,37382,-19.655,114.257,182.270,115.935,1.741,509
176,99,0,1,0,6,12,37386,-18.825,114.533,182.562,116.070,1.734,509
176,99,0,1,0,6,13,37378,-18.525,114.633,193.434,116.120,1.731,509
176,99,0,1,0,6,14,37375,-20.506,113.973,210.972,115.803,1.749,509
176,99,0,1,0,6,15,37807,-20.576,114.472,210.997,116.307,1.749,561
176,99,0,1,0,8,0,41037,-30.629,168.570,-109.016,171.330,1.751,451
176,99,0,1,0,8,1,41031,-28.053,169.370,-105.719,171.677,1.735,451
176,99,0,1,0,8,2,41653,-32.298,168.570,-65.630,171.636,1.760,529
176,99,0,1,0,8,3,41651,-27.292,170.125,-33.667,172.300,1.730,529
176,99,0,1,0,8,4,42248,-29.551,168.905,3.078,171.471,1.744,607
176,99,0,1,0,8,5,42241,-26.350,169.899,17.913,171.930,1.725,607
176,99,0,1,0,8,6,42247,-28.726,169.161,24.790,171.583,1.739,607
176,99,0,1,0,8,7,42249,-27.501,169.541,43.320,171.757,1.732,607
176,99,0,1,0,8,8,42239,-30.532,168.600,44.493,171.342,1.750,607
176,99,0,1,0,8,9,42250,-26.652,169.805,61.009,171.884,1.726,607
176,99,0,1,0,8,10,42769,-32.464,168.518,90.332,171.617,1.761,685
176,99,0,1,0,8,11,43245,-25.620,170.125,148.287,172.043,1.720,763
176,99,0,1,0,8,12,43242,-30.457,168.623,158.587,171.351,1.749,763
176,99,0,1,0,8,13,43246,-32.378,168.027,160.173,171.118,1.761,763
176,99,0,1,0,8,14,43248,-30.147,168.720,165.793,171.392,1.748,763
176,99,0,1,0,8,15,43243,-30.889,168.489,174.446,171.297,1.752,763
177,100,0,0,0,2,0,23461,-6.826,31.444,96.237,32.176,1.785,141
177,100,0,0,0,2,1,23489,-6.613,31.518,99.073,32.204,1.778,141
177,100,0,0,0,2,2,23478,-7.587,31.177,107.992,32.087,1.810,141
177,100,0,0,0,2,3,23473,-7.059,31.362,108.763,32.147,1.792,141
177,100,0,0,0,2,4,23470,-6.758,31.467,133.792,32.185,1.782,141
177,100,0,0,0,2,5,24173,-7.415,30.713,141.179,31.596,1.808,157
177,100,0,0,0,2,6,24195,-7.019,30.852,201.349,31.640,1.794,157
177,100,0,0,0,2,7,24211,-7.005,30.856,209.725,31.641,1.794,157
177,100,0,0,0,2,8,24634,-7.109,31.345,213.015,32.141,1.794,173
177,100,0,0,0,2,9,24651,-7.521,31.201,238.203,32.094,1.807,173
177,100,0,0,0,2,10,24641,-7.782,31.109,242.719,32.068,1.816,173
177,100,0,0,0,2,11,24643,-6.356,31.608,254.181,32.241,1.769,173
177,100,0,0,0,2,12,24628,-7.206,31.311,279.679,32.129,1.797,173
177,100,0,0,0,2,13,24858,-7.111,30.819,301.143,31.629,1.798,189
177,100,0,0,0,2,14,24867,-6.400,31.068,304.030,31.720,1.774,189
177,100,0,0,0,2,15,24869,-6.928,30.884,306.239,31.651,1.791,189
177,100,0,0,0,4,0,30342,-14.518,72.135,115.650,73.581,1.769,282
177,100,0,0,0,4,1,30336,-16.061,71.419,118.349,73.202,1.792,282
177,100,0,0,0,4,2,30946,-15.617,71.079,142.296,72.774,1.787,314
177,100,0,0,0,4,3,30944,-16.387,70.722,148.256,72.595,1.798,314
177,100,0,0,0,4,4,30936,-16.253,70.784,195.676,72.626,1.797,314
177,100,0,0,0,4,5,31342,-15.235,69.923,226.668,71.563,1.785,345
177,100,0,0,0,4,6,31341,-14.932,69.996,227.576,71.571,1.781,345
177,100,0,0,0,4,7,31348,-15.599,71.633,232.346,73.312,1.785,346
177,100,0,0,0,4,8,31362,-15.380,71.735,233.382,73.365,1.782,346
177,100,0,0,0,4,9,31359,-16.779,71.086,239.962,73.039,1.803,346
177,100,0,0,0,4,10,31344,-14.219,70.169,260.207,71.595,1.771,345
177,100,0,0,0,4,11,31360,-14.775,72.016,267.598,73.516,1.773,346
177,100,0,0,0,4,12,31716,-14.845,69.508,299.720,71.075,1.781,377
177,100,0,0,0,4,13,31731,-15.260,71.245,307.554,72.861,1.782,378
177,100,0,0,0,4,14,31718,-14.995,69.472,308.718,71.071,1.783,377
177,100,0,0,0,4,15,31732,-15.411,71.175,316.558,72.824,1.784,378
177,100,0,0,0,6,0,37377,-27.045,111.797,143.796,115.022,1.808,509
177,100,0,0,0,6,1,37400,-27.348,113.864,146.279,117.102,1.807,510
177,100,0,0,0,6,2,37384,-24.524,112.636,158.193,115.275,1.785,509
177,100,0,0,0,6,3,37387,-27.730,111.569,168.233,114.963,1.814,509
177,100,0,0,0,6,4,37399,-28.124,113.496,171.108,116.929,1.814,510
177,100,0,0,0,6,5,37373,-27.895,111.514,186.009,114.950,1.816,509
177,100,0,0,0,6,6,37393,-28.280,113.423,189.146,116.895,1.815,510
177,100,0,0,0,6,7,37383,-23.752,112.893,189.428,115.365,1.778,509
177,100,0,0,0,6,8,37809,-23.107,113.630,233.071,115.956,1.771,561
177,100,0,0,0,6,9,38132,-27.493,111.648,299.399,114.983,1.812,613
177,100,0,0,0,6,10,38143,-27.758,113.670,304.742,117.010,1.810,614
177,100,0,0,0,6,11,38448,-27.637,112.122,356.667,115.478,1.812,665
177,100,0,0,0,6,12,38450,-27.128,112.291,369.948,115.521,1.808,665
177,100,0,0,0,6,13,38449,-24.069,113.309,370.216,115.837,1.780,665
177,100,0,0,0,6,14,38446,-24.715,113.094,375.192,115.763,1.786,665
177,100,0,0,0,6,15,38459,-27.746,114.223,376.514,117.545,1.809,666
177,100,0,0,0,8,0,42774,-40.242,167.638,136.565,172.400,1.806,686
177,100,0,0,0,8,1,43249,-33.752,167.600,194.132,170.965,1.770,763
177,100,0,0,0,8,2,43251,-34.538,169.394,196.285,172.879,1.772,764
177,100,0,0,0,8,3,43644,-34.566,167.866,209.469,171.388,1.774,841
177,100,0,0,0,8,4,43648,-37.079,168.908,235.027,172.930,1.787,842
177,100,0,0,0,8,5,43651,-38.431,168.365,252.620,172.695,1.795,842
177,100,0,0,0,8,6,43636,-35.360,167.619,257.703,171.308,1.779,841
177,100,0,0,0,8,7,43646,-35.953,169.359,260.407,173.133,1.780,842
177,100,0,0,0,8,8,43649,-39.253,168.035,268.733,172.559,1.800,842
177,100,0,0,0,8,9,43643,-34.835,167.782,269.164,171.360,1.776,841
177,100,0,0,0,8,10,43652,-35.409,169.578,272.096,173.235,1.777,842
177,100,0,0,0,8,11,43647,-38.236,168.443,279.260,172.728,1.794,842
177,100,0,0,0,8,12,43980,-40.252,167.100,286.644,171.880,1.807,920
177,100,0,0,0,8,13,43979,-37.443,168.228,288.000,172.344,1.790,920
177,100,0,0,0,8,14,43978,-37.427,168.234,337.778,172.347,1.790,920
177,100,0,0,0,8,15,44609,-33.909,169.646,455.586,173.002,1.768,1076
178,101,0,0,0,2,0,24199,-7.707,30.611,166.597,31.566,1.817,157
178,101,0,0,0,2,1,24205,-7.998,30.509,181.409,31.540,1.827,157
178,101,0,0,0,2,2,24181,-8.239,30.425,188.413,31.521,1.835,157
178,101,0,0,0,2,3,24203,-8.621,30.291,190.430,31.494,1.848,157
178,101,0,0,0,2,4,24654,-9.078,30.656,216.831,31.972,1.859,173
178,101,0,0,0,2,5,24629,-9.201,30.613,217.299,31.966,1.863,173
178,101,0,0,0,2,6,24644,-8.208,30.960,222.112,32.030,1.830,173
178,101,0,0,0,2,7,24627,-8.871,30.728,235.172,31.983,1.852,173
178,101,0,0,0,2,8,24640,-9.038,30.670,246.473,31.974,1.857,173
178,101,0,0,0,2,9,24652,-8.139,30.984,256.225,32.036,1.828,173
178,101,0,0,0,2,10,24647,-9.153,30.630,269.156,31.968,1.861,173
178,101,0,0,0,2,11,24648,-8.404,30.892,271.514,32.014,1.836,173
178,101,0,0,0,2,12,24868,-8.170,30.449,284.450,31.526,1.833,189
178,101,0,0,0,2,13,24860,-9.056,30.140,308.163,31.470,1.863,189
178,101,0,0,0,2,14,24863,-8.126,30.465,310.763,31.530,1.831,189
178,101,0,0,0,2,15,24866,-8.817,30.223,320.698,31.483,1.855,189
178,101,0,0,0,4,0,30343,-18.740,70.175,117.739,72.634,1.832,282
178,101,0,0,0,4,1,30332,-20.643,69.292,118.945,72.302,1.860,282
178,101,0,0,0,4,2,30357,-18.194,70.429,121.450,72.741,1.824,282
178,101,0,0,0,4,3,30942,-17.592,70.162,163.541,72.334,1.816,314
178,101,0,0,0,4,4,30948,-20.112,68.993,185.650,71.864,1.854,314
178,101,0,0,0,4,5,30945,-17.750,70.089,195.414,72.302,1.819,314
178,101,0,0,0,4,6,30935,-20.328,68.893,202.837,71.829,1.858,314
178,101,0,0,0,4,7,30937,-18.996,69.511,204.036,72.060,1.838,314
178,101,0,0,0,4,8,31356,-20.683,69.273,235.439,72.295,1.861,346
178,101,0,0,0,4,9,31349,-18.932,70.086,247.769,72.598,1.835,346
178,101,0,0,0,4,10,31350,-18.292,70.383,255.664,72.721,1.825,346
178,101,0,0,0,4,11,31354,-18.404,70.331,257.139,72.699,1.827,346
178,101,0,0,0,4,12,31361,-18.128,70.459,279.392,72.754,1.823,346
178,101,0,0,0,4,13,31727,-19.098,69.463,316.128,72.041,1.839,378
178,101,0,0,0,4,14,31729,-18.066,69.943,330.226,72.238,1.824,378
178,101,0,0,0,4,15,32274,-19.542,69.257,438.243,71.962,1.846,442
178,101,0,0,0,6,0,36883,-32.911,111.778,131.196,116.522,1.857,458
178,101,0,0,0,6,1,37391,-29.626,112.785,147.800,116.611,1.828,510
178,101,0,0,0,6,2,37396,-30.282,112.475,160.653,116.480,1.834,510
178,101,0,0,0,6,3,37389,-28.425,111.338,161.081,114.909,1.821,509
178,101,0,0,0,6,4,37401,-28.564,113.288,163.726,116.834,1.818,510
178,101,0,0,0,6,5,37402,-33.255,111.068,177.664,115.940,1.862,510
178,101,0,0,0,6,6,37374,-28.648,111.264,185.500,114.893,1.823,509
178,101,0,0,0,6,7,37397,-29.255,112.961,188.404,116.688,1.824,510
178,101,0,0,0,6,8,37380,-27.986,111.484,191.751,114.943,1.817,509
178,101,0,0,0,6,9,37404,-28.415,113.359,194.955,116.866,1.816,510
178,101,0,0,0,6,10,37815,-30.002,113.156,219.378,117.066,1.830,562
178,101,0,0,0,6,11,37814,-30.619,112.863,260.151,116.943,1.836,562
178,101,0,0,0,6,12,38137,-32.048,111.639,301.493,116.148,1.850,614
178,101,0,0,0,6,13,38141,-30.600,112.324,303.508,116.418,1.837,614
178,101,0,0,0,6,14,38458,-28.592,113.823,360.643,117.359,1.817,666
178,101,0,0,0,6,15,38461,-30.378,112.978,382.916,116.991,1.833,666
178,101,0,0,0,8,0,42784,-49.545,165.877,84.461,173.118,1.861,687
178,101,0,0,0,8,1,42775,-42.545,166.714,84.804,172.057,1.821,686
178,101,0,0,0,8,2,42776,-44.178,166.058,85.318,171.834,1.831,686
178,101,0,0,0,8,3,43250,-46.010,164.790,150.874,171.093,1.843,764
178,101,0,0,0,8,4,43252,-47.639,164.136,182.019,170.910,1.853,764
178,101,0,0,0,8,5,43261,-48.514,165.837,183.912,172.787,1.855,765
178,101,0,0,0,8,6,43650,-46.468,165.139,217.295,171.552,1.845,842
178,101,0,0,0,8,7,43660,-47.132,167.079,219.891,173.600,1.846,843
178,101,0,0,0,8,8,43657,-48.484,166.406,237.191,173.325,1.854,843
178,101,0,0,0,8,9,43977,-42.117,166.352,331.287,171.601,1.819,920
178,101,0,0,0,8,10,44326,-45.387,165.573,354.787,171.681,1.838,998
178,101,0,0,0,8,11,44325,-48.518,164.317,378.390,171.330,1.858,998
178,101,0,0,0,8,12,44327,-49.172,166.063,382.443,173.190,1.859,999
178,101,0,0,0,8,13,44606,-48.089,163.955,428.655,170.862,1.856,1076
178,101,0,0,0,8,14,44613,-48.062,166.063,433.695,172.878,1.853,1077
178,101,0,0,0,8,15,44608,-44.791,165.279,461.695,171.241,1.835,1076
179,102,0,0,1,2,0,22326,-10.341,29.690,20.561,31.439,1.906,125
179,102,0,0,1,2,1,22364,-10.337,29.691,20.561,31.439,1.906,125
179,102,0,0,1,2,2,22316,-9.744,29.899,21.882,31.447,1.886,125
179,102,0,0,1,2,3,22310,-9.882,29.851,28.714,31.444,1.890,125
179,102,0,0,1,2,4,22387,-9.963,29.822,34.242,31.442,1.893,125
179,102,0,0,1,2,5,22314,-9.421,30.012,43.952,31.456,1.875,125
179,102,0,0,1,2,6,22365,-9.286,30.059,44.523,31.461,1.870,125
179,102,0,0,1,2,7,22362,-10.487,29.639,44.801,31.440,1.911,125
179,102,0,0,1,2,8,22335,-9.706,29.912,47.968,31.447,1.885,125
179,102,0,0,1,2,9,22339,-9.680,29.921,55.136,31.448,1.884,125
179,102,0,0,1,2,10,23497,-10.156,30.279,80.978,31.937,1.894,141
179,102,0,0,1,2,11,23457,-9.388,30.548,85.949,31.958,1.869,141
179,102,0,0,1,2,12,23443,-10.344,30.213,99.035,31.935,1.901,141
179,102,0,0,1,2,13,23451,-9.588,30.478,121.419,31.950,1.876,141
179,102,0,0,1,2,14,23483,-9.419,30.537,127.754,31.957,1.870,141
179,102,0,0,1,2,15,24179,-9.291,30.057,149.395,31.460,1.871,157
179,102,0,0,1,4,0,29577,-21.215,68.481,31.846,71.692,1.871,250
179,102,0,0,1,4,1,29556,-21.073,68.546,35.138,71.713,1.869,250
179,102,0,0,1,4,2,29588,-21.405,68.393,40.095,71.664,1.874,250
179,102,0,0,1,4,3,29558,-23.679,67.337,44.930,71.379,1.909,250
179,102,0,0,1,4,4,30352,-21.699,68.802,80.617,72.143,1.876,282
179,102,0,0,1,4,5,30337,-23.774,67.839,90.295,71.884,1.908,282
179,102,0,0,1,4,6,30353,-23.393,68.016,93.797,71.926,1.902,282
179,102,0,0,1,4,7,30331,-23.660,67.892,101.032,71.897,1.906,282
179,102,0,0,1,4,8,30346,-22.249,68.547,102.706,72.067,1.885,282
179,102,0,0,1,4,9,30356,-21.166,69.049,105.185,72.221,1.868,282
179,102,0,0,1,4,10,30347,-21.980,68.671,129.061,72.103,1.881,282
179,102,0,0,1,4,11,30361,-21.679,68.811,132.079,72.146,1.876,282
179,102,0,0,1,4,12,30941,-23.303,67.512,140.235,71.420,1.903,314
179,102,0,0,1,4,13,30934,-21.797,68.211,173.588,71.609,1.880,314
179,102,0,0,1,4,14,31352,-21.186,69.040,233.235,72.218,1.869,346
179,102,0,0,1,4,15,31357,-22.141,68.597,244.060,72.082,1.883,346
179,102,0,0,1,6,0,36243,-38.569,108.553,28.870,115.201,1.912,406
179,102,0,0,1,6,1,36229,-36.278,109.637,69.709,115.483,1.890,406
179,102,0,0,1,6,2,36880,-36.477,110.090,70.010,115.976,1.891,458
179,102,0,0,1,6,3,36881,-33.921,111.301,71.905,116.355,1.867,458
179,102,0,0,1,6,4,36885,-38.849,108.968,108.935,115.686,1.913,458
179,102,0,0,1,6,5,36877,-36.132,110.254,138.221,116.024,1.887,458
179,102,0,0,1,6,6,37392,-35.952,109.791,151.366,115.528,1.887,510
179,102,0,0,1,6,7,37395,-35.170,110.162,166.009,115.640,1.880,510
179,102,0,0,1,6,8,37394,-38.282,108.689,184.786,115.234,1.909,510
179,102,0,0,1,6,9,38139,-38.682,108.499,286.775,115.188,1.913,614
179,102,0,0,1,6,10,38145,-33.994,110.718,314.833,115.819,1.869,614
179,102,0,0,1,6,11,38144,-34.459,110.498,321.616,115.747,1.873,614
179,102,0,0,1,6,12,38148,-37.548,109.036,324.152,115.320,1.902,614
179,102,0,0,1,6,13,38142,-37.250,109.177,325.709,115.357,1.900,614
179,102,0,0,1,6,14,38146,-38.299,108.680,333.729,115.231,1.910,614
179,102,0,0,1,6,15,38711,-35.760,109.882,442.762,115.554,1.885,718
179,102,0,0,1,8,0,43254,-55.993,162.112,179.891,171.509,1.903,765
179,102,0,0,1,8,1,43655,-50.553,165.375,227.180,172.929,1.867,843
179,102,0,0,1,8,2,43653,-57.052,162.137,229.256,171.882,1.909,843
179,102,0,0,1,8,3,43658,-50.470,165.416,229.797,172.944,1.867,843
179,102,0,0,1,8,4,43659,-57.270,162.028,235.942,171.851,1.911,843
179,102,0,0,1,8,5,43654,-54.177,163.569,245.310,172.308,1.891,843
179,102,0,0,1,8,6,43656,-50.844,165.230,279.506,172.876,1.869,843
179,102,0,0,1,8,7,43983,-57.462,161.380,308.502,171.305,1.913,921
179,102,0,0,1,8,8,43981,-50.602,164.797,310.490,172.391,1.869,921
179,102,0,0,1,8,9,43982,-54.886,162.663,326.972,171.673,1.896,921
179,102,0,0,1,8,10,44329,-55.552,162.884,352.598,172.097,1.899,999
179,102,0,0,1,8,11,44328,-53.646,163.834,356.567,172.393,1.887,999
179,102,0,0,1,8,12,44611,-55.098,162.557,439.501,171.641,1.898,1077
179,102,0,0,1,8,13,44614,-54.908,162.652,453.959,171.670,1.896,1077
179,102,0,0,1,8,14,44615,-54.235,162.987,473.045,171.774,1.892,1077
179,102,0,0,1,8,15,44610,-51.230,164.484,474.128,172.277,1.873,1077
180,102,0,1,0,2,0,22326,-10.341,29.690,20.561,31.439,1.906,125
180,102,0,1,0,2,1,22364,-10.337,29.691,20.561,31.439,1.906,125
180,102,0,1,0,2,2,22316,-9.744,29.899,21.882,31.447,1.886,125
180,102,0,1,0,2,3,22310,-9.882,29.851,28.714,31.444,1.890,125
180,102,0,1,0,2,4,22387,-9.963,29.822,34.242,31.442,1.893,125
180,102,0,1,0,2,5,22314,-9.421,30.012,43.952,31.456,1.875,125
180,102,0,1,0,2,6,22365,-9.286,30.059,44.523,31.461,1.870,125
180,102,0,1,0,2,7,22362,-10.487,29.639,44.801,31.440,1.911,125
180,102,0,1,0,2,8,22335,-9.706,29.912,47.968,31.447,1.885,125
180,102,0,1,0,2,9,22339,-9.680,29.921,55.136,31.448,1.884,125
180,102,0,1,0,2,10,23497,-10.156,30.279,80.978,31.937,1.894,141
180,102,0,1,0,2,11,23457,-9.388,30.548,85.949,31.958,1.869,141
180,102,0,1,0,2,12,23443,-10.344,30.213,99.035,31.935,1.901,141
180,102,0,1,0,2,13,23451,-9.588,30.478,121.419,31.950,1.876,141
180,102,0,1,0,2,14,23483,-9.419,30.537,127.754,31.957,1.870,141
180,102,0,1,0,2,15,24179,-9.291,30.057,149.395,31.460,1.871,157
180,102,0,1,0,4,0,29567,-22.366,67.947,15.268,71.533,1.889,250
180,102,0,1,0,4,1,29581,-22.405,67.929,17.475,71.528,1.889,250
180,102,0,1,0,4,2,29574,-23.997,67.189,30.314,71.346,1.914,250
180,102,0,1,0,4,3,29577,-21.215,68.481,31.846,71.692,1.871,250
180,102,0,1,0,4,4,29556,-21.073,68.546,35.138,71.713,1.869,250
180,102,0,1,0,4,5,29588,-21.405,68.393,40.095,71.664,1.874,250
180,102,0,1,0,4,6,29558,-23.679,67.337,44.930,71.379,1.909,250
180,102,0,1,0,4,7,30352,-21.699,68.802,80.617,72.143,1.876,282
180,102,0,1,0,4,8,30337,-23.774,67.839,90.295,71.884,1.908,282
180,102,0,1,0,4,9,30353,-23.393,68.016,93.797,71.926,1.902,282
180,102,0,1,0,4,10,30331,-23.660,67.892,101.032,71.897,1.906,282
180,102,0,1,0,4,11,30346,-22.249,68.547,102.706,72.067,1.885,282
180,102,0,1,0,4,12,30356,-21.166,69.049,105.185,72.221,1.868,282
180,102,0,1,0,4,13,30347,-21.980,68.671,129.061,72.103,1.881,282
180,102,0,1,0,4,14,30361,-21.679,68.811,132.079,72.146,1.876,282
180,102,0,1,0,4,15,30941,-23.303,67.512,140.235,71.420,1.903,314
180,102,0,1,0,6,0,35495,-37.166,109.764,-63.371,115.886,1.897,354
180,102,0,1,0,6,1,35490,-34.082,111.224,-40.319,116.329,1.868,354
180,102,0,1,0,6,2,35498,-38.058,109.342,-38.536,115.776,1.906,354
180,102,0,1,0,6,3,35493,-33.947,111.288,-27.420,116.350,1.867,354
180,102,0,1,0,6,4,35496,-35.388,110.606,-16.731,116.129,1.880,354
180,102,0,1,0,6,5,35492,-36.582,110.041,-6.116,115.962,1.892,354
180,102,0,1,0,6,6,36239,-38.471,108.599,22.906,115.212,1.911,406
180,102,0,1,0,6,7,36243,-38.569,108.553,28.870,115.201,1.912,406
180,102,0,1,0,6,8,36229,-36.278,109.637,69.709,115.483,1.890,406
180,102,0,1,0,6,9,36880,-36.477,110.090,70.010,115.976,1.891,458
180,102,0,1,0,6,10,36881,-33.921,111.301,71.905,116.355,1.867,458
180,102,0,1,0,6,11,36885,-38.849,108.968,108.935,115.686,1.913,458
180,102,0,1,0,6,12,36877,-36.132,110.254,138.221,116.024,1.887,458
180,102,0,1,0,6,13,37392,-35.952,109.791,151.366,115.528,1.887,510
180,102,0,1,0,6,14,37395,-35.170,110.162,166.009,115.640,1.880,510
180,102,0,1,0,6,15,37394,-38.282,108.689,184.786,115.234,1.909,510
180,102,0,1,0,8,0,41668,-57.143,162.092,-34.958,171.870,1.910,531
180,102,0,1,0,8,1,41671,-51.471,164.917,-25.191,172.763,1.873,531
180,102,0,1,0,8,2,41670,-55.812,162.755,-23.778,172.059,1.901,531
180,102,0,1,0,8,3,41667,-53.587,163.863,-12.366,172.403,1.887,531
180,102,0,1,0,8,4,42260,-55.980,162.118,0.209,171.511,1.903,609
180,102,0,1,0,8,5,42257,-55.982,162.117,0.231,171.511,1.903,609
180,102,0,1,0,8,6,42255,-55.129,162.542,1.544,171.636,1.898,609
180,102,0,1,0,8,7,42259,-56.050,162.083,55.864,171.501,1.904,609
180,102,0,1,0,8,8,42782,-55.782,162.769,73.732,172.062,1.901,687
180,102,0,1,0,8,9,42779,-53.951,163.682,82.432,172.344,1.889,687
180,102,0,1,0,8,10,42781,-53.889,163.713,110.169,172.354,1.889,687
180,102,0,1,0,8,11,43253,-57.469,161.376,142.991,171.304,1.913,765
180,102,0,1,0,8,12,43260,-51.007,164.596,151.760,172.318,1.871,765
180,102,0,1,0,8,13,43256,-51.511,164.344,164.423,172.228,1.875,765
180,102,0,1,0,8,14,43259,-57.022,161.599,169.494,171.364,1.910,765
180,102,0,1,0,8,15,43254,-55.993,162.112,179.891,171.509,1.903,765
181,103,0,0,0,2,0,23521,-12.158,31.959,140.604,34.193,1.934,142
181,103,0,0,0,2,1,24232,-12.519,30.973,142.786,33.407,1.955,158
181,103,0,0,0,2,2,24172,-10.671,29.575,182.841,31.441,1.917,157
181,103,0,0,0,2,3,24209,-10.937,29.482,186.291,31.445,1.926,157
181,103,0,0,0,2,4,24188,-11.238,29.377,191.570,31.453,1.936,157
181,103,0,0,0,2,5,24208,-11.191,29.393,195.804,31.451,1.935,157
181,103,0,0,0,2,6,24239,-11.479,31.901,198.064,33.904,1.916,158
181,103,0,0,0,2,7,24216,-11.768,31.643,200.532,33.761,1.927,158
181,103,0,0,0,2,8,24215,-12.053,31.389,204.440,33.623,1.937,158
181,103,0,0,0,2,9,24236,-12.008,31.429,210.226,33.645,1.936,158
181,103,0,0,0,2,10,24666,-12.185,31.935,214.073,34.180,1.935,174
181,103,0,0,0,2,11,24646,-11.124,29.941,237.952,31.940,1.927,173
181,103,0,0,0,2,12,24674,-11.998,32.102,255.693,34.271,1.928,174
181,103,0,0,0,2,13,24635,-12.185,29.570,258.129,31.982,1.962,173
181,103,0,0,0,2,14,24675,-12.926,31.273,273.548,33.839,1.963,174
181,103,0,0,0,2,15,24864,-11.968,29.121,322.932,31.485,1.961,189
181,103,0,0,0,4,0,30371,-27.852,68.252,90.270,73.716,1.958,283
181,103,0,0,0,4,1,30355,-27.397,66.157,95.454,71.606,1.963,282
181,103,0,0,0,4,2,30386,-28.104,68.068,98.150,73.642,1.962,283
181,103,0,0,0,4,3,30345,-24.364,67.565,99.627,71.824,1.917,282
181,103,0,0,0,4,4,30947,-25.055,66.699,146.822,71.249,1.930,314
181,103,0,0,0,4,5,30938,-24.937,66.754,178.989,71.259,1.928,314
181,103,0,0,0,4,6,30939,-26.530,66.014,181.532,71.146,1.953,314
181,103,0,0,0,4,7,30951,-27.400,67.969,187.020,73.284,1.954,315
181,103,0,0,0,4,8,30940,-26.685,65.942,203.960,71.137,1.955,314
181,103,0,0,0,4,9,30955,-27.328,68.022,209.885,73.306,1.953,315
181,103,0,0,0,4,10,31373,-27.482,68.522,211.323,73.828,1.952,347
181,103,0,0,0,4,11,31363,-27.286,66.209,213.012,71.611,1.962,346
181,103,0,0,0,4,12,31358,-25.628,66.978,214.530,71.714,1.936,346
181,103,0,0,0,4,13,31371,-28.014,68.134,219.101,73.668,1.961,347
181,103,0,0,0,4,14,31733,-26.067,66.229,284.471,71.174,1.946,378
181,103,0,0,0,4,15,32007,-25.640,66.973,366.505,71.713,1.936,410
181,103,0,0,0,6,0,37811,-40.092,108.380,221.089,115.558,1.925,562
181,103,0,0,0,6,1,37813,-39.114,108.843,221.903,115.658,1.916,562
181,103,0,0,0,6,2,37820,-41.060,110.205,225.302,117.606,1.927,563
181,103,0,0,0,6,3,37810,-40.273,108.294,234.446,115.540,1.927,562
181,103,0,0,0,6,4,37818,-41.110,110.173,238.820,117.593,1.928,563
181,103,0,0,0,6,5,37823,-43.006,108.977,275.673,117.156,1.947,563
181,103,0,0,0,6,6,38147,-39.705,108.015,279.504,115.081,1.923,614
181,103,0,0,0,6,7,37812,-39.919,108.461,280.676,115.574,1.923,562
181,103,0,0,0,6,8,38153,-40.655,109.875,284.570,117.155,1.925,615
181,103,0,0,0,6,9,38155,-43.467,108.100,293.909,116.512,1.953,615
181,103,0,0,0,6,10,38140,-41.958,106.949,341.483,114.885,1.945,614
181,103,0,0,0,6,11,38149,-42.548,108.680,346.912,116.712,1.944,615
181,103,0,0,0,6,12,38138,-39.611,108.060,348.603,115.091,1.922,614
181,103,0,0,0,6,13,38457,-39.765,108.534,350.152,115.589,1.922,666
181,103,0,0,0,6,14,38456,-41.764,107.588,392.166,115.410,1.941,666
181,103,0,0,0,6,15,38466,-42.744,109.142,398.321,117.214,1.944,667
181,103,0,0,0,8,0,42266,-65.546,159.077,70.564,172.052,1.962,610
181,103,0,0,0,8,1,42786,-65.587,159.630,70.787,172.579,1.961,688
181,103,0,0,0,8,2,42780,-58.333,161.499,75.366,171.711,1.917,687
181,103,0,0,0,8,3,42783,-59.236,161.049,96.865,171.598,1.923,687
181,103,0,0,0,8,4,42788,-63.814,160.700,104.903,172.907,1.949,688
181,103,0,0,0,8,5,42778,-58.588,161.372,123.337,171.678,1.919,687
181,103,0,0,0,8,6,43264,-63.206,160.489,179.471,172.487,1.946,766
181,103,0,0,0,8,7,43255,-61.870,159.183,179.772,170.784,1.942,765
181,103,0,0,0,8,8,43258,-58.349,160.938,196.371,171.189,1.919,765
181,103,0,0,0,8,9,43257,-58.578,160.823,204.972,171.159,1.920,765
181,103,0,0,0,8,10,43666,-65.339,159.780,233.094,172.623,1.959,844
181,103,0,0,0,8,11,43661,-57.941,161.694,259.329,171.762,1.915,843
181,103,0,0,0,8,12,43663,-62.030,161.776,269.917,173.261,1.937,844
181,103,0,0,0,8,13,44330,-65.364,159.765,356.324,172.619,1.959,1000
181,103,0,0,0,8,14,44616,-65.455,159.131,434.135,172.067,1.961,1078
181,103,0,0,0,8,15,44612,-60.602,159.815,469.114,170.919,1.933,1077
182,104,0,0,0,2,0,22428,-13.849,29.784,63.743,32.847,2.006,126
182,104,0,0,0,2,1,22256,-13.503,28.584,64.264,31.613,2.012,125
182,104,0,0,0,2,2,22423,-14.014,29.638,66.351,32.784,2.012,126
182,104,0,0,0,2,3,23471,-12.637,29.412,95.634,32.012,1.977,141
182,104,0,0,0,2,4,23442,-13.365,29.157,96.877,32.074,2.001,141
182,104,0,0,0,2,5,23546,-13.894,30.409,100.587,33.432,1.999,142
182,104,0,0,0,2,6,23502,-13.273,30.963,100.607,33.688,1.976,142
182,104,0,0,0,2,7,24189,-13.503,28.584,142.600,31.613,2.012,157
182,104,0,0,0,2,8,24228,-13.995,29.654,147.607,32.791,2.012,158
182,104,0,0,0,2,9,24176,-12.323,28.997,160.886,31.507,1.973,157
182,104,0,0,0,2,10,24214,-12.953,30.585,169.607,33.215,1.971,158
182,104,0,0,0,2,11,24672,-13.189,31.038,217.534,33.724,1.973,174
182,104,0,0,0,2,12,24632,-13.034,29.273,273.746,32.044,1.990,173
182,104,0,0,0,2,13,24871,-13.420,30.168,282.068,33.018,1.989,190
182,104,0,0,0,2,14,24859,-12.890,28.799,296.788,31.552,1.992,189
182,104,0,0,0,2,15,24870,-12.891,28.799,296.800,31.552,1.992,189
182,104,0,0,0,4,0,30344,-27.454,66.131,88.471,71.603,1.964,282
182,104,0,0,0,4,1,30349,-28.398,65.693,93.114,71.568,1.979,282
182,104,0,0,0,4,2,30378,-29.724,66.885,94.258,73.192,1.989,283
182,104,0,0,0,4,3,30359,-27.696,66.019,95.411,71.593,1.968,282
182,104,0,0,0,4,4,30390,-29.704,66.900,96.659,73.198,1.989,283
182,104,0,0,0,4,5,30377,-29.531,67.026,96.901,73.243,1.986,283
182,104,0,0,0,4,6,30365,-28.613,67.696,97.810,73.495,1.971,283
182,104,0,0,0,4,7,30384,-30.390,66.398,127.218,73.022,2.000,283
182,104,0,0,0,4,8,30954,-29.751,66.252,154.078,72.625,1.993,315
182,104,0,0,0,4,9,30952,-30.628,65.612,182.378,72.408,2.008,315
182,104,0,0,0,4,10,31368,-29.277,67.212,219.940,73.311,1.982,347
182,104,0,0,0,4,11,31375,-30.395,66.395,263.054,73.021,2.000,347
182,104,0,0,0,4,12,31377,-29.706,66.898,276.213,73.197,1.989,347
182,104,0,0,0,4,13,31730,-28.179,65.249,299.675,71.074,1.978,378
182,104,0,0,0,4,14,31735,-28.963,66.828,307.015,72.834,1.980,379
182,104,0,0,0,4,15,31739,-30.234,65.899,316.596,72.504,2.001,379
182,104,0,0,0,6,0,35503,-48.828,105.303,-56.676,116.073,2.005,355
182,104,0,0,0,6,1,35505,-47.134,106.372,-49.436,116.347,1.988,355
182,104,0,0,0,6,2,35501,-49.051,105.163,-42.149,116.040,2.007,355
182,104,0,0,0,6,3,35502,-48.568,105.468,-41.222,116.113,2.002,355
182,104,0,0,0,6,4,35510,-45.671,107.295,-36.025,116.611,1.973,355
182,104,0,0,0,6,5,35506,-45.675,107.293,-29.263,116.610,1.973,355
182,104,0,0,0,6,6,35513,-47.157,106.358,-10.447,116.344,1.988,355
182,104,0,0,0,6,7,36248,-45.681,106.703,47.833,116.070,1.975,407
182,104,0,0,0,6,8,36889,-46.623,106.694,78.145,116.436,1.983,459
182,104,0,0,0,6,9,36894,-47.216,106.320,130.823,116.333,1.989,459
182,104,0,0,0,6,10,37408,-45.071,107.088,160.543,116.186,1.969,511
182,104,0,0,0,6,11,38150,-47.832,105.346,285.376,115.696,1.997,615
182,104,0,0,0,6,12,38152,-46.840,105.972,291.897,115.862,1.987,615
182,104,0,0,0,6,13,38151,-45.562,106.778,297.667,116.093,1.974,615
182,104,0,0,0,6,14,38462,-47.218,106.319,354.707,116.333,1.989,667
182,104,0,0,0,6,15,38464,-46.174,106.978,407.813,116.518,1.978,667
182,104,0,0,0,8,0,42275,-73.582,156.559,33.296,172.988,2.010,611
182,104,0,0,0,8,1,42265,-70.710,155.962,52.091,171.243,1.996,610
182,104,0,0,0,8,2,42262,-70.493,156.093,64.581,171.273,1.995,610
182,104,0,0,0,8,3,42268,-68.933,157.034,70.939,171.498,1.984,610
182,104,0,0,0,8,4,42787,-69.151,157.480,71.151,171.994,1.985,688
182,104,0,0,0,8,5,42785,-67.606,158.412,84.377,172.235,1.974,688
182,104,0,0,0,8,6,42790,-70.331,156.768,94.035,171.822,1.993,688
182,104,0,0,0,8,7,43263,-68.215,157.467,179.141,171.607,1.980,766
182,104,0,0,0,8,8,43665,-67.387,158.544,216.509,172.271,1.973,844
182,104,0,0,0,8,9,43664,-71.928,155.805,238.177,171.607,2.003,844
182,104,0,0,0,8,10,43662,-67.510,158.470,272.687,172.251,1.974,844
182,104,0,0,0,8,11,43984,-69.755,156.538,306.228,171.376,1.990,922
182,104,0,0,0,8,12,43985,-69.969,156.409,337.597,171.346,1.991,922
182,104,0,0,0,8,13,44332,-74.094,156.801,370.490,173.425,2.012,1001
182,104,0,0,0,8,14,44331,-69.291,157.396,418.759,171.973,1.986,1000
182,104,0,0,0,8,15,44619,-71.424,155.531,423.187,171.147,2.001,1078
183,105,0,0,0,2,0,23463,-14.133,28.889,81.033,32.161,2.026,141
183,105,0,0,0,2,1,23543,-14.298,30.047,81.609,33.276,2.015,142
183,105,0,0,0,2,2,23526,-14.575,29.801,83.577,33.174,2.026,142
183,105,0,0,0,2,3,23540,-15.059,29.368,98.861,33.004,2.045,142
183,105,0,0,0,2,4,23538,-15.146,29.290,117.808,32.974,2.048,142
183,105,0,0,0,2,5,23494,-14.026,28.926,122.174,32.147,2.022,141
183,105,0,0,0,2,6,23511,-14.458,29.904,126.198,33.216,2.021,142
183,105,0,0,0,2,7,24225,-14.511,29.193,210.112,32.601,2.032,158
183,105,0,0,0,2,8,24642,-14.167,28.877,220.702,32.165,2.027,173
183,105,0,0,0,2,9,24656,-14.918,29.494,225.460,33.052,2.039,174
183,105,0,0,0,2,10,24653,-13.837,28.992,245.138,32.125,2.016,173
183,105,0,0,0,2,11,24673,-14.352,29.999,253.777,33.256,2.017,174
183,105,0,0,0,2,12,24662,-15.337,29.119,260.630,32.911,2.056,174
183,105,0,0,0,2,13,24881,-14.587,29.125,279.672,32.574,2.035,190
183,105,0,0,0,2,14,24880,-15.237,28.545,295.951,32.357,2.061,190
183,105,0,0,0,2,15,24882,-15.102,28.665,305.803,32.400,2.056,190
183,105,0,0,0,4,0,30369,-32.493,64.863,71.524,72.546,2.035,283
183,105,0,0,0,4,1,30373,-32.135,65.124,78.658,72.621,2.029,283
183,105,0,0,0,4,2,30382,-32.119,65.135,80.946,72.624,2.029,283
183,105,0,0,0,4,3,30368,-33.312,64.264,83.489,72.385,2.049,283
183,105,0,0,0,4,4,30366,-33.779,63.922,110.427,72.299,2.057,283
183,105,0,0,0,4,5,30362,-31.856,65.328,123.429,72.681,2.025,283
183,105,0,0,0,4,6,30372,-31.784,65.380,137.649,72.697,2.023,283
183,105,0,0,0,4,7,30385,-32.014,65.213,139.716,72.647,2.027,283
183,105,0,0,0,4,8,30957,-33.024,63.861,174.576,71.895,2.048,315
183,105,0,0,0,4,9,30958,-32.113,64.527,184.417,72.076,2.033,315
183,105,0,0,0,4,10,31366,-32.867,64.589,218.081,72.471,2.042,347
183,105,0,0,0,4,11,31365,-32.966,64.517,250.205,72.451,2.043,347
183,105,0,0,0,4,12,31370,-33.945,63.802,253.670,72.270,2.060,347
183,105,0,0,0,4,13,31369,-31.401,65.660,273.444,72.782,2.017,347
183,105,0,0,0,4,14,31736,-32.052,64.572,344.127,72.089,2.032,379
183,105,0,0,0,4,15,32019,-32.653,64.745,357.770,72.513,2.038,411
183,105,0,0,0,6,0,37423,-54.195,103.691,151.444,117.000,2.052,512
183,105,0,0,0,6,1,37406,-51.939,102.754,159.403,115.135,2.039,511
183,105,0,0,0,6,2,37409,-53.445,101.804,179.347,114.980,2.054,511
183,105,0,0,0,6,3,37415,-54.279,103.622,182.439,116.978,2.053,512
183,105,0,0,0,6,4,37407,-53.358,101.859,202.014,114.988,2.053,511
183,105,0,0,0,6,5,37422,-54.505,103.438,205.483,116.920,2.056,512
183,105,0,0,0,6,6,37821,-51.764,103.451,214.486,115.679,2.035,563
183,105,0,0,0,6,7,37822,-53.119,102.596,221.344,115.532,2.049,563
183,105,0,0,0,6,8,37825,-54.168,104.351,225.233,117.573,2.050,564
183,105,0,0,0,6,9,38154,-53.899,101.518,279.344,114.939,2.059,615
183,105,0,0,0,6,10,37816,-54.084,101.987,280.600,115.440,2.058,563
183,105,0,0,0,6,11,38161,-54.617,103.346,284.289,116.891,2.057,616
183,105,0,0,0,6,12,38470,-53.758,104.686,360.171,117.682,2.045,668
183,105,0,0,0,6,13,38468,-53.127,102.591,392.960,115.531,2.049,667
183,105,0,0,0,6,14,38467,-54.176,101.929,393.971,115.432,2.059,667
183,105,0,0,0,6,15,38463,-53.108,102.603,402.677,115.533,2.048,667
183,105,0,0,0,8,0,42264,-74.489,153.683,61.660,170.783,2.022,610
183,105,0,0,0,8,1,42277,-75.175,155.414,62.353,172.641,2.021,611
183,105,0,0,0,8,2,42789,-73.419,154.906,93.511,171.424,2.013,688
183,105,0,0,0,8,3,42793,-74.661,156.393,94.528,173.301,2.016,689
183,105,0,0,0,8,4,42795,-76.349,155.180,107.876,172.945,2.028,689
183,105,0,0,0,8,5,43266,-80.768,151.393,143.184,171.591,2.061,767
183,105,0,0,0,8,6,43270,-77.915,153.444,179.285,172.093,2.041,767
183,105,0,0,0,8,7,43262,-73.719,154.147,183.588,170.868,2.017,766
183,105,0,0,0,8,8,43269,-74.511,155.891,185.625,172.783,2.017,767
183,105,0,0,0,8,9,43268,-78.999,152.665,194.221,171.894,2.048,767
183,105,0,0,0,8,10,43667,-78.303,153.775,227.935,172.563,2.042,845
183,105,0,0,0,8,11,43668,-77.883,154.077,238.383,172.643,2.039,845
183,105,0,0,0,8,12,43669,-75.920,155.488,269.743,173.033,2.025,845
183,105,0,0,0,8,13,43986,-79.299,152.449,315.186,171.840,2.050,923
183,105,0,0,0,8,14,43990,-76.840,154.217,323.877,172.300,2.033,923
183,105,0,0,0,8,15,44621,-75.991,154.827,468.722,172.470,2.027,1079
184,106,0,0,1,2,0,22487,-15.838,28.008,33.071,32.176,2.085,126
184,106,0,0,1,2,1,22469,-16.271,27.622,36.203,32.058,2.103,126
184,106,0,0,1,2,2,22420,-15.387,28.411,40.773,32.310,2.067,126
184,106,0,0,1,2,3,22460,-16.074,27.798,41.769,32.110,2.095,126
184,106,0,0,1,2,4,22412,-16.043,27.825,50.344,32.119,2.094,126
184,106,0,0,1,2,5,22467,-16.352,27.549,52.028,32.036,2.106,126
184,106,0,0,1,2,6,23504,-16.446,28.129,87.239,32.584,2.100,142
184,106,0,0,1,2,7,23541,-16.212,28.338,93.723,32.648,2.090,142
184,106,0,0,1,2,8,23522,-16.507,28.074,111.318,32.568,2.102,142
184,106,0,0,1,2,9,23549,-16.678,27.922,113.339,32.524,2.109,142
184,106,0,0,1,2,10,24218,-15.646,28.179,157.866,32.232,2.078,158
184,106,0,0,1,2,11,24226,-15.662,28.166,183.446,32.227,2.078,158
184,106,0,0,1,2,12,24657,-16.260,28.295,249.436,32.634,2.092,174
184,106,0,0,1,2,13,24659,-15.593,28.890,270.997,32.830,2.066,174
184,106,0,0,1,2,14,24664,-15.660,28.831,274.898,32.810,2.068,174
184,106,0,0,1,2,15,24658,-16.458,28.119,279.537,32.581,2.100,174
184,106,0,0,1,4,0,29596,-35.245,62.239,41.999,71.525,2.086,251
184,106,0,0,1,4,1,29591,-34.746,62.604,61.584,71.599,2.077,251
184,106,0,0,1,4,2,29619,-36.493,61.327,64.534,71.364,2.108,251
184,106,0,0,1,4,3,30381,-34.754,63.210,74.774,72.135,2.074,283
184,106,0,0,1,4,4,30383,-35.374,62.758,90.617,72.041,2.084,283
184,106,0,0,1,4,5,30380,-35.935,62.348,94.066,71.963,2.094,283
184,106,0,0,1,4,6,30388,-34.777,63.194,112.740,72.131,2.074,283
184,106,0,0,1,4,7,30375,-35.731,62.497,135.983,71.990,2.090,283
184,106,0,0,1,4,8,30950,-34.093,63.081,157.934,71.704,2.066,315
184,106,0,0,1,4,9,30953,-36.064,61.641,168.389,71.416,2.100,315
184,106,0,0,1,4,10,30949,-36.535,61.297,197.316,71.359,2.108,315
184,106,0,0,1,4,11,30956,-34.008,63.143,209.493,71.718,2.065,315
184,106,0,0,1,4,12,31367,-34.265,63.568,210.919,72.215,2.065,347
184,106,0,0,1,4,13,31376,-35.706,62.516,249.610,71.994,2.090,347
184,106,0,0,1,4,14,31372,-36.262,62.109,262.237,71.920,2.099,347
184,106,0,0,1,4,15,32014,-36.371,62.029,355.809,71.906,2.101,411
184,106,0,0,1,6,0,36269,-55.153,102.910,47.269,116.757,2.063,408
184,106,0,0,1,6,1,36283,-57.164,101.271,60.938,116.291,2.085,408
184,106,0,0,1,6,2,36899,-56.389,102.541,115.250,117.023,2.074,460
184,106,0,0,1,6,3,36906,-57.554,101.592,126.115,116.762,2.086,460
184,106,0,0,1,6,4,36903,-56.806,102.201,135.727,116.927,2.078,460
184,106,0,0,1,6,5,37414,-58.853,99.895,145.930,115.943,2.103,512
184,106,0,0,1,6,6,37420,-55.841,102.349,153.314,116.591,2.070,512
184,106,0,0,1,6,7,37419,-56.836,101.539,181.276,116.364,2.081,512
184,106,0,0,1,6,8,37421,-58.910,99.849,202.260,115.932,2.104,512
184,106,0,0,1,6,9,37824,-54.788,101.542,217.201,115.380,2.066,563
184,106,0,0,1,6,10,37827,-55.556,103.221,220.658,117.222,2.065,564
184,106,0,0,1,6,11,38162,-57.206,101.237,282.799,116.282,2.085,616
184,106,0,0,1,6,12,38160,-57.014,101.394,327.065,116.324,2.083,616
184,106,0,0,1,6,13,38158,-57.190,101.250,336.899,116.285,2.085,616
184,106,0,0,1,6,14,38163,-56.729,101.626,342.224,116.387,2.080,616
184,106,0,0,1,6,15,38719,-55.415,102.697,427.959,116.694,2.066,720
184,106,0,0,1,8,0,43271,-85.697,147.849,178.389,170.890,2.096,767
184,106,0,0,1,8,1,43670,-88.650,148.481,225.235,172.932,2.109,846
184,106,0,0,1,8,2,43676,-88.343,148.741,247.574,172.998,2.107,846
184,106,0,0,1,8,3,43677,-88.867,148.296,277.192,172.884,2.111,846
184,106,0,0,1,8,4,43987,-84.537,148.684,294.580,171.036,2.088,923
184,106,0,0,1,8,5,43996,-85.465,150.534,298.041,173.103,2.087,924
184,106,0,0,1,8,6,43992,-84.241,148.896,315.774,171.075,2.086,923
184,106,0,0,1,8,7,43991,-84.238,148.898,317.061,171.075,2.086,923
184,106,0,0,1,8,8,43989,-83.194,149.648,328.050,171.219,2.078,923
184,106,0,0,1,8,9,43988,-81.150,151.118,342.087,171.528,2.064,923
184,106,0,0,1,8,10,44333,-81.893,151.194,351.089,171.948,2.067,1001
184,106,0,0,1,8,11,44622,-84.231,148.903,420.945,171.076,2.086,1079
184,106,0,0,1,8,12,44624,-85.682,150.350,425.839,173.051,2.089,1080
184,106,0,0,1,8,13,44627,-86.003,150.078,426.857,172.974,2.091,1080
184,106,0,0,1,8,14,44625,-87.722,148.618,444.045,172.576,2.104,1080
184,106,0,0,1,8,15,44623,-87.466,148.836,446.991,172.634,2.102,1080
185,106,0,1,0,2,0,22487,-15.838,28.008,33.071,32.176,2.085,126
185,106,0,1,0,2,1,22469,-16.271,27.622,36.203,32.058,2.103,126
185,106,0,1,0,2,2,22420,-15.387,28.411,40.773,32.310,2.067,126
185,106,0,1,0,2,3,22460,-16.074,27.798,41.769,32.110,2.095,126
185,106,0,1,0,2,4,22412,-16.043,27.825,50.344,32.119,2.094,126
185,106,0,1,0,2,5,22467,-16.352,27.549,52.028,32.036,2.106,126
185,106,0,1,0,2,6,23504,-16.446,28.129,87.239,32.584,2.100,142
185,106,0,1,0,2,7,23541,-16.212,28.338,93.723,32.648,2.090,142
185,106,0,1,0,2,8,23522,-16.507,28.074,111.318,32.568,2.102,142
185,106,0,1,0,2,9,23549,-16.678,27.922,113.339,32.524,2.109,142
185,106,0,1,0,2,10,24218,-15.646,28.179,157.866,32.232,2.078,158
185,106,0,1,0,2,11,24226,-15.662,28.166,183.446,32.227,2.078,158
185,106,0,1,0,2,12,24657,-16.260,28.295,249.436,32.634,2.092,174
185,106,0,1,0,2,13,24659,-15.593,28.890,270.997,32.830,2.066,174
185,106,0,1,0,2,14,24664,-15.660,28.831,274.898,32.810,2.068,174
185,106,0,1,0,2,15,24658,-16.458,28.119,279.537,32.581,2.100,174
185,106,0,1,0,4,0,29621,-34.233,62.978,30.755,71.681,2.069,251
185,106,0,1,0,4,1,29603,-34.182,63.016,36.389,71.689,2.068,251
185,106,0,1,0,4,2,29596,-35.245,62.239,41.999,71.525,2.086,251
185,106,0,1,0,4,3,29591,-34.746,62.604,61.584,71.599,2.077,251
185,106,0,1,0,4,4,29619,-36.493,61.327,64.534,71.364,2.108,251
185,106,0,1,0,4,5,30381,-34.754,63.210,74.774,72.135,2.074,283
185,106,0,1,0,4,6,30383,-35.374,62.758,90.617,72.041,2.084,283
185,106,0,1,0,4,7,30380,-35.935,62.348,94.066,71.963,2.094,283
185,106,0,1,0,4,8,30388,-34.777,63.194,112.740,72.131,2.074,283
185,106,0,1,0,4,9,30375,-35.731,62.497,135.983,71.990,2.090,283
185,106,0,1,0,4,10,30950,-34.093,63.081,157.934,71.704,2.066,315
185,106,0,1,0,4,11,30953,-36.064,61.641,168.389,71.416,2.100,315
185,106,0,1,0,4,12,30949,-36.535,61.297,197.316,71.359,2.108,315
185,106,0,1,0,4,13,30956,-34.008,63.143,209.493,71.718,2.065,315
185,106,0,1,0,4,14,31367,-34.265,63.568,210.919,72.215,2.065,347
185,106,0,1,0,4,15,31376,-35.706,62.516,249.610,71.994,2.090,347
185,106,0,1,0,6,0,35525,-58.230,101.041,-2.908,116.619,2.094,356
185,106,0,1,0,6,1,36267,-56.993,101.411,10.334,116.329,2.083,408
185,106,0,1,0,6,2,36247,-54.327,101.248,17.570,114.903,2.063,407
185,106,0,1,0,6,3,36266,-55.149,102.914,17.872,116.759,2.063,408
185,106,0,1,0,6,4,36277,-55.806,102.378,19.236,116.600,2.070,408
185,106,0,1,0,6,5,36265,-56.092,102.145,41.757,116.533,2.073,408
185,106,0,1,0,6,6,36269,-55.153,102.910,47.269,116.757,2.063,408
185,106,0,1,0,6,7,36283,-57.164,101.271,60.938,116.291,2.085,408
185,106,0,1,0,6,8,36899,-56.389,102.541,115.250,117.023,2.074,460
185,106,0,1,0,6,9,36906,-57.554,101.592,126.115,116.762,2.086,460
185,106,0,1,0,6,10,36903,-56.806,102.201,135.727,116.927,2.078,460
185,106,0,1,0,6,11,37414,-58.853,99.895,145.930,115.943,2.103,512
185,106,0,1,0,6,12,37420,-55.841,102.349,153.314,116.591,2.070,512
185,106,0,1,0,6,13,37419,-56.836,101.539,181.276,116.364,2.081,512
185,106,0,1,0,6,14,37421,-58.910,99.849,202.260,115.932,2.104,512
185,106,0,1,0,6,15,37824,-54.788,101.542,217.201,115.380,2.066,563
185,106,0,1,0,8,0,41686,-82.096,151.048,-30.879,171.916,2.069,533
185,106,0,1,0,8,1,41682,-81.862,151.216,-9.942,171.952,2.067,533
185,106,0,1,0,8,2,41690,-82.701,150.613,-2.234,171.825,2.073,533
185,106,0,1,0,8,3,42274,-83.504,149.426,10.109,171.175,2.080,611
185,106,0,1,0,8,4,42281,-81.078,151.170,14.892,171.540,2.063,611
185,106,0,1,0,8,5,42289,-88.354,148.082,26.703,172.437,2.109,612
185,106,0,1,0,8,6,42280,-82.501,150.147,28.105,171.320,2.073,611
185,106,0,1,0,8,7,42279,-81.516,150.855,59.107,171.471,2.066,611
185,106,0,1,0,8,8,42802,-88.184,148.876,92.002,173.033,2.106,690
185,106,0,1,0,8,9,42794,-86.201,148.097,97.667,171.357,2.098,689
185,106,0,1,0,8,10,42800,-86.888,149.976,98.823,173.327,2.096,690
185,106,0,1,0,8,11,42791,-81.533,151.453,101.049,172.005,2.065,689
185,106,0,1,0,8,12,42792,-82.885,150.481,119.065,171.798,2.074,689
185,106,0,1,0,8,13,43267,-83.515,149.418,164.883,171.174,2.080,767
185,106,0,1,0,8,14,43265,-82.041,150.478,170.960,171.390,2.070,767
185,106,0,1,0,8,15,43271,-85.697,147.849,178.389,170.890,2.096,767
186,107,0,0,1,2,0,22396,-17.015,26.957,54.617,31.878,2.134,126
186,107,0,0,1,2,1,22477,-17.019,26.953,58.908,31.877,2.134,126
186,107,0,0,1,2,2,22474,-16.525,27.394,61.161,31.993,2.114,126
186,107,0,0,1,2,3,22481,-16.905,27.055,61.506,31.902,2.129,126
186,107,0,0,1,2,4,22417,-17.110,26.872,68.797,31.857,2.138,126
186,107,0,0,1,2,5,23531,-17.369,27.304,70.055,32.361,2.137,142
186,107,0,0,1,2,6,23520,-17.188,27.466,85.376,32.401,2.130,142
186,107,0,0,1,2,7,23539,-17.134,27.514,110.679,32.413,2.128,142
186,107,0,0,1,2,8,23512,-17.209,27.448,116.030,32.396,2.131,142
186,107,0,0,1,2,9,23537,-17.560,27.134,132.429,32.320,2.145,142
186,107,0,0,1,2,10,23518,-17.821,26.901,136.390,32.268,2.156,142
186,107,0,0,1,2,11,24234,-17.266,26.733,151.689,31.824,2.144,158
186,107,0,0,1,2,12,24213,-16.709,27.230,174.120,31.948,2.121,158
186,107,0,0,1,2,13,24238,-16.937,27.026,192.229,31.895,2.131,158
186,107,0,0,1,2,14,24676,-17.235,27.424,223.613,32.390,2.132,174
186,107,0,0,1,2,15,24668,-17.517,27.172,234.147,32.329,2.143,174
186,107,0,0,1,4,0,29623,-38.750,59.679,28.934,71.156,2.147,251
186,107,0,0,1,4,1,29608,-39.026,59.477,41.833,71.138,2.151,251
186,107,0,0,1,4,2,29632,-40.296,61.142,43.308,73.226,2.154,252
186,107,0,0,1,4,3,29597,-39.375,59.222,64.838,71.117,2.158,251
186,107,0,0,1,4,4,29634,-40.456,60.968,66.576,73.169,2.157,252
186,107,0,0,1,4,5,30363,-39.604,59.668,85.127,71.615,2.157,283
186,107,0,0,1,4,6,30408,-40.782,61.344,87.642,73.663,2.158,284
186,107,0,0,1,4,7,30367,-38.466,60.499,94.620,71.692,2.137,283
186,107,0,0,1,4,8,30379,-39.051,60.072,98.005,71.649,2.147,283
186,107,0,0,1,4,9,30411,-40.378,61.784,101.090,73.808,2.150,284
186,107,0,0,1,4,10,30374,-37.339,61.323,105.547,71.796,2.118,283
186,107,0,0,1,4,11,30391,-37.293,61.356,128.374,71.801,2.117,283
186,107,0,0,1,4,12,30387,-38.658,60.359,132.871,71.677,2.140,283
186,107,0,0,1,4,13,31374,-37.142,61.467,228.577,71.817,2.114,347
186,107,0,0,1,4,14,31364,-39.174,59.982,230.906,71.641,2.149,347
186,107,0,0,1,4,15,31738,-39.493,59.136,299.807,71.111,2.160,379
186,107,0,0,1,6,0,36279,-61.714,97.564,37.263,115.444,2.135,408
186,107,0,0,1,6,1,36275,-60.012,98.951,46.867,115.727,2.116,408
186,107,0,0,1,6,2,36282,-63.153,96.391,58.654,115.237,2.151,408
186,107,0,0,1,6,3,36276,-63.467,96.136,64.935,115.196,2.154,408
186,107,0,0,1,6,4,36896,-63.323,96.891,88.502,115.749,2.150,460
186,107,0,0,1,6,5,36898,-63.115,97.061,93.589,115.777,2.147,460
186,107,0,0,1,6,6,36904,-61.142,98.669,100.798,116.077,2.126,460
186,107,0,0,1,6,7,36902,-62.540,97.529,102.468,115.859,2.141,460
186,107,0,0,1,6,8,36897,-62.158,97.841,102.567,115.916,2.137,460
186,107,0,0,1,6,9,37416,-60.384,98.648,159.258,115.661,2.120,512
186,107,0,0,1,6,10,37417,-61.141,98.031,193.537,115.535,2.128,512
186,107,0,0,1,6,11,37829,-63.077,97.092,214.779,115.782,2.147,564
186,107,0,0,1,6,12,37826,-60.947,98.827,214.969,116.109,2.123,564
186,107,0,0,1,6,13,37830,-61.976,97.989,243.183,115.943,2.135,564
186,107,0,0,1,6,14,37828,-60.251,99.394,261.916,116.230,2.116,564
186,107,0,0,1,6,15,38471,-62.291,97.732,418.950,115.895,2.138,668
186,107,0,0,1,8,0,43274,-93.584,143.642,145.768,171.438,2.148,768
186,107,0,0,1,8,1,43272,-88.629,147.848,150.046,172.378,2.111,768
186,107,0,0,1,8,2,43277,-89.759,146.890,169.503,172.143,2.119,768
186,107,0,0,1,8,3,43276,-95.105,142.351,182.591,171.198,2.160,768
186,107,0,0,1,8,4,43279,-89.186,147.376,200.810,172.261,2.115,768
186,107,0,0,1,8,5,43273,-94.985,142.453,204.368,171.216,2.159,768
186,107,0,0,1,8,6,43671,-92.840,144.923,213.099,172.110,2.141,846
186,107,0,0,1,8,7,43674,-91.243,146.279,217.029,172.403,2.129,846
186,107,0,0,1,8,8,43673,-91.790,145.815,223.899,172.300,2.133,846
186,107,0,0,1,8,9,43672,-89.159,148.048,272.631,172.823,2.113,846
186,107,0,0,1,8,10,43995,-91.976,145.007,295.705,171.717,2.136,924
186,107,0,0,1,8,11,43994,-90.545,146.222,304.926,171.986,2.125,924
186,107,0,0,1,8,12,43993,-94.472,142.888,317.906,171.295,2.155,924
186,107,0,0,1,8,13,44337,-92.133,145.524,382.568,172.237,2.135,1002
186,107,0,0,1,8,14,44626,-91.561,145.360,419.494,171.793,2.133,1080
186,107,0,0,1,8,15,44335,-91.877,145.741,420.671,172.284,2.133,1002
187,107,0,1,1,2,0,22396,-17.015,26.957,54.617,31.878,2.134,126
187,107,0,1,1,2,1,22477,-17.019,26.953,58.908,31.877,2.134,126
187,107,0,1,1,2,2,22474,-16.525,27.394,61.161,31.993,2.114,126
187,107,0,1,1,2,3,22481,-16.905,27.055,61.506,31.902,2.129,126
187,107,0,1,1,2,4,22417,-17.110,26.872,68.797,31.857,2.138,126
187,107,0,1,1,2,5,23531,-17.369,27.304,70.055,32.361,2.137,142
187,107,0,1,1,2,6,23520,-17.188,27.466,85.376,32.401,2.130,142
187,107,0,1,1,2,7,23539,-17.134,27.514,110.679,32.413,2.128,142
187,107,0,1,1,2,8,23512,-17.209,27.448,116.030,32.396,2.131,142
187,107,0,1,1,2,9,23537,-17.560,27.134,132.429,32.320,2.145,142
187,107,0,1,1,2,10,23518,-17.821,26.901,136.390,32.268,2.156,142
187,107,0,1,1,2,11,24234,-17.266,26.733,151.689,31.824,2.144,158
187,107,0,1,1,2,12,24213,-16.709,27.230,174.120,31.948,2.121,158
187,107,0,1,1,2,13,24238,-16.937,27.026,192.229,31.895,2.131,158
187,107,0,1,1,2,14,24676,-17.235,27.424,223.613,32.390,2.132,174
187,107,0,1,1,2,15,24668,-17.517,27.172,234.147,32.329,2.143,174
187,107,0,1,1,4,0,29593,-38.057,60.185,3.854,71.208,2.135,251
187,107,0,1,1,4,1,29594,-38.286,60.018,22.528,71.189,2.139,251
187,107,0,1,1,4,2,29623,-38.750,59.679,28.934,71.156,2.147,251
187,107,0,1,1,4,3,29608,-39.026,59.477,41.833,71.138,2.151,251
187,107,0,1,1,4,4,29632,-40.296,61.142,43.308,73.226,2.154,252
187,107,0,1,1,4,5,29597,-39.375,59.222,64.838,71.117,2.158,251
187,107,0,1,1,4,6,29634,-40.456,60.968,66.576,73.169,2.157,252
187,107,0,1,1,4,7,30363,-39.604,59.668,85.127,71.615,2.157,283
187,107,0,1,1,4,8,30408,-40.782,61.344,87.642,73.663,2.158,284
187,107,0,1,1,4,9,30367,-38.466,60.499,94.620,71.692,2.137,283
187,107,0,1,1,4,10,30379,-39.051,60.072,98.005,71.649,2.147,283
187,107,0,1,1,4,11,30411,-40.378,61.784,101.090,73.808,2.150,284
187,107,0,1,1,4,12,30374,-37.339,61.323,105.547,71.796,2.118,283
187,107,0,1,1,4,13,30391,-37.293,61.356,128.374,71.801,2.117,283
187,107,0,1,1,4,14,30387,-38.658,60.359,132.871,71.677,2.140,283
187,107,0,1,1,4,15,31374,-37.142,61.467,228.577,71.817,2.114,347
187,107,0,1,1,6,0,36273,-62.898,96.599,-0.483,115.272,2.148,408
187,107,0,1,1,6,1,36264,-62.259,97.119,3.809,115.362,2.141,408
187,107,0,1,1,6,2,36280,-63.918,95.767,11.651,115.139,2.159,408
187,107,0,1,1,6,3,36274,-62.667,96.787,24.028,115.303,2.145,408
187,107,0,1,1,6,4,36278,-60.991,98.153,32.102,115.559,2.127,408
187,107,0,1,1,6,5,36279,-61.714,97.564,37.263,115.444,2.135,408
187,107,0,1,1,6,6,36275,-60.012,98.951,46.867,115.727,2.116,408
187,107,0,1,1,6,7,36282,-63.153,96.391,58.654,115.237,2.151,408
187,107,0,1,1,6,8,36276,-63.467,96.136,64.935,115.196,2.154,408
187,107,0,1,1,6,9,36896,-63.323,96.891,88.502,115.749,2.150,460
187,107,0,1,1,6,10,36898,-63.115,97.061,93.589,115.777,2.147,460
187,107,0,1,1,6,11,36904,-61.142,98.669,100.798,116.077,2.126,460
187,107,0,1,1,6,12,36902,-62.540,97.529,102.468,115.859,2.141,460
187,107,0,1,1,6,13,36897,-62.158,97.841,102.567,115.916,2.137,460
187,107,0,1,1,6,14,37416,-60.384,98.648,159.258,115.661,2.120,512
187,107,0,1,1,6,15,37417,-61.141,98.031,193.537,115.535,2.128,512
187,107,0,1,1,8,0,41694,-92.900,144.873,-27.429,172.100,2.141,534
187,107,0,1,1,8,1,41691,-93.071,144.727,-25.238,172.070,2.142,534
187,107,0,1,1,8,2,41696,-91.218,146.300,-18.434,172.408,2.128,534
187,107,0,1,1,8,3,41695,-90.549,146.869,-15.228,172.539,2.123,534
187,107,0,1,1,8,4,42287,-94.664,142.726,5.268,171.266,2.156,612
187,107,0,1,1,8,5,42288,-92.406,144.642,17.366,171.640,2.139,612
187,107,0,1,1,8,6,42285,-91.093,145.757,56.054,171.881,2.129,612
187,107,0,1,1,8,7,42286,-94.305,143.030,57.271,171.321,2.154,612
187,107,0,1,1,8,8,42284,-93.962,143.321,69.130,171.376,2.151,612
187,107,0,1,1,8,9,42801,-94.279,143.702,69.330,171.868,2.151,690
187,107,0,1,1,8,10,42797,-92.410,145.288,91.407,172.187,2.137,690
187,107,0,1,1,8,11,42799,-95.117,142.991,94.530,171.737,2.158,690
187,107,0,1,1,8,12,42796,-88.932,148.241,102.854,172.871,2.111,690
187,107,0,1,1,8,13,42798,-89.169,148.040,140.077,172.820,2.113,690
187,107,0,1,1,8,14,43275,-89.255,147.317,140.865,172.246,2.116,768
187,107,0,1,1,8,15,43274,-93.584,143.642,145.768,171.438,2.148,768
188,107,1,0,1,2,0,20377,-17.547,27.145,-39.700,32.323,2.145,110
188,107,1,0,1,2,1,20432,-17.070,27.572,-34.733,32.428,2.125,110
188,107,1,0,1,2,2,20357,-17.738,26.975,-26.635,32.284,2.152,110
188,107,1,0,1,2,3,20367,-16.783,27.828,-10.058,32.497,2.113,110
188,107,1,0,1,2,4,22404,-16.615,27.314,1.559,31.971,2.117,126
188,107,1,0,1,2,5,22441,-16.750,27.193,6.746,31.938,2.123,126
188,107,1,0,1,2,6,22416,-17.066,26.911,7.867,31.866,2.136,126
188,107,1,0,1,2,7,22391,-17.198,26.793,9.420,31.838,2.141,126
188,107,1,0,1,2,8,22497,-16.518,27.400,14.328,31.994,2.113,126
188,107,1,0,1,2,9,22476,-16.785,27.162,21.277,31.930,2.124,126
188,107,1,0,1,2,10,22437,-17.461,26.559,24.934,31.784,2.152,126
188,107,1,0,1,2,11,22436,-17.116,26.867,32.249,31.856,2.138,126
188,107,1,0,1,2,12,22516,-17.217,26.776,36.171,31.834,2.142,126
188,107,1,0,1,2,13,22415,-16.492,27.424,40.844,32.001,2.112,126
188,107,1,0,1,2,14,22440,-17.536,26.492,46.406,31.770,2.156,126
188,107,1,0,1,2,15,22396,-17.015,26.957,54.617,31.878,2.134,126
188,107,1,0,1,4,0,29593,-38.057,60.185,3.854,71.208,2.135,251
188,107,1,0,1,4,1,29594,-38.286,60.018,22.528,71.189,2.139,251
188,107,1,0,1,4,2,29623,-38.750,59.679,28.934,71.156,2.147,251
188,107,1,0,1,4,3,29608,-39.026,59.477,41.833,71.138,2.151,251
188,107,1,0,1,4,4,29632,-40.296,61.142,43.308,73.226,2.154,252
188,107,1,0,1,4,5,29597,-39.375,59.222,64.838,71.117,2.158,251
188,107,1,0,1,4,6,29634,-40.456,60.968,66.576,73.169,2.157,252
188,107,1,0,1,4,7,30363,-39.604,59.668,85.127,71.615,2.157,283
188,107,1,0,1,4,8,30408,-40.782,61.344,87.642,73.663,2.158,284
188,107,1,0,1,4,9,30367,-38.466,60.499,94.620,71.692,2.137,283
188,107,1,0,1,4,10,30379,-39.051,60.072,98.005,71.649,2.147,283
188,107,1,0,1,4,11,30411,-40.378,61.784,101.090,73.808,2.150,284
188,107,1,0,1,4,12,30374,-37.339,61.323,105.547,71.796,2.118,283
188,107,1,0,1,4,13,30391,-37.293,61.356,128.374,71.801,2.117,283
188,107,1,0,1,4,14,30387,-38.658,60.359,132.871,71.677,2.140,283
188,107,1,0,1,4,15,31374,-37.142,61.467,228.577,71.817,2.114,347
188,107,1,0,1,6,0,36279,-61.714,97.564,37.263,115.444,2.135,408
188,107,1,0,1,6,1,36275,-60.012,98.951,46.867,115.727,2.116,408
188,107,1,0,1,6,2,36282,-63.153,96.391,58.654,115.237,2.151,408
188,107,1,0,1,6,3,36276,-63.467,96.136,64.935,115.196,2.154,408
188,107,1,0,1,6,4,36896,-63.323,96.891,88.502,115.749,2.150,460
188,107,1,0,1,6,5,36898,-63.115,97.061,93.589,115.777,2.147,460
188,107,1,0,1,6,6,36904,-61.142,98.669,100.798,116.077,2.126,460
188,107,1,0,1,6,7,36902,-62.540,97.529,102.468,115.859,2.141,460
188,107,1,0,1,6,8,36897,-62.158,97.841,102.567,115.916,2.137,460
188,107,1,0,1,6,9,37416,-60.384,98.648,159.258,115.661,2.120,512
188,107,1,0,1,6,10,37417,-61.141,98.031,193.537,115.535,2.128,512
188,107,1,0,1,6,11,37829,-63.077,97.092,214.779,115.782,2.147,564
188,107,1,0,1,6,12,37826,-60.947,98.827,214.969,116.109,2.123,564
188,107,1,0,1,6,13,37830,-61.976,97.989,243.183,115.943,2.135,564
188,107,1,0,1,6,14,37828,-60.251,99.394,261.916,116.230,2.116,564
188,107,1,0,1,6,15,38471,-62.291,97.732,418.950,115.895,2.138,668
188,107,1,0,1,8,0,43274,-93.584,143.642,145.768,171.438,2.148,768
188,107,1,0,1,8,1,43272,-88.629,147.848,150.046,172.378,2.111,768
188,107,1,0,1,8,2,43277,-89.759,146.890,169.503,172.143,2.119,768
188,107,1,0,1,8,3,43276,-95.105,142.351,182.591,171.198,2.160,768
188,107,1,0,1,8,4,43279,-89.186,147.376,200.810,172.261,2.115,768
188,107,1,0,1,8,5,43273,-94.985,142.453,204.368,171.216,2.159,768
188,107,1,0,1,8,6,43671,-92.840,144.923,213.099,172.110,2.141,846
188,107,1,0,1,8,7,43674,-91.243,146.279,217.029,172.403,2.129,846
188,107,1,0,1,8,8,43673,-91.790,145.815,223.899,172.300,2.133,846
188,107,1,0,1,8,9,43672,-89.159,148.048,272.631,172.823,2.113,846
188,107,1,0,1,8,10,43995,-91.976,145.007,295.705,171.717,2.136,924
188,107,1,0,1,8,11,43994,-90.545,146.222,304.926,171.986,2.125,924
188,107,1,0,1,8,12,43993,-94.472,142.888,317.906,171.295,2.155,924
188,107,1,0,1,8,13,44337,-92.133,145.524,382.568,172.237,2.135,1002
188,107,1,0,1,8,14,44626,-91.561,145.360,419.494,171.793,2.133,1080
188,107,1,0,1,8,15,44335,-91.877,145.741,420.671,172.284,2.133,1002
189,107,1,1,0,2,0,20377,-17.547,27.145,-39.700,32.323,2.145,110
189,107,1,1,0,2,1,20432,-17.070,27.572,-34.733,32.428,2.125,110
189,107,1,1,0,2,2,20357,-17.738,26.975,-26.635,32.284,2.152,110
189,107,1,1,0,2,3,20367,-16.783,27.828,-10.058,32.497,2.113,110
189,107,1,1,0,2,4,22404,-16.615,27.314,1.559,31.971,2.117,126
189,107,1,1,0,2,5,22441,-16.750,27.193,6.746,31.938,2.123,126
189,107,1,1,0,2,6,22416,-17.066,26.911,7.867,31.866,2.136,126
189,107,1,1,0,2,7,22391,-17.198,26.793,9.420,31.838,2.141,126
189,107,1,1,0,2,8,22497,-16.518,27.400,14.328,31.994,2.113,126
189,107,1,1,0,2,9,22476,-16.785,27.162,21.277,31.930,2.124,126
189,107,1,1,0,2,10,22437,-17.461,26.559,24.934,31.784,2.152,126
189,107,1,1,0,2,11,22436,-17.116,26.867,32.249,31.856,2.138,126
189,107,1,1,0,2,12,22516,-17.217,26.776,36.171,31.834,2.142,126
189,107,1,1,0,2,13,22415,-16.492,27.424,40.844,32.001,2.112,126
189,107,1,1,0,2,14,22440,-17.536,26.492,46.406,31.770,2.156,126
189,107,1,1,0,2,15,22396,-17.015,26.957,54.617,31.878,2.134,126
189,107,1,1,0,4,0,27430,-38.178,60.097,-85.047,71.198,2.137,187
189,107,1,1,0,4,1,27439,-40.569,60.844,-81.687,73.129,2.159,188
189,107,1,1,0,4,2,27421,-39.349,59.242,-79.378,71.119,2.157,187
189,107,1,1,0,4,3,28550,-37.292,61.357,-56.031,71.801,2.117,219
189,107,1,1,0,4,4,28544,-38.373,60.567,-51.443,71.700,2.136,219
189,107,1,1,0,4,5,29592,-37.500,60.592,1.343,71.257,2.125,251
189,107,1,1,0,4,6,29606,-37.706,60.441,2.628,71.238,2.129,251
189,107,1,1,0,4,7,29626,-36.972,60.977,2.849,71.310,2.116,251
189,107,1,1,0,4,8,29593,-38.057,60.185,3.854,71.208,2.135,251
189,107,1,1,0,4,9,29594,-38.286,60.018,22.528,71.189,2.139,251
189,107,1,1,0,4,10,29623,-38.750,59.679,28.934,71.156,2.147,251
189,107,1,1,0,4,11,29608,-39.026,59.477,41.833,71.138,2.151,251
189,107,1,1,0,4,12,29632,-40.296,61.142,43.308,73.226,2.154,252
189,107,1,1,0,4,13,29597,-39.375,59.222,64.838,71.117,2.158,251
189,107,1,1,0,4,14,29634,-40.456,60.968,66.576,73.169,2.157,252
189,107,1,1,0,4,15,30363,-39.604,59.668,85.127,71.615,2.157,283
189,107,1,1,0,6,0,35518,-61.648,98.256,-2.293,115.995,2.131,356
189,107,1,1,0,6,1,35520,-63.193,96.998,-0.491,115.766,2.148,356
189,107,1,1,0,6,2,36273,-62.898,96.599,-0.483,115.272,2.148,408
189,107,1,1,0,6,3,36264,-62.259,97.119,3.809,115.362,2.141,408
189,107,1,1,0,6,4,36280,-63.918,95.767,11.651,115.139,2.159,408
189,107,1,1,0,6,5,36274,-62.667,96.787,24.028,115.303,2.145,408
189,107,1,1,0,6,6,36278,-60.991,98.153,32.102,115.559,2.127,408
189,107,1,1,0,6,7,36279,-61.714,97.564,37.263,115.444,2.135,408
189,107,1,1,0,6,8,36275,-60.012,98.951,46.867,115.727,2.116,408
189,107,1,1,0,6,9,36282,-63.153,96.391,58.654,115.237,2.151,408
189,107,1,1,0,6,10,36276,-63.467,96.136,64.935,115.196,2.154,408
189,107,1,1,0,6,11,36896,-63.323,96.891,88.502,115.749,2.150,460
189,107,1,1,0,6,12,36898,-63.115,97.061,93.589,115.777,2.147,460
189,107,1,1,0,6,13,36904,-61.142,98.669,100.798,116.077,2.126,460
189,107,1,1,0,6,14,36902,-62.540,97.529,102.468,115.859,2.141,460
189,107,1,1,0,6,15,36897,-62.158,97.841,102.567,115.916,2.137,460
189,107,1,1,0,8,0,41694,-92.900,144.873,-27.429,172.100,2.141,534
189,107,1,1,0,8,1,41691,-93.071,144.727,-25.238,172.070,2.142,534
189,107,1,1,0,8,2,41696,-91.218,146.300,-18.434,172.408,2.128,534
189,107,1,1,0,8,3,41695,-90.549,146.869,-15.228,172.539,2.123,534
189,107,1,1,0,8,4,42287,-94.664,142.726,5.268,171.266,2.156,612
189,107,1,1,0,8,5,42288,-92.406,144.642,17.366,171.640,2.139,612
189,107,1,1,0,8,6,42285,-91.093,145.757,56.054,171.881,2.129,612
189,107,1,1,0,8,7,42286,-94.305,143.030,57.271,171.321,2.154,612
189,107,1,1,0,8,8,42284,-93.962,143.321,69.130,171.376,2.151,612
189,107,1,1,0,8,9,42801,-94.279,143.702,69.330,171.868,2.151,690
189,107,1,1,0,8,10,42797,-92.410,145.288,91.407,172.187,2.137,690
189,107,1,1,0,8,11,42799,-95.117,142.991,94.530,171.737,2.158,690
189,107,1,1,0,8,12,42796,-88.932,148.241,102.854,172.871,2.111,690
189,107,1,1,0,8,13,42798,-89.169,148.040,140.077,172.820,2.113,690
189,107,1,1,0,8,14,43275,-89.255,147.317,140.865,172.246,2.116,768
189,107,1,1,0,8,15,43274,-93.584,143.642,145.768,171.438,2.148,768
190,108,0,0,0,2,0,22495,-18.179,25.917,33.544,31.657,2.182,126
190,108,0,0,0,2,1,22478,-18.527,25.606,37.813,31.606,2.197,126
190,108,0,0,0,2,2,22392,-18.445,25.680,46.525,31.617,2.194,126
190,108,0,0,0,2,3,22439,-18.309,25.801,70.404,31.637,2.188,126
190,108,0,0,0,2,4,23547,-18.605,26.201,71.536,32.134,2.188,142
190,108,0,0,0,2,5,23536,-19.024,25.826,82.687,32.077,2.206,142
190,108,0,0,0,2,6,23513,-18.422,26.364,93.942,32.163,2.181,142
190,108,0,0,0,2,7,23527,-18.595,26.209,97.834,32.136,2.188,142
190,108,0,0,0,2,8,23509,-18.667,26.145,110.450,32.125,2.191,142
190,108,0,0,0,2,9,24219,-18.567,25.571,141.860,31.601,2.199,158
190,108,0,0,0,2,10,24231,-18.565,25.573,145.921,31.601,2.199,158
190,108,0,0,0,2,11,24230,-17.730,26.318,146.641,31.733,2.164,158
190,108,0,0,0,2,12,24229,-18.424,25.698,151.045,31.620,2.193,158
190,108,0,0,0,2,13,24224,-17.692,26.352,157.543,31.740,2.162,158
190,108,0,0,0,2,14,24663,-18.492,26.301,244.824,32.151,2.184,174
190,108,0,0,0,2,15,24660,-18.707,26.110,275.512,32.119,2.192,174
190,108,0,0,0,4,0,29631,-41.162,60.200,70.609,72.927,2.171,252
190,108,0,0,0,4,1,30400,-41.471,60.595,71.078,73.428,2.171,284
190,108,0,0,0,4,2,30395,-43.239,58.672,100.095,72.884,2.206,284
190,108,0,0,0,4,3,30405,-42.446,59.535,106.645,73.117,2.190,284
190,108,0,0,0,4,4,30397,-43.376,58.523,107.421,72.846,2.209,284
190,108,0,0,0,4,5,30370,-40.800,58.794,115.229,71.564,2.177,283
190,108,0,0,0,4,6,30413,-41.810,60.226,118.015,73.316,2.178,284
190,108,0,0,0,4,7,30402,-41.024,61.081,135.401,73.579,2.162,284
190,108,0,0,0,4,8,30960,-42.835,58.380,185.559,72.409,2.204,316
190,108,0,0,0,4,9,30972,-43.021,58.179,189.787,72.357,2.208,316
190,108,0,0,0,4,10,31378,-40.639,58.912,221.728,71.569,2.175,347
190,108,0,0,0,4,11,31384,-41.628,60.424,227.405,73.376,2.174,348
190,108,0,0,0,4,12,31379,-41.156,60.938,231.507,73.534,2.165,348
190,108,0,0,0,4,13,31385,-43.352,58.550,262.522,72.852,2.208,348
190,108,0,0,0,4,14,31734,-40.600,58.327,291.088,71.066,2.179,379
190,108,0,0,0,4,15,31742,-41.655,59.664,298.083,72.766,2.180,380
190,108,0,0,0,6,0,36912,-68.481,94.848,103.968,116.986,2.196,461
190,108,0,0,0,6,1,36915,-69.213,94.087,111.383,116.803,2.205,461
190,108,0,0,0,6,2,36908,-69.498,93.791,133.102,116.734,2.209,461
190,108,0,0,0,6,3,36900,-65.357,95.234,139.184,115.503,2.172,460
190,108,0,0,0,6,4,37427,-68.734,93.871,140.929,116.345,2.203,513
190,108,0,0,0,6,5,37429,-66.262,96.440,141.049,117.010,2.173,513
190,108,0,0,0,6,6,37418,-64.536,95.264,158.516,115.066,2.166,512
190,108,0,0,0,6,7,37438,-65.834,96.885,161.566,117.136,2.168,513
190,108,0,0,0,6,8,37425,-68.427,94.191,161.728,116.422,2.199,513
190,108,0,0,0,6,9,37437,-67.912,94.725,167.852,116.554,2.193,513
190,108,0,0,0,6,10,37424,-64.052,95.659,184.518,115.123,2.161,512
190,108,0,0,0,6,11,38157,-64.287,95.467,295.606,115.095,2.163,616
190,108,0,0,0,6,12,38159,-64.245,95.501,297.952,115.100,2.163,616
190,108,0,0,0,6,13,38156,-64.493,95.299,305.528,115.071,2.166,616
190,108,0,0,0,6,14,38172,-68.386,94.233,333.291,116.432,2.199,617
190,108,0,0,0,6,15,38469,-64.329,96.072,360.323,115.620,2.161,668
190,108,0,0,0,8,0,42291,-96.450,141.209,44.662,171.004,2.170,612
190,108,0,0,0,8,1,42290,-96.050,141.549,54.170,171.061,2.167,612
190,108,0,0,0,8,2,42805,-102.292,138.887,71.580,172.491,2.206,691
190,108,0,0,0,8,3,42807,-99.456,141.718,102.442,173.134,2.183,691
190,108,0,0,0,8,4,42803,-101.752,139.426,116.645,172.607,2.201,691
190,108,0,0,0,8,5,43278,-96.704,140.993,155.356,170.970,2.172,768
190,108,0,0,0,8,6,43280,-95.821,141.743,193.007,171.093,2.165,768
190,108,0,0,0,8,7,43678,-102.136,139.043,243.380,172.525,2.204,847
190,108,0,0,0,8,8,43675,-95.474,142.687,248.043,171.682,2.160,846
190,108,0,0,0,8,9,44000,-98.190,142.282,309.298,172.874,2.175,925
190,108,0,0,0,8,10,44001,-100.003,140.473,332.495,172.433,2.189,925
190,108,0,0,0,8,11,44334,-97.698,140.799,391.584,171.374,2.177,1002
190,108,0,0,0,8,12,44343,-99.078,142.095,395.970,173.227,2.180,1003
190,108,0,0,0,8,13,44339,-98.369,142.803,408.915,173.405,2.174,1003
190,108,0,0,0,8,14,44336,-97.098,141.309,411.024,171.453,2.173,1002
190,108,0,0,0,8,15,44630,-99.082,141.392,445.798,172.653,2.182,1081
191,109,0,0,1,2,0,22465,-18.858,25.311,65.948,31.564,2.211,126
191,109,0,0,1,2,1,22493,-19.793,24.475,66.525,31.477,2.251,126
191,109,0,0,1,2,2,22483,-19.897,24.383,67.130,31.471,2.255,126
191,109,0,0,1,2,3,23515,-19.297,25.583,73.495,32.044,2.217,142
191,109,0,0,1,2,4,23517,-20.051,24.909,80.133,31.977,2.249,142
191,109,0,0,1,2,5,23534,-19.931,25.016,87.928,31.985,2.244,142
191,109,0,0,1,2,6,23551,-20.092,24.872,117.903,31.974,2.250,142
191,109,0,0,1,2,7,23529,-19.465,25.433,119.839,32.026,2.224,142
191,109,0,0,1,2,8,23550,-19.972,24.980,134.656,31.982,2.245,142
191,109,0,0,1,2,9,23542,-19.198,25.671,134.744,32.055,2.213,142
191,109,0,0,1,2,10,24212,-19.700,24.559,139.567,31.484,2.247,158
191,109,0,0,1,2,11,24237,-19.041,25.147,140.125,31.543,2.219,158
191,109,0,0,1,2,12,24222,-19.184,25.019,182.138,31.528,2.225,158
191,109,0,0,1,2,13,24661,-19.877,25.064,269.350,31.989,2.241,174
191,109,0,0,1,2,14,24669,-19.787,25.144,275.380,31.997,2.238,174
191,109,0,0,1,2,15,24877,-19.369,24.854,280.558,31.510,2.233,190
191,109,0,0,1,4,0,30416,-45.477,56.239,81.186,72.326,2.251,284
191,109,0,0,1,4,1,30422,-45.096,56.653,83.883,72.410,2.243,284
191,109,0,0,1,4,2,30407,-44.427,57.381,87.667,72.570,2.230,284
191,109,0,0,1,4,3,30409,-44.747,57.032,90.380,72.492,2.236,284
191,109,0,0,1,4,4,30393,-43.902,57.951,104.148,72.703,2.219,284
191,109,0,0,1,4,5,30961,-43.819,57.311,161.950,72.143,2.224,316
191,109,0,0,1,4,6,30967,-43.640,57.505,185.834,72.189,2.220,316
191,109,0,0,1,4,7,30973,-43.719,57.419,204.501,72.169,2.222,316
191,109,0,0,1,4,8,30965,-44.424,56.653,207.095,71.993,2.236,316
191,109,0,0,1,4,9,31386,-43.701,58.171,248.684,72.757,2.215,348
191,109,0,0,1,4,10,31381,-44.564,57.232,266.660,72.536,2.232,348
191,109,0,0,1,4,11,31751,-45.013,56.013,292.307,71.858,2.248,380
191,109,0,0,1,4,12,31752,-44.394,56.685,302.832,72.000,2.235,380
191,109,0,0,1,4,13,31740,-43.521,57.635,319.877,72.221,2.218,380
191,109,0,0,1,4,14,31748,-43.975,57.141,326.565,72.103,2.227,380
191,109,0,0,1,4,15,31743,-43.583,57.567,336.015,72.204,2.219,380
191,109,0,0,1,6,0,35532,-72.133,91.054,-62.378,116.163,2.241,357
191,109,0,0,1,6,1,35534,-70.167,93.096,-41.111,116.578,2.217,357
191,109,0,0,1,6,2,35541,-71.908,91.287,-37.604,116.207,2.238,357
191,109,0,0,1,6,3,35540,-69.661,93.622,-25.610,116.695,2.210,357
191,109,0,0,1,6,4,35539,-73.214,89.930,-1.841,115.964,2.254,357
191,109,0,0,1,6,5,36289,-69.293,93.291,37.119,116.209,2.210,409
191,109,0,0,1,6,6,36917,-73.031,90.121,127.378,115.997,2.252,461
191,109,0,0,1,6,7,37436,-70.987,91.531,169.824,115.832,2.230,513
191,109,0,0,1,6,8,37430,-70.426,92.113,171.335,115.951,2.224,513
191,109,0,0,1,6,9,37431,-70.857,91.666,198.297,115.859,2.229,513
191,109,0,0,1,6,10,37832,-73.519,89.613,222.610,115.912,2.258,565
191,109,0,0,1,6,11,37833,-71.149,92.076,271.744,116.362,2.229,565
191,109,0,0,1,6,12,38164,-71.690,90.800,297.440,115.690,2.239,617
191,109,0,0,1,6,13,38170,-71.433,91.067,297.839,115.740,2.236,617
191,109,0,0,1,6,14,38173,-70.965,91.553,342.393,115.836,2.230,617
191,109,0,0,1,6,15,38473,-70.043,93.225,393.640,116.606,2.215,669
191,109,0,0,1,8,0,43281,-104.392,136.092,155.208,171.519,2.225,769
191,109,0,0,1,8,1,43282,-107.343,133.147,162.316,171.028,2.249,769
191,109,0,0,1,8,2,43285,-108.804,134.526,164.192,173.019,2.251,770
191,109,0,0,1,8,3,43679,-106.466,134.722,242.808,171.712,2.240,847
191,109,0,0,1,8,4,43680,-106.878,134.310,254.149,171.645,2.243,847
191,109,0,0,1,8,5,43688,-109.224,134.797,265.905,173.494,2.252,848
191,109,0,0,1,8,6,43999,-104.097,136.387,284.928,171.574,2.223,925
191,109,0,0,1,8,7,43997,-103.119,137.363,296.444,171.762,2.215,925
191,109,0,0,1,8,8,44002,-105.386,135.100,339.734,171.342,2.233,925
191,109,0,0,1,8,9,44341,-104.954,136.231,354.452,171.972,2.227,1003
191,109,0,0,1,8,10,44340,-103.617,137.565,361.287,172.223,2.216,1003
191,109,0,0,1,8,11,44347,-109.819,134.098,367.745,173.328,2.257,1004
191,109,0,0,1,8,12,44342,-103.879,137.304,391.666,172.172,2.218,1003
191,109,0,0,1,8,13,44628,-108.137,132.354,439.697,170.913,2.256,1081
191,109,0,0,1,8,14,44632,-109.450,133.768,444.653,172.839,2.257,1082
191,109,0,0,1,8,15,44631,-106.713,133.775,450.430,171.124,2.244,1081
192,109,0,1,1,2,0,22465,-18.858,25.311,65.948,31.564,2.211,126
192,109,0,1,1,2,1,22493,-19.793,24.475,66.525,31.477,2.251,126
192,109,0,1,1,2,2,22483,-19.897,24.383,67.130,31.471,2.255,126
192,109,0,1,1,2,3,23515,-19.297,25.583,73.495,32.044,2.217,142
192,109,0,1,1,2,4,23517,-20.051,24.909,80.133,31.977,2.249,142
192,109,0,1,1,2,5,23534,-19.931,25.016,87.928,31.985,2.244,142
192,109,0,1,1,2,6,23551,-20.092,24.872,117.903,31.974,2.250,142
192,109,0,1,1,2,7,23529,-19.465,25.433,119.839,32.026,2.224,142
192,109,0,1,1,2,8,23550,-19.972,24.980,134.656,31.982,2.245,142
192,109,0,1,1,2,9,23542,-19.198,25.671,134.744,32.055,2.213,142
192,109,0,1,1,2,10,24212,-19.700,24.559,139.567,31.484,2.247,158
192,109,0,1,1,2,11,24237,-19.041,25.147,140.125,31.543,2.219,158
192,109,0,1,1,2,12,24222,-19.184,25.019,182.138,31.528,2.225,158
192,109,0,1,1,2,13,24661,-19.877,25.064,269.350,31.989,2.241,174
192,109,0,1,1,2,14,24669,-19.787,25.144,275.380,31.997,2.238,174
192,109,0,1,1,2,15,24877,-19.369,24.854,280.558,31.510,2.233,190
192,109,0,1,1,4,0,28566,-44.570,57.225,-18.713,72.534,2.233,220
192,109,0,1,1,4,1,28574,-44.025,57.818,-13.270,72.671,2.222,220
192,109,0,1,1,4,2,28577,-44.307,57.511,-3.697,72.599,2.227,220
192,109,0,1,1,4,3,29640,-44.456,56.618,38.278,71.986,2.236,252
192,109,0,1,1,4,4,29636,-43.189,57.995,42.859,72.310,2.211,252
192,109,0,1,1,4,5,30396,-43.736,58.132,79.232,72.747,2.216,284
192,109,0,1,1,4,6,30416,-45.477,56.239,81.186,72.326,2.251,284
192,109,0,1,1,4,7,30422,-45.096,56.653,83.883,72.410,2.243,284
192,109,0,1,1,4,8,30407,-44.427,57.381,87.667,72.570,2.230,284
192,109,0,1,1,4,9,30409,-44.747,57.032,90.380,72.492,2.236,284
192,109,0,1,1,4,10,30393,-43.902,57.951,104.148,72.703,2.219,284
192,109,0,1,1,4,11,30961,-43.819,57.311,161.950,72.143,2.224,316
192,109,0,1,1,4,12,30967,-43.640,57.505,185.834,72.189,2.220,316
192,109,0,1,1,4,13,30973,-43.719,57.419,204.501,72.169,2.222,316
192,109,0,1,1,4,14,30965,-44.424,56.653,207.095,71.993,2.236,316
192,109,0,1,1,4,15,31386,-43.701,58.171,248.684,72.757,2.215,348
192,109,0,1,1,6,0,34098,-70.783,92.457,-144.024,116.441,2.224,253
192,109,0,1,1,6,1,34727,-71.022,91.493,-111.200,115.824,2.231,305
192,109,0,1,1,6,2,34737,-72.606,89.849,-98.784,115.518,2.250,305
192,109,0,1,1,6,3,34734,-70.444,92.094,-87.840,115.947,2.224,305
192,109,0,1,1,6,4,34738,-70.651,91.879,-76.812,115.902,2.226,305
192,109,0,1,1,6,5,35532,-72.133,91.054,-62.378,116.163,2.241,357
192,109,0,1,1,6,6,35534,-70.167,93.096,-41.111,116.578,2.217,357
192,109,0,1,1,6,7,35541,-71.908,91.287,-37.604,116.207,2.238,357
192,109,0,1,1,6,8,35540,-69.661,93.622,-25.610,116.695,2.210,357
192,109,0,1,1,6,9,35539,-73.214,89.930,-1.841,115.964,2.254,357
192,109,0,1,1,6,10,36289,-69.293,93.291,37.119,116.209,2.210,409
192,109,0,1,1,6,11,36917,-73.031,90.121,127.378,115.997,2.252,461
192,109,0,1,1,6,12,37436,-70.987,91.531,169.824,115.832,2.230,513
192,109,0,1,1,6,13,37430,-70.426,92.113,171.335,115.951,2.224,513
192,109,0,1,1,6,14,37431,-70.857,91.666,198.297,115.859,2.229,513
192,109,0,1,1,6,15,37832,-73.519,89.613,222.610,115.912,2.258,565
192,109,0,1,1,8,0,41064,-102.624,137.857,-113.423,171.861,2.211,457
192,109,0,1,1,8,1,41077,-109.119,134.156,-108.861,172.930,2.254,458
192,109,0,1,1,8,2,41078,-108.678,134.673,-97.328,173.054,2.250,458
192,109,0,1,1,8,3,41066,-103.930,136.553,-91.132,171.605,2.221,457
192,109,0,1,1,8,4,41698,-106.203,134.984,-60.612,171.755,2.237,535
192,109,0,1,1,8,5,41701,-105.287,135.899,-57.391,171.912,2.230,535
192,109,0,1,1,8,6,41699,-104.699,136.485,-48.141,172.018,2.225,535
192,109,0,1,1,8,7,41704,-105.600,135.586,-23.774,171.857,2.233,535
192,109,0,1,1,8,8,41697,-103.761,137.422,-9.266,172.195,2.218,535
192,109,0,1,1,8,9,42294,-108.746,134.594,12.697,173.035,2.250,614
192,109,0,1,1,8,10,42808,-107.437,133.753,112.482,171.559,2.248,691
192,109,0,1,1,8,11,42809,-108.958,135.108,113.908,173.568,2.249,692
192,109,0,1,1,8,12,42806,-108.247,132.944,123.058,171.440,2.254,691
192,109,0,1,1,8,13,42813,-109.239,134.779,124.663,173.489,2.252,692
192,109,0,1,1,8,14,42804,-106.513,134.674,131.608,171.704,2.240,691
192,109,0,1,1,8,15,43281,-104.392,136.092,155.208,171.519,2.225,769
193,109,0,2,0,2,0,22465,-18.858,25.311,65.948,31.564,2.211,126
193,109,0,2,0,2,1,22493,-19.793,24.475,66.525,31.477,2.251,126
193,109,0,2,0,2,2,22483,-19.897,24.383,67.130,31.471,2.255,126
193,109,0,2,0,2,3,23515,-19.297,25.583,73.495,32.044,2.217,142
193,109,0,2,0,2,4,23517,-20.051,24.909,80.133,31.977,2.249,142
193,109,0,2,0,2,5,23534,-19.931,25.016,87.928,31.985,2.244,142
193,109,0,2,0,2,6,23551,-20.092,24.872,117.903,31.974,2.250,142
193,109,0,2,0,2,7,23529,-19.465,25.433,119.839,32.026,2.224,142
193,109,0,2,0,2,8,23550,-19.972,24.980,134.656,31.982,2.245,142
193,109,0,2,0,2,9,23542,-19.198,25.671,134.744,32.055,2.213,142
193,109,0,2,0,2,10,24212,-19.700,24.559,139.567,31.484,2.247,158
193,109,0,2,0,2,11,24237,-19.041,25.147,140.125,31.543,2.219,158
193,109,0,2,0,2,12,24222,-19.184,25.019,182.138,31.528,2.225,158
193,109,0,2,0,2,13,24661,-19.877,25.064,269.350,31.989,2.241,174
193,109,0,2,0,2,14,24669,-19.787,25.144,275.380,31.997,2.238,174
193,109,0,2,0,2,15,24877,-19.369,24.854,280.558,31.510,2.233,190
193,109,0,2,0,4,0,28589,-44.891,56.877,-48.403,72.458,2.239,220
193,109,0,2,0,4,1,28579,-45.693,56.004,-39.751,72.280,2.255,220
193,109,0,2,0,4,2,28563,-45.378,56.347,-30.091,72.347,2.249,220
193,109,0,2,0,4,3,28581,-43.529,58.357,-20.860,72.803,2.212,220
193,109,0,2,0,4,4,28566,-44.570,57.225,-18.713,72.534,2.233,220
193,109,0,2,0,4,5,28574,-44.025,57.818,-13.270,72.671,2.222,220
193,109,0,2,0,4,6,28577,-44.307,57.511,-3.697,72.599,2.227,220
193,109,0,2,0,4,7,29640,-44.456,56.618,38.278,71.986,2.236,252
193,109,0,2,0,4,8,29636,-43.189,57.995,42.859,72.310,2.211,252
193,109,0,2,0,4,9,30396,-43.736,58.132,79.232,72.747,2.216,284
193,109,0,2,0,4,10,30416,-45.477,56.239,81.186,72.326,2.251,284
193,109,0,2,0,4,11,30422,-45.096,56.653,83.883,72.410,2.243,284
193,109,0,2,0,4,12,30407,-44.427,57.381,87.667,72.570,2.230,284
193,109,0,2,0,4,13,30409,-44.747,57.032,90.380,72.492,2.236,284
193,109,0,2,0,4,14,30393,-43.902,57.951,104.148,72.703,2.219,284
193,109,0,2,0,4,15,30961,-43.819,57.311,161.950,72.143,2.224,316
193,109,0,2,0,6,0,33151,-70.221,93.040,-289.627,116.565,2.217,149
193,109,0,2,0,6,1,33573,-70.625,91.906,-233.093,115.908,2.226,201
193,109,0,2,0,6,2,33572,-69.631,92.939,-231.421,116.130,2.214,201
193,109,0,2,0,6,3,33579,-72.213,90.257,-226.897,115.590,2.246,201
193,109,0,2,0,6,4,33578,-71.174,91.336,-217.187,115.793,2.233,201
193,109,0,2,0,6,5,34098,-70.783,92.457,-144.024,116.441,2.224,253
193,109,0,2,0,6,6,34727,-71.022,91.493,-111.200,115.824,2.231,305
193,109,0,2,0,6,7,34737,-72.606,89.849,-98.784,115.518,2.250,305
193,109,0,2,0,6,8,34734,-70.444,92.094,-87.840,115.947,2.224,305
193,109,0,2,0,6,9,34738,-70.651,91.879,-76.812,115.902,2.226,305
193,109,0,2,0,6,10,35532,-72.133,91.054,-62.378,116.163,2.241,357
193,109,0,2,0,6,11,35534,-70.167,93.096,-41.111,116.578,2.217,357
193,109,0,2,0,6,12,35541,-71.908,91.287,-37.604,116.207,2.238,357
193,109,0,2,0,6,13,35540,-69.661,93.622,-25.610,116.695,2.210,357
193,109,0,2,0,6,14,35539,-73.214,89.930,-1.841,115.964,2.254,357
193,109,0,2,0,6,15,36289,-69.293,93.291,37.119,116.209,2.210,409
193,109,0,2,0,8,0,38993,-103.909,137.274,-431.704,172.166,2.219,67
193,109,0,2,0,8,1,38995,-106.827,134.361,-428.834,171.653,2.243,67
193,109,0,2,0,8,2,39658,-108.159,133.031,-301.022,171.451,2.253,223
193,109,0,2,0,8,3,40060,-107.338,133.152,-268.441,171.029,2.249,301
193,109,0,2,0,8,4,40054,-102.774,137.707,-263.836,171.830,2.212,301
193,109,0,2,0,8,5,40053,-106.922,133.567,-263.821,171.092,2.246,301
193,109,0,2,0,8,6,40058,-107.548,132.942,-249.792,170.998,2.251,301
193,109,0,2,0,8,7,40062,-109.598,133.594,-248.209,172.798,2.258,302
193,109,0,2,0,8,8,40059,-106.535,133.953,-247.505,171.152,2.243,301
193,109,0,2,0,8,9,40057,-106.242,134.246,-224.164,171.200,2.240,301
193,109,0,2,0,8,10,40055,-102.908,137.574,-216.951,171.804,2.213,301
193,109,0,2,0,8,11,40538,-103.827,137.356,-196.026,172.182,2.218,379
193,109,0,2,0,8,12,40540,-106.712,134.476,-195.748,171.672,2.242,379
193,109,0,2,0,8,13,40541,-104.234,136.950,-175.928,172.105,2.221,379
193,109,0,2,0,8,14,41068,-104.804,135.681,-134.290,171.444,2.228,457
193,109,0,2,0,8,15,41064,-102.624,137.857,-113.423,171.861,2.211,457
194,110,0,0,0,2,0,22486,-20.244,24.072,51.303,31.453,2.270,126
194,110,0,0,0,2,1,22424,-20.139,24.167,56.056,31.458,2.266,126
194,110,0,0,0,2,2,22454,-20.612,23.744,58.434,31.443,2.286,126
194,110,0,0,0,2,3,23523,-20.485,24.521,73.265,31.952,2.267,142
194,110,0,0,0,2,4,23533,-21.105,23.967,84.703,31.935,2.293,142
194,110,0,0,0,2,5,23552,-20.323,24.666,86.284,31.960,2.260,142
194,110,0,0,0,2,6,23507,-21.119,23.955,90.178,31.935,2.293,142
194,110,0,0,0,2,7,23544,-20.373,24.621,103.775,31.957,2.262,142
194,110,0,0,0,2,8,23503,-20.619,24.401,114.939,31.947,2.272,142
194,110,0,0,0,2,9,23519,-20.522,24.488,125.562,31.950,2.268,142
194,110,0,0,0,2,10,23510,-21.054,24.013,136.889,31.936,2.291,142
194,110,0,0,0,2,11,24223,-20.134,24.171,161.076,31.458,2.265,158
194,110,0,0,0,2,12,24220,-20.884,23.501,205.324,31.439,2.297,158
194,110,0,0,0,2,13,24670,-21.136,23.940,252.343,31.935,2.294,174
194,110,0,0,0,2,14,24665,-20.767,24.270,266.695,31.942,2.279,174
194,110,0,0,0,2,15,24875,-20.767,23.606,296.531,31.440,2.292,190
194,110,0,0,0,4,0,30399,-46.119,55.541,70.288,72.193,2.264,284
194,110,0,0,0,4,1,30420,-47.971,53.527,111.091,71.878,2.302,284
194,110,0,0,0,4,2,30394,-47.844,53.665,122.743,71.896,2.299,284
194,110,0,0,0,4,3,30417,-47.773,53.743,130.380,71.906,2.297,284
194,110,0,0,0,4,4,30962,-46.961,53.895,153.599,71.484,2.288,316
194,110,0,0,0,4,5,30974,-47.468,53.343,174.728,71.405,2.298,316
194,110,0,0,0,4,6,30963,-46.716,54.160,184.320,71.524,2.283,316
194,110,0,0,0,4,7,30969,-46.499,54.397,189.075,71.562,2.278,316
194,110,0,0,0,4,8,30970,-46.903,53.958,202.572,71.493,2.286,316
194,110,0,0,0,4,9,30968,-47.761,53.024,204.302,71.363,2.304,316
194,110,0,0,0,4,10,31387,-47.498,54.041,211.463,71.948,2.292,348
194,110,0,0,0,4,11,31383,-47.282,54.277,233.609,71.983,2.287,348
194,110,0,0,0,4,12,31382,-47.267,54.293,255.383,71.985,2.287,348
194,110,0,0,0,4,13,31744,-47.400,53.417,290.370,71.415,2.297,380
194,110,0,0,0,4,14,31741,-47.824,52.955,325.447,71.354,2.305,380
194,110,0,0,0,4,15,32021,-47.261,54.300,388.711,71.986,2.287,412
194,110,0,0,0,6,0,37439,-76.846,88.491,165.385,117.200,2.286,514
194,110,0,0,0,6,1,37426,-73.310,89.117,188.433,115.395,2.259,513
194,110,0,0,0,6,2,37433,-75.888,86.437,190.168,115.024,2.291,513
194,110,0,0,0,6,3,37442,-77.056,88.212,193.673,117.128,2.289,514
194,110,0,0,0,6,4,37435,-76.742,85.550,194.702,114.927,2.302,513
194,110,0,0,0,6,5,37434,-74.460,87.921,197.667,115.215,2.273,513
194,110,0,0,0,6,6,37831,-73.838,89.281,260.809,115.859,2.262,565
194,110,0,0,0,6,7,38168,-73.581,88.835,304.131,115.351,2.263,617
194,110,0,0,0,6,8,38165,-73.623,88.791,304.144,115.344,2.263,617
194,110,0,0,0,6,9,38171,-76.274,86.036,314.126,114.978,2.296,617
194,110,0,0,0,6,10,38178,-77.486,87.640,319.591,116.982,2.295,618
194,110,0,0,0,6,11,38166,-74.887,87.478,326.893,115.154,2.279,617
194,110,0,0,0,6,12,38167,-75.513,86.827,329.700,115.070,2.287,617
194,110,0,0,0,6,13,38169,-75.845,86.483,331.076,115.029,2.291,617
194,110,0,0,0,6,14,38177,-76.838,88.501,335.793,117.203,2.286,618
194,110,0,0,0,6,15,38175,-77.375,87.787,336.865,117.019,2.293,618
194,110,0,0,0,8,0,43683,-110.560,133.228,243.012,173.128,2.263,848
194,110,0,0,0,8,1,43684,-112.640,130.788,253.404,172.607,2.282,848
194,110,0,0,0,8,2,43685,-111.589,132.022,256.490,172.864,2.273,848
194,110,0,0,0,8,3,43686,-112.123,131.395,263.338,172.732,2.277,848
194,110,0,0,0,8,4,43687,-112.627,130.803,266.121,172.610,2.282,848
194,110,0,0,0,8,5,44007,-112.841,129.790,287.567,171.984,2.286,926
194,110,0,0,0,8,6,44005,-112.481,130.211,302.802,172.066,2.283,926
194,110,0,0,0,8,7,44003,-112.094,130.665,323.845,172.158,2.280,926
194,110,0,0,0,8,8,44006,-109.665,133.515,327.156,172.779,2.258,926
194,110,0,0,0,8,9,43998,-108.436,132.056,327.667,170.872,2.258,925
194,110,0,0,0,8,10,44004,-110.473,132.568,332.828,172.565,2.266,926
194,110,0,0,0,8,11,44338,-108.894,132.298,363.475,171.350,2.259,1003
194,110,0,0,0,8,12,44346,-112.600,130.835,410.182,172.617,2.281,1004
194,110,0,0,0,8,13,44633,-112.357,130.357,456.066,172.096,2.282,1082
194,110,0,0,0,8,14,44629,-108.752,131.740,465.555,170.829,2.261,1081
194,110,0,0,0,8,15,44636,-109.807,133.349,470.735,172.741,2.260,1082
195,111,0,0,0,2,0,23600,-23.787,24.201,93.209,33.934,2.348,143
195,111,0,0,0,2,1,23594,-23.312,25.187,98.002,34.319,2.318,143
195,111,0,0,0,2,2,23514,-22.464,22.754,109.494,31.974,2.350,142
195,111,0,0,0,2,3,23606,-23.826,24.119,116.510,33.903,2.350,143
195,111,0,0,0,2,4,23506,-21.682,23.452,123.045,31.939,2.317,142
195,111,0,0,0,2,5,24233,-22.258,22.274,166.882,31.489,2.356,158
195,111,0,0,0,2,6,24227,-21.512,22.940,175.566,31.449,2.324,158
195,111,0,0,0,2,7,24264,-23.535,23.584,176.624,33.318,2.355,159
195,111,0,0,0,2,8,24252,-23.023,24.645,187.591,33.726,2.322,159
195,111,0,0,0,2,9,24667,-21.566,23.555,259.942,31.937,2.312,174
195,111,0,0,0,2,10,24671,-22.312,22.889,278.204,31.965,2.343,174
195,111,0,0,0,2,11,24693,-23.212,25.393,279.855,34.404,2.311,175
195,111,0,0,0,2,12,24895,-23.351,23.965,291.087,33.460,2.343,191
195,111,0,0,0,2,13,24874,-21.408,23.033,300.521,31.446,2.320,190
195,111,0,0,0,2,14,24873,-22.209,22.318,304.576,31.485,2.354,190
195,111,0,0,0,2,15,24872,-22.033,22.474,307.299,31.473,2.346,190
195,111,0,0,0,4,0,30438,-51.555,52.883,119.731,73.855,2.343,285
195,111,0,0,0,4,1,30401,-49.564,51.795,121.653,71.689,2.334,284
195,111,0,0,0,4,2,30418,-48.840,52.583,122.995,71.765,2.319,284
195,111,0,0,0,4,3,30392,-49.563,51.796,123.476,71.689,2.334,284
195,111,0,0,0,4,4,30433,-52.003,52.148,136.537,73.646,2.355,285
195,111,0,0,0,4,5,30415,-48.499,52.953,136.956,71.807,2.312,284
195,111,0,0,0,4,6,30971,-48.492,52.230,156.475,71.270,2.319,316
195,111,0,0,0,4,7,30964,-48.083,52.674,166.043,71.320,2.311,316
195,111,0,0,0,4,8,30966,-48.743,51.957,195.003,71.242,2.324,316
195,111,0,0,0,4,9,31380,-50.438,50.845,228.370,71.618,2.352,348
195,111,0,0,0,4,10,31396,-51.835,52.424,235.033,73.724,2.351,349
195,111,0,0,0,4,11,31388,-50.223,51.078,253.848,71.634,2.348,348
195,111,0,0,0,4,12,31395,-51.719,52.614,261.651,73.778,2.348,349
195,111,0,0,0,4,13,31745,-48.661,52.046,285.983,71.251,2.323,380
195,111,0,0,0,4,14,31747,-48.450,52.275,303.493,71.275,2.318,380
195,111,0,0,0,4,15,31753,-49.274,51.380,333.990,71.188,2.335,380
195,111,0,0,0,6,0,37454,-79.226,85.329,179.618,116.438,2.319,514
195,111,0,0,0,6,1,37449,-78.561,86.213,180.602,116.638,2.310,514
195,111,0,0,0,6,2,37450,-79.152,85.428,181.642,116.460,2.318,514
195,111,0,0,0,6,3,37445,-80.001,84.299,189.218,116.218,2.330,514
195,111,0,0,0,6,4,37441,-78.838,85.845,194.173,116.554,2.314,514
195,111,0,0,0,6,5,37452,-81.376,82.474,202.048,115.862,2.349,514
195,111,0,0,0,6,6,37447,-80.312,83.887,204.365,116.134,2.334,514
195,111,0,0,0,6,7,37842,-80.326,84.691,213.109,116.726,2.330,566
195,111,0,0,0,6,8,37844,-79.358,85.977,222.067,117.003,2.316,566
195,111,0,0,0,6,9,37840,-79.911,85.242,234.617,116.842,2.324,566
195,111,0,0,0,6,10,37834,-80.224,84.827,246.290,116.754,2.328,566
195,111,0,0,0,6,11,37845,-80.751,84.127,252.559,116.611,2.336,566
195,111,0,0,0,6,12,37837,-80.118,84.968,277.111,116.784,2.327,566
195,111,0,0,0,6,13,38176,-80.370,83.810,318.421,116.118,2.335,618
195,111,0,0,0,6,14,38481,-79.509,85.777,371.584,116.959,2.318,670
195,111,0,0,0,6,15,38479,-79.330,86.014,379.240,117.011,2.316,670
195,111,0,0,0,8,0,42296,-115.868,126.237,49.308,171.351,2.313,614
195,111,0,0,0,8,1,42810,-117.244,125.386,90.239,171.662,2.323,692
195,111,0,0,0,8,2,42811,-118.807,123.552,124.835,171.407,2.337,692
195,111,0,0,0,8,3,42815,-120.055,125.101,126.299,173.388,2.336,693
195,111,0,0,0,8,4,43292,-120.766,123.271,144.817,172.569,2.346,771
195,111,0,0,0,8,5,43287,-116.395,125.619,185.010,171.254,2.318,770
195,111,0,0,0,8,6,43288,-115.940,126.153,210.284,171.338,2.314,770
195,111,0,0,0,8,7,43689,-116.327,126.463,210.895,171.828,2.314,848
195,111,0,0,0,8,8,43682,-119.293,122.982,264.234,171.334,2.341,848
195,111,0,0,0,8,9,43694,-120.684,124.230,267.116,173.199,2.342,849
195,111,0,0,0,8,10,44010,-121.040,122.891,348.580,172.490,2.349,927
195,111,0,0,0,8,11,44349,-121.359,123.295,349.595,173.002,2.348,1005
195,111,0,0,0,8,12,44345,-115.704,127.194,387.450,171.947,2.309,1004
195,111,0,0,0,8,13,44344,-117.359,125.251,420.125,171.642,2.324,1004
195,111,0,0,0,8,14,44634,-116.191,125.859,439.992,171.292,2.316,1082
195,111,0,0,0,8,15,44635,-116.857,125.077,457.811,171.172,2.322,1082
196,112,0,0,0,2,0,23624,-24.142,23.465,84.907,33.666,2.370,143
196,112,0,0,0,2,1,23614,-24.201,23.342,85.024,33.623,2.374,143
196,112,0,0,0,2,2,23561,-24.663,22.382,85.528,33.305,2.405,143
196,112,0,0,0,2,3,23530,-23.314,21.995,103.578,32.051,2.385,142
196,112,0,0,0,2,4,23581,-24.110,23.530,107.985,33.689,2.368,143
196,112,0,0,0,2,5,23574,-24.348,23.037,108.216,33.519,2.384,143
196,112,0,0,0,2,6,23535,-23.110,22.177,109.613,32.029,2.377,142
196,112,0,0,0,2,7,23580,-23.975,23.811,126.853,33.790,2.360,143
196,112,0,0,0,2,8,24235,-23.377,21.274,150.044,31.608,2.403,158
196,112,0,0,0,2,9,24268,-24.287,22.023,155.546,32.785,2.405,159
196,112,0,0,0,2,10,24217,-22.855,21.741,163.409,31.544,2.381,158
196,112,0,0,0,2,11,24273,-23.915,22.794,171.363,33.038,2.380,159
196,112,0,0,0,2,12,24879,-22.445,22.107,281.014,31.504,2.364,190
196,112,0,0,0,2,13,24878,-23.041,21.574,291.626,31.565,2.389,190
196,112,0,0,0,2,14,24887,-23.715,23.209,296.167,33.182,2.367,191
196,112,0,0,0,2,15,24892,-24.073,22.468,304.352,32.928,2.391,191
196,112,0,0,0,4,0,29662,-52.980,49.593,51.829,72.570,2.389,253
196,112,0,0,0,4,1,29667,-51.993,51.214,64.923,72.980,2.364,253
196,112,0,0,0,4,2,30412,-50.942,50.297,73.946,71.588,2.363,284
196,112,0,0,0,4,3,30425,-51.053,50.175,75.699,71.582,2.365,284
196,112,0,0,0,4,4,30450,-52.350,51.578,75.883,73.491,2.364,285
196,112,0,0,0,4,5,30431,-52.354,51.573,77.469,73.489,2.364,285
196,112,0,0,0,4,6,30427,-53.057,50.419,87.754,73.192,2.382,285
196,112,0,0,0,4,7,30446,-52.906,50.667,103.215,73.254,2.378,285
196,112,0,0,0,4,8,30432,-52.719,50.973,129.061,73.332,2.373,285
196,112,0,0,0,4,9,30419,-50.653,50.611,132.541,71.604,2.357,284
196,112,0,0,0,4,10,30976,-53.283,49.096,146.070,72.454,2.397,317
196,112,0,0,0,4,11,30988,-52.969,49.612,151.717,72.575,2.389,317
196,112,0,0,0,4,12,30959,-50.611,49.925,168.253,71.092,2.363,316
196,112,0,0,0,4,13,30982,-51.904,51.359,172.827,73.019,2.361,317
196,112,0,0,0,4,14,31392,-53.924,48.996,250.177,72.859,2.404,349
196,112,0,0,0,4,15,32028,-52.576,51.209,384.846,73.393,2.369,413
196,112,0,0,0,6,0,36921,-84.258,79.469,118.931,115.822,2.385,462
196,112,0,0,0,6,1,37451,-83.358,79.842,171.791,115.426,2.378,514
196,112,0,0,0,6,2,37444,-83.840,79.202,174.185,115.335,2.385,514
196,112,0,0,0,6,3,37453,-84.400,78.458,182.265,115.235,2.393,514
196,112,0,0,0,6,4,37448,-82.635,80.801,192.261,115.574,2.367,514
196,112,0,0,0,6,5,37841,-84.654,78.944,223.869,115.751,2.391,566
196,112,0,0,0,6,6,37843,-84.303,79.410,234.182,115.814,2.386,566
196,112,0,0,0,6,7,37839,-84.177,79.578,234.759,115.837,2.384,566
196,112,0,0,0,6,8,37836,-84.073,79.715,244.610,115.857,2.383,566
196,112,0,0,0,6,9,37835,-85.475,77.853,251.803,115.616,2.403,566
196,112,0,0,0,6,10,37838,-82.317,82.047,272.126,116.223,2.358,566
196,112,0,0,0,6,11,38174,-84.814,77.908,280.116,115.165,2.399,618
196,112,0,0,0,6,12,38179,-84.173,78.759,290.525,115.274,2.389,618
196,112,0,0,0,6,13,38483,-84.366,79.327,372.991,115.803,2.387,670
196,112,0,0,0,6,14,38477,-85.454,77.881,379.904,115.619,2.403,670
196,112,0,0,0,6,15,38478,-84.554,79.076,400.187,115.769,2.390,670
196,112,0,0,0,8,0,42817,-125.339,117.781,135.131,171.995,2.387,693
196,112,0,0,0,8,1,42814,-126.294,116.458,136.239,171.792,2.397,693
196,112,0,0,0,8,2,43290,-122.382,121.032,142.673,172.122,2.362,771
196,112,0,0,0,8,3,43294,-124.344,118.315,144.077,171.639,2.381,771
196,112,0,0,0,8,4,43293,-121.924,121.666,168.612,172.244,2.357,771
196,112,0,0,0,8,5,43690,-123.451,120.398,216.590,172.441,2.369,849
196,112,0,0,0,8,6,43692,-126.652,115.963,259.433,171.721,2.400,849
196,112,0,0,0,8,7,44013,-123.185,119.919,304.235,171.916,2.370,927
196,112,0,0,0,8,8,44008,-123.442,119.564,314.950,171.853,2.372,927
196,112,0,0,0,8,9,44009,-123.093,120.046,328.936,171.939,2.369,927
196,112,0,0,0,8,10,44012,-123.302,119.757,348.247,171.887,2.371,927
196,112,0,0,0,8,11,44348,-123.647,120.125,349.283,172.391,2.371,1005
196,112,0,0,0,8,12,44350,-126.010,116.852,370.932,171.851,2.394,1005
196,112,0,0,0,8,13,44351,-126.155,116.652,375.769,171.822,2.395,1005
196,112,0,0,0,8,14,44641,-123.374,119.657,449.176,171.869,2.371,1083
196,112,0,0,0,8,15,44640,-121.891,121.712,470.001,172.253,2.357,1083
197,113,0,0,1,2,0,23575,-25.230,21.207,106.591,32.959,2.443,143
197,113,0,0,1,2,1,23528,-24.102,21.290,107.609,32.159,2.418,142
197,113,0,0,1,2,2,23615,-25.019,21.644,108.680,33.082,2.428,143
197,113,0,0,1,2,3,23612,-24.855,21.985,111.200,33.183,2.417,143
197,113,0,0,1,2,4,23578,-25.285,21.093,115.519,32.927,2.446,143
197,113,0,0,1,2,5,24221,-23.451,21.208,162.612,31.619,2.406,158
197,113,0,0,1,2,6,24253,-24.305,21.984,169.089,32.773,2.406,159
197,113,0,0,1,2,7,24267,-24.949,20.649,179.061,32.386,2.450,159
197,113,0,0,1,2,8,24263,-24.850,20.854,196.313,32.441,2.443,159
197,113,0,0,1,2,9,24685,-25.089,21.499,249.150,33.040,2.433,175
197,113,0,0,1,2,10,24688,-25.300,21.061,279.764,32.919,2.447,175
197,113,0,0,1,2,11,24885,-24.315,21.965,281.940,32.767,2.407,191
197,113,0,0,1,2,12,24876,-23.899,20.808,290.942,31.688,2.425,190
197,113,0,0,1,2,13,24896,-24.877,20.797,298.977,32.425,2.445,191
197,113,0,0,1,2,14,24889,-24.577,21.420,299.405,32.601,2.425,191
197,113,0,0,1,2,15,24891,-24.853,20.849,304.133,32.439,2.444,191
197,113,0,0,1,4,0,29660,-53.654,48.488,63.718,72.317,2.407,253
197,113,0,0,1,4,1,30445,-54.525,48.010,81.271,72.649,2.420,285
197,113,0,0,1,4,2,30426,-55.281,46.769,103.038,72.411,2.439,285
197,113,0,0,1,4,3,30435,-54.823,47.521,120.392,72.552,2.427,285
197,113,0,0,1,4,4,30428,-55.169,46.953,137.908,72.444,2.436,285
197,113,0,0,1,4,5,30985,-53.708,48.398,142.278,72.298,2.408,317
197,113,0,0,1,4,6,30981,-53.941,48.016,146.986,72.216,2.414,317
197,113,0,0,1,4,7,30975,-54.978,46.314,155.472,71.886,2.442,317
197,113,0,0,1,4,8,30984,-55.445,45.547,159.964,71.755,2.454,317
197,113,0,0,1,4,9,30986,-54.528,47.053,176.002,72.023,2.430,317
197,113,0,0,1,4,10,30983,-54.823,46.569,178.300,71.932,2.437,317
197,113,0,0,1,4,11,30979,-55.234,45.894,187.169,71.813,2.448,317
197,113,0,0,1,4,12,31394,-54.396,48.222,238.646,72.693,2.416,349
197,113,0,0,1,4,13,31398,-54.899,47.396,243.433,72.528,2.429,349
197,113,0,0,1,4,14,31760,-55.029,46.230,338.225,71.871,2.443,381
197,113,0,0,1,4,15,31761,-54.362,47.326,344.823,72.076,2.425,381
197,113,0,0,1,6,0,34755,-86.204,76.061,-119.356,114.963,2.419,306
197,113,0,0,1,6,1,34744,-85.666,76.777,-104.142,115.036,2.411,306
197,113,0,0,1,6,2,34745,-85.894,76.473,-81.942,115.004,2.414,306
197,113,0,0,1,6,3,35567,-88.545,76.817,-50.473,117.223,2.427,359
197,113,0,0,1,6,4,35558,-86.301,76.756,-2.210,115.496,2.415,358
197,113,0,0,1,6,5,36304,-89.642,73.934,41.216,116.198,2.452,411
197,113,0,0,1,6,6,36934,-88.573,76.769,91.745,117.212,2.427,463
197,113,0,0,1,6,7,36929,-90.005,74.295,138.056,116.707,2.452,463
197,113,0,0,1,6,8,37459,-86.954,78.579,152.043,117.199,2.407,515
197,113,0,0,1,6,9,37443,-86.754,75.331,167.902,114.896,2.427,514
197,113,0,0,1,6,10,37457,-88.102,76.596,170.726,116.742,2.426,515
197,113,0,0,1,6,11,37848,-87.325,78.927,256.289,117.707,2.407,567
197,113,0,0,1,6,12,38183,-88.296,76.260,290.373,116.669,2.429,619
197,113,0,0,1,6,13,38180,-86.334,75.890,322.279,114.947,2.420,618
197,113,0,0,1,6,14,38184,-89.629,73.956,324.661,116.202,2.452,619
197,113,0,0,1,6,15,38480,-86.383,76.647,391.867,115.485,2.416,670
197,113,0,0,1,8,0,42821,-129.632,115.201,90.093,173.424,2.415,694
197,113,0,0,1,8,1,42819,-131.340,112.382,130.567,172.858,2.434,694
197,113,0,0,1,8,2,43291,-127.726,113.630,175.188,170.955,2.415,771
197,113,0,0,1,8,3,43297,-129.298,114.796,177.179,172.905,2.416,772
197,113,0,0,1,8,4,43295,-128.690,112.294,202.808,170.795,2.424,771
197,113,0,0,1,8,5,43296,-129.993,113.649,205.053,172.668,2.423,772
197,113,0,0,1,8,6,43693,-128.713,113.108,216.352,171.349,2.421,849
197,113,0,0,1,8,7,43695,-131.389,112.300,224.063,172.842,2.434,850
197,113,0,0,1,8,8,43691,-127.558,114.708,254.502,171.549,2.409,849
197,113,0,0,1,8,9,43697,-132.786,109.995,254.861,172.427,2.450,850
197,113,0,0,1,8,10,44011,-127.330,114.177,315.945,171.024,2.411,927
197,113,0,0,1,8,11,44016,-130.527,112.767,324.864,172.493,2.429,928
197,113,0,0,1,8,12,44352,-127.763,114.424,404.825,171.512,2.411,1005
197,113,0,0,1,8,13,44354,-129.450,115.501,409.577,173.487,2.413,1006
197,113,0,0,1,8,14,44638,-128.154,113.037,426.270,170.882,2.419,1083
197,113,0,0,1,8,15,44643,-129.562,114.360,431.111,172.814,2.418,1084
198,113,0,1,0,2,0,23575,-25.230,21.207,106.591,32.959,2.443,143
198,113,0,1,0,2,1,23528,-24.102,21.290,107.609,32.159,2.418,142
198,113,0,1,0,2,2,23615,-25.019,21.644,108.680,33.082,2.428,143
198,113,0,1,0,2,3,23612,-24.855,21.985,111.200,33.183,2.417,143
198,113,0,1,0,2,4,23578,-25.285,21.093,115.519,32.927,2.446,143
198,113,0,1,0,2,5,24221,-23.451,21.208,162.612,31.619,2.406,158
198,113,0,1,0,2,6,24253,-24.305,21.984,169.089,32.773,2.406,159
198,113,0,1,0,2,7,24267,-24.949,20.649,179.061,32.386,2.450,159
198,113,0,1,0,2,8,24263,-24.850,20.854,196.313,32.441,2.443,159
198,113,0,1,0,2,9,24685,-25.089,21.499,249.150,33.040,2.433,175
198,113,0,1,0,2,10,24688,-25.300,21.061,279.764,32.919,2.447,175
198,113,0,1,0,2,11,24885,-24.315,21.965,281.940,32.767,2.407,191
198,113,0,1,0,2,12,24876,-23.899,20.808,290.942,31.688,2.425,190
198,113,0,1,0,2,13,24896,-24.877,20.797,298.977,32.425,2.445,191
198,113,0,1,0,2,14,24889,-24.577,21.420,299.405,32.601,2.425,191
198,113,0,1,0,2,15,24891,-24.853,20.849,304.133,32.439,2.444,191
198,113,0,1,0,4,0,29652,-55.267,45.841,28.075,71.804,2.449,253
198,113,0,1,0,4,1,29649,-54.211,47.573,58.867,72.125,2.421,253
198,113,0,1,0,4,2,29660,-53.654,48.488,63.718,72.317,2.407,253
198,113,0,1,0,4,3,30445,-54.525,48.010,81.271,72.649,2.420,285
198,113,0,1,0,4,4,30426,-55.281,46.769,103.038,72.411,2.439,285
198,113,0,1,0,4,5,30435,-54.823,47.521,120.392,72.552,2.427,285
198,113,0,1,0,4,6,30428,-55.169,46.953,137.908,72.444,2.436,285
198,113,0,1,0,4,7,30985,-53.708,48.398,142.278,72.298,2.408,317
198,113,0,1,0,4,8,30981,-53.941,48.016,146.986,72.216,2.414,317
198,113,0,1,0,4,9,30975,-54.978,46.314,155.472,71.886,2.442,317
198,113,0,1,0,4,10,30984,-55.445,45.547,159.964,71.755,2.454,317
198,113,0,1,0,4,11,30986,-54.528,47.053,176.002,72.023,2.430,317
198,113,0,1,0,4,12,30983,-54.823,46.569,178.300,71.932,2.437,317
198,113,0,1,0,4,13,30979,-55.234,45.894,187.169,71.813,2.448,317
198,113,0,1,0,4,14,31394,-54.396,48.222,238.646,72.693,2.416,349
198,113,0,1,0,4,15,31398,-54.899,47.396,243.433,72.528,2.429,349
198,113,0,1,0,6,0,34116,-89.245,75.609,-152.402,116.967,2.439,255
198,113,0,1,0,6,1,34124,-89.324,75.471,-139.239,116.939,2.440,255
198,113,0,1,0,6,2,34759,-88.925,75.173,-138.653,116.441,2.440,307
198,113,0,1,0,6,3,34764,-87.765,77.177,-121.328,116.872,2.420,307
198,113,0,1,0,6,4,34755,-86.204,76.061,-119.356,114.963,2.419,306
198,113,0,1,0,6,5,34744,-85.666,76.777,-104.142,115.036,2.411,306
198,113,0,1,0,6,6,34745,-85.894,76.473,-81.942,115.004,2.414,306
198,113,0,1,0,6,7,35567,-88.545,76.817,-50.473,117.223,2.427,359
198,113,0,1,0,6,8,35558,-86.301,76.756,-2.210,115.496,2.415,358
198,113,0,1,0,6,9,36304,-89.642,73.934,41.216,116.198,2.452,411
198,113,0,1,0,6,10,36934,-88.573,76.769,91.745,117.212,2.427,463
198,113,0,1,0,6,11,36929,-90.005,74.295,138.056,116.707,2.452,463
198,113,0,1,0,6,12,37459,-86.954,78.579,152.043,117.199,2.407,515
198,113,0,1,0,6,13,37443,-86.754,75.331,167.902,114.896,2.427,514
198,113,0,1,0,6,14,37457,-88.102,76.596,170.726,116.742,2.426,515
198,113,0,1,0,6,15,37848,-87.325,78.927,256.289,117.707,2.407,567
198,113,0,1,0,8,0,41094,-130.601,112.646,-87.052,172.470,2.430,460
198,113,0,1,0,8,1,41725,-133.023,109.603,-68.362,172.360,2.452,538
198,113,0,1,0,8,2,41724,-129.256,115.822,-43.087,173.556,2.411,538
198,113,0,1,0,8,3,41715,-127.900,114.234,-42.489,171.487,2.413,537
198,113,0,1,0,8,4,41726,-129.363,115.645,-26.409,173.518,2.412,538
198,113,0,1,0,8,5,41713,-127.704,114.505,-26.126,171.522,2.411,537
198,113,0,1,0,8,6,41727,-129.857,114.829,-25.078,173.345,2.418,538
198,113,0,1,0,8,7,41716,-128.572,113.303,-24.892,171.372,2.419,537
198,113,0,1,0,8,8,41728,-130.261,114.162,-11.178,173.208,2.422,538
198,113,0,1,0,8,9,41714,-127.246,115.140,-4.766,171.606,2.406,537
198,113,0,1,0,8,10,42305,-132.547,109.433,33.662,171.885,2.451,616
198,113,0,1,0,8,11,42307,-130.614,112.625,33.798,172.466,2.430,616
198,113,0,1,0,8,12,42306,-130.869,112.203,53.883,172.384,2.433,616
198,113,0,1,0,8,13,42818,-130.596,113.609,79.870,173.096,2.426,694
198,113,0,1,0,8,14,42816,-128.028,114.057,89.108,171.465,2.414,693
198,113,0,1,0,8,15,42821,-129.632,115.201,90.093,173.424,2.415,694
199,114,0,0,0,2,0,22537,-25.417,19.678,27.636,32.144,2.483,127
199,114,0,0,0,2,1,22522,-25.460,19.588,33.596,32.123,2.486,127
199,114,0,0,0,2,2,22585,-25.527,19.449,37.106,32.092,2.491,127
199,114,0,0,0,2,3,22560,-25.429,19.653,54.478,32.138,2.484,127
199,114,0,0,0,2,4,22612,-25.684,19.123,58.375,32.021,2.502,127
199,114,0,0,0,2,5,23567,-25.442,20.767,102.366,32.841,2.457,143
199,114,0,0,0,2,6,23558,-26.104,19.393,103.588,32.519,2.503,143
199,114,0,0,0,2,7,23607,-25.592,20.455,107.936,32.762,2.467,143
199,114,0,0,0,2,8,23573,-25.984,19.642,116.754,32.572,2.494,143
199,114,0,0,0,2,9,24258,-25.217,20.093,148.922,32.243,2.469,159
199,114,0,0,0,2,10,24275,-25.673,19.146,200.763,32.026,2.501,159
199,114,0,0,0,2,11,24687,-25.916,19.784,232.980,32.604,2.490,175
199,114,0,0,0,2,12,24695,-25.543,20.557,239.635,32.788,2.464,175
199,114,0,0,0,2,13,24699,-25.613,20.411,255.082,32.751,2.469,175
199,114,0,0,0,2,14,24694,-25.466,20.716,266.701,32.828,2.459,175
199,114,0,0,0,2,15,24883,-25.593,19.312,294.714,32.062,2.495,191
199,114,0,0,0,4,0,29654,-57.252,42.583,18.010,71.352,2.502,253
199,114,0,0,0,4,1,29650,-57.027,42.952,37.701,71.393,2.496,253
199,114,0,0,0,4,2,29665,-55.652,45.209,55.831,71.700,2.459,253
199,114,0,0,0,4,3,30443,-56.511,44.750,84.793,72.084,2.472,285
199,114,0,0,0,4,4,30429,-57.239,43.555,96.035,71.926,2.491,285
199,114,0,0,0,4,5,30442,-57.636,42.904,123.323,71.852,2.502,285
199,114,0,0,0,4,6,30430,-57.193,43.630,125.580,71.935,2.490,285
199,114,0,0,0,4,7,30447,-56.347,45.020,130.351,72.123,2.467,285
199,114,0,0,0,4,8,30977,-56.303,44.139,173.216,71.543,2.477,317
199,114,0,0,0,4,9,31390,-57.337,43.395,239.708,71.907,2.494,349
199,114,0,0,0,4,10,31393,-57.694,42.809,261.430,71.841,2.503,349
199,114,0,0,0,4,11,31389,-57.062,43.846,275.038,71.962,2.486,349
199,114,0,0,0,4,12,31756,-57.059,42.899,288.956,71.387,2.497,381
199,114,0,0,0,4,13,31754,-56.941,43.092,295.063,71.409,2.494,381
199,114,0,0,0,4,14,31757,-57.000,42.996,317.795,71.398,2.495,381
199,114,0,0,0,4,15,31759,-55.675,45.170,334.071,71.694,2.460,381
199,114,0,0,0,6,0,35561,-90.928,72.700,-19.165,116.418,2.467,359
199,114,0,0,0,6,1,35565,-91.158,72.302,-12.866,116.350,2.471,359
199,114,0,0,0,6,2,36305,-90.695,72.114,16.466,115.870,2.470,411
199,114,0,0,0,6,3,36301,-92.367,69.224,20.100,115.428,2.498,411
199,114,0,0,0,6,4,36300,-90.788,71.952,33.864,115.843,2.471,411
199,114,0,0,0,6,5,36931,-90.655,73.171,120.025,116.500,2.463,463
199,114,0,0,0,6,6,36928,-92.383,70.185,122.403,116.020,2.492,463
199,114,0,0,0,6,7,36932,-90.763,72.985,131.283,116.468,2.464,463
199,114,0,0,0,6,8,37461,-90.487,72.473,151.979,115.932,2.466,515
199,114,0,0,0,6,9,37462,-92.271,69.389,192.972,115.451,2.497,515
199,114,0,0,0,6,10,37463,-91.777,70.243,201.474,115.573,2.488,515
199,114,0,0,0,6,11,37458,-91.313,71.046,203.173,115.696,2.480,515
199,114,0,0,0,6,12,37849,-90.396,73.618,254.772,116.581,2.458,567
199,114,0,0,0,6,13,37847,-91.117,72.373,259.486,116.362,2.470,567
199,114,0,0,0,6,14,38182,-92.465,69.054,279.329,115.405,2.500,619
199,114,0,0,0,6,15,37846,-92.909,69.276,280.474,115.893,2.501,567
199,114,0,0,0,8,0,41096,-132.845,108.942,-100.446,171.803,2.455,460
199,114,0,0,0,8,1,41095,-135.892,103.912,-77.570,171.068,2.489,460
199,114,0,0,0,8,2,41729,-134.778,106.707,-40.285,171.905,2.472,538
199,114,0,0,0,8,3,41734,-138.678,104.003,-27.014,173.344,2.498,539
199,114,0,0,0,8,4,41730,-137.167,102.763,-26.631,171.391,2.499,538
199,114,0,0,0,8,5,42825,-138.950,103.459,101.566,173.236,2.502,695
199,114,0,0,0,8,6,42820,-137.352,102.459,128.877,171.358,2.501,694
199,114,0,0,0,8,7,43696,-134.601,106.999,251.852,171.948,2.470,850
199,114,0,0,0,8,8,43698,-134.199,107.662,267.795,172.048,2.465,850
199,114,0,0,0,8,9,44014,-134.332,106.488,301.429,171.420,2.471,928
199,114,0,0,0,8,10,44018,-138.491,103.271,320.622,172.756,2.501,929
199,114,0,0,0,8,11,44015,-134.974,105.427,327.455,171.268,2.478,928
199,114,0,0,0,8,12,44355,-135.491,105.529,377.546,171.739,2.480,1006
199,114,0,0,0,8,13,44353,-136.455,103.938,382.547,171.532,2.491,1006
199,114,0,0,0,8,14,44359,-138.146,105.066,387.086,173.560,2.491,1007
199,114,0,0,0,8,15,44642,-133.348,108.112,458.361,171.668,2.460,1084
200,115,0,0,0,2,0,22532,-26.398,17.641,25.016,31.750,2.552,127
200,115,0,0,0,2,1,22521,-25.714,19.060,35.360,32.008,2.504,127
200,115,0,0,0,2,2,22626,-25.966,18.538,38.724,31.905,2.522,127
200,115,0,0,0,2,3,22530,-25.849,18.782,45.234,31.952,2.513,127
200,115,0,0,0,2,4,22596,-25.859,18.761,52.177,31.948,2.514,127
200,115,0,0,0,2,5,22620,-26.398,17.642,64.416,31.751,2.552,127
200,115,0,0,0,2,6,23583,-26.151,19.295,104.109,32.499,2.506,143
200,115,0,0,0,2,7,23566,-26.506,18.559,104.292,32.357,2.531,143
200,115,0,0,0,2,8,23609,-26.734,18.086,109.428,32.277,2.547,143
200,115,0,0,0,2,9,23619,-26.534,18.500,126.458,32.347,2.533,143
200,115,0,0,0,2,10,24249,-26.373,17.694,140.198,31.759,2.551,159
200,115,0,0,0,2,11,24270,-25.843,18.793,145.946,31.954,2.513,159
200,115,0,0,0,2,12,24242,-25.756,18.975,148.914,31.991,2.507,159
200,115,0,0,0,2,13,24698,-26.564,18.437,229.516,32.336,2.535,175
200,115,0,0,0,2,14,24692,-26.656,18.246,269.790,32.303,2.541,175
200,115,0,0,0,2,15,24894,-26.241,17.969,296.196,31.803,2.541,191
200,115,0,0,0,4,0,29668,-58.145,41.117,44.143,71.214,2.526,253
200,115,0,0,0,4,1,29671,-57.801,41.681,63.656,71.262,2.517,253
200,115,0,0,0,4,2,29655,-57.717,41.819,69.779,71.275,2.515,253
200,115,0,0,0,4,3,30441,-58.136,42.084,70.314,71.769,2.515,285
200,115,0,0,0,4,4,30444,-59.155,40.410,74.329,71.640,2.542,285
200,115,0,0,0,4,5,30467,-60.931,41.675,77.029,73.820,2.542,286
200,115,0,0,0,4,6,30439,-59.370,40.057,94.288,71.620,2.548,285
200,115,0,0,0,4,7,30461,-61.130,41.130,97.175,73.679,2.549,286
200,115,0,0,0,4,8,30448,-59.532,39.792,105.368,71.606,2.552,285
200,115,0,0,0,4,9,30469,-61.171,41.020,108.353,73.651,2.551,286
200,115,0,0,0,4,10,30440,-59.270,40.221,132.207,71.629,2.545,285
200,115,0,0,0,4,11,30451,-61.087,41.249,136.092,73.710,2.548,286
200,115,0,0,0,4,12,30989,-58.175,41.068,165.603,71.210,2.527,317
200,115,0,0,0,4,13,30980,-58.196,41.034,188.135,71.207,2.527,317
200,115,0,0,0,4,14,30978,-57.624,41.972,201.737,71.289,2.512,317
200,115,0,0,0,4,15,31758,-57.791,41.698,323.524,71.264,2.517,381
200,115,0,0,0,6,0,36303,-92.731,68.595,44.537,115.344,2.505,411
200,115,0,0,0,6,1,36302,-93.114,67.934,61.438,115.261,2.511,411
200,115,0,0,0,6,2,36306,-94.549,65.453,61.959,114.994,2.536,411
200,115,0,0,0,6,3,36310,-96.253,66.444,63.138,116.959,2.537,412
200,115,0,0,0,6,4,36930,-95.607,64.613,73.196,115.393,2.547,463
200,115,0,0,0,6,5,36941,-97.174,65.549,74.395,117.215,2.548,464
200,115,0,0,0,6,6,36940,-97.370,65.091,98.742,117.123,2.552,464
200,115,0,0,0,6,7,36933,-94.723,66.141,128.542,115.530,2.532,463
200,115,0,0,0,6,8,36939,-96.392,67.378,131.109,117.607,2.532,464
200,115,0,0,0,6,9,37460,-95.213,64.306,143.732,114.894,2.548,515
200,115,0,0,0,6,10,37456,-93.471,67.316,169.077,115.188,2.517,515
200,115,0,0,0,6,11,37455,-94.873,64.894,197.680,114.944,2.542,515
200,115,0,0,0,6,12,37468,-96.564,65.717,200.808,116.804,2.544,516
200,115,0,0,0,6,13,38181,-94.842,64.947,304.908,114.948,2.541,619
200,115,0,0,0,6,14,38185,-94.132,66.174,309.544,115.064,2.529,619
200,115,0,0,0,6,15,38187,-96.599,65.636,309.967,116.788,2.545,620
200,115,0,0,0,8,0,42311,-141.554,97.153,24.172,171.687,2.540,617
200,115,0,0,0,8,1,42309,-142.074,96.114,47.762,171.531,2.547,617
200,115,0,0,0,8,2,42823,-139.965,101.432,76.704,172.854,2.514,695
200,115,0,0,0,8,3,42826,-141.266,98.834,92.311,172.407,2.531,695
200,115,0,0,0,8,4,43302,-142.061,96.141,161.175,171.535,2.547,773
200,115,0,0,0,8,5,43300,-140.027,100.203,195.510,172.187,2.520,773
200,115,0,0,0,8,6,43298,-139.876,100.505,198.625,172.240,2.519,773
200,115,0,0,0,8,7,43299,-140.136,99.986,200.480,172.149,2.522,773
200,115,0,0,0,8,8,43303,-139.226,101.803,202.230,172.475,2.510,773
200,115,0,0,0,8,9,43699,-140.135,101.092,257.600,172.793,2.517,851
200,115,0,0,0,8,10,43700,-140.950,99.465,261.741,172.511,2.527,851
200,115,0,0,0,8,11,43701,-141.911,97.545,272.610,172.203,2.539,851
200,115,0,0,0,8,12,44017,-141.338,97.585,325.073,171.753,2.537,929
200,115,0,0,0,8,13,44357,-141.272,98.821,357.531,172.405,2.531,1007
200,115,0,0,0,8,14,44356,-139.652,102.058,378.483,172.970,2.510,1007
200,115,0,0,0,8,15,44644,-141.715,96.832,433.091,171.638,2.542,1085
201,116,0,0,0,2,0,22622,-27.003,16.387,24.037,31.586,2.596,127
201,116,0,0,0,2,1,22539,-27.049,16.290,33.220,31.576,2.600,127
201,116,0,0,0,2,2,22559,-26.750,16.910,33.720,31.647,2.578,127
201,116,0,0,0,2,3,22602,-26.825,16.755,47.141,31.628,2.583,127
201,116,0,0,0,2,4,23620,-27.062,17.405,78.396,32.176,2.570,143
201,116,0,0,0,2,5,23623,-27.297,16.917,82.105,32.114,2.587,143
201,116,0,0,0,2,6,23599,-27.493,16.510,82.937,32.069,2.601,143
201,116,0,0,0,2,7,23569,-27.166,17.189,91.400,32.147,2.577,143
201,116,0,0,0,2,8,23579,-27.002,17.529,94.416,32.193,2.566,143
201,116,0,0,0,2,9,23605,-27.309,16.892,116.823,32.111,2.588,143
201,116,0,0,0,2,10,24240,-27.078,16.231,164.737,31.570,2.602,159
201,116,0,0,0,2,11,24269,-26.798,16.812,208.772,31.635,2.581,159
201,116,0,0,0,2,12,24683,-27.217,17.082,212.164,32.134,2.581,175
201,116,0,0,0,2,13,24690,-26.930,17.677,247.611,32.214,2.561,175
201,116,0,0,0,2,14,24679,-26.841,17.863,252.263,32.242,2.554,175
201,116,0,0,0,2,15,24884,-26.689,17.038,294.887,31.664,2.573,191
201,116,0,0,0,4,0,30449,-60.119,38.828,132.949,71.568,2.568,285
201,116,0,0,0,4,1,30471,-61.639,39.742,136.005,73.340,2.569,286
201,116,0,0,0,4,2,30987,-59.773,38.445,147.790,71.069,2.570,317
201,116,0,0,0,4,3,30997,-61.419,38.900,151.314,72.702,2.577,318
201,116,0,0,0,4,4,31005,-61.928,37.509,175.224,72.402,2.597,318
201,116,0,0,0,4,5,30994,-61.359,39.065,194.118,72.739,2.575,318
201,116,0,0,0,4,6,30993,-61.526,38.610,199.698,72.637,2.581,318
201,116,0,0,0,4,7,31391,-60.037,38.963,222.489,71.572,2.566,349
201,116,0,0,0,4,8,31416,-61.606,39.831,227.872,73.361,2.568,350
201,116,0,0,0,4,9,31397,-59.965,39.082,242.651,71.576,2.564,349
201,116,0,0,0,4,10,31418,-62.146,38.356,247.695,73.029,2.589,350
201,116,0,0,0,4,11,31404,-61.534,40.028,248.874,73.408,2.565,350
201,116,0,0,0,4,12,31402,-62.117,38.434,279.390,73.046,2.588,350
201,116,0,0,0,4,13,31767,-61.313,39.192,290.959,72.768,2.573,382
201,116,0,0,0,4,14,31755,-59.638,38.666,332.767,71.076,2.566,381
201,116,0,0,0,4,15,31768,-61.078,39.834,341.561,72.919,2.564,382
201,116,0,0,0,6,0,35571,-99.362,60.427,-63.571,116.294,2.595,360
201,116,0,0,0,6,1,36309,-99.031,59.943,17.591,115.759,2.597,412
201,116,0,0,0,6,2,36314,-97.436,63.675,20.370,116.397,2.563,412
201,116,0,0,0,6,3,36312,-98.921,60.200,64.302,115.799,2.595,412
201,116,0,0,0,6,4,36937,-97.547,64.677,119.271,117.040,2.556,464
201,116,0,0,0,6,5,36944,-98.631,62.139,134.252,116.573,2.579,464
201,116,0,0,0,6,6,36946,-97.785,64.120,135.201,116.932,2.561,464
201,116,0,0,0,6,7,37464,-97.981,62.399,156.569,116.164,2.575,516
201,116,0,0,0,6,8,37466,-97.928,62.524,174.559,116.186,2.573,516
201,116,0,0,0,6,9,37467,-98.552,61.064,209.594,115.936,2.587,516
201,116,0,0,0,6,10,37854,-98.985,61.309,210.451,116.434,2.587,568
201,116,0,0,0,6,11,37851,-99.394,60.353,216.119,116.283,2.596,568
201,116,0,0,0,6,12,38493,-99.552,59.983,354.088,116.226,2.599,672
201,116,0,0,0,6,13,38492,-98.865,61.591,371.855,116.481,2.584,672
201,116,0,0,0,6,14,38488,-98.898,61.514,394.457,116.468,2.585,672
201,116,0,0,0,6,15,38490,-98.706,61.962,408.691,116.543,2.581,672
201,116,0,0,0,8,0,42321,-147.045,90.075,35.543,172.440,2.592,618
201,116,0,0,0,8,1,42320,-146.572,91.248,52.297,172.654,2.585,618
201,116,0,0,0,8,2,42308,-144.165,91.938,65.107,170.986,2.574,617
201,116,0,0,0,8,3,42318,-146.008,92.643,65.817,172.919,2.576,618
201,116,0,0,0,8,4,42824,-144.541,92.292,96.322,171.493,2.573,695
201,116,0,0,0,8,5,42827,-146.332,93.165,97.526,173.472,2.575,696
201,116,0,0,0,8,6,42822,-144.599,92.177,110.217,171.480,2.574,695
201,116,0,0,0,8,7,42828,-146.356,93.105,111.527,173.461,2.575,696
201,116,0,0,0,8,8,42830,-147.826,89.462,113.230,172.789,2.597,696
201,116,0,0,0,8,9,43308,-147.221,89.639,141.273,172.364,2.595,774
201,116,0,0,0,8,10,43301,-143.603,93.060,199.212,171.120,2.567,773
201,116,0,0,0,8,11,44019,-147.196,89.701,345.190,172.374,2.594,930
201,116,0,0,0,8,12,44358,-144.559,92.256,411.660,171.489,2.574,1007
201,116,0,0,0,8,13,44364,-147.748,89.655,418.447,172.822,2.596,1008
201,116,0,0,0,8,14,44646,-146.011,92.636,465.209,172.918,2.576,1086
201,116,0,0,0,8,15,44645,-143.929,92.409,466.218,171.041,2.571,1085
202,117,0,0,0,2,0,23589,-27.747,15.982,101.586,32.021,2.619,143
202,117,0,0,0,2,1,23592,-27.926,15.611,114.208,31.993,2.632,143
202,117,0,0,0,2,2,23591,-27.739,15.999,121.525,32.022,2.618,143
202,117,0,0,0,2,3,23564,-27.999,15.460,123.367,31.984,2.637,143
202,117,0,0,0,2,4,24260,-27.169,16.042,141.512,31.552,2.608,159
202,117,0,0,0,2,5,24247,-27.424,15.513,144.987,31.507,2.627,159
202,117,0,0,0,2,6,24259,-27.710,14.920,163.177,31.471,2.648,159
202,117,0,0,0,2,7,24265,-27.410,15.541,180.439,31.509,2.626,159
202,117,0,0,0,2,8,24251,-27.109,16.166,193.178,31.563,2.604,159
202,117,0,0,0,2,9,24266,-27.459,15.440,197.464,31.502,2.629,159
202,117,0,0,0,2,10,24250,-27.315,15.739,206.338,31.525,2.619,159
202,117,0,0,0,2,11,24255,-27.438,15.483,210.309,31.505,2.628,159
202,117,0,0,0,2,12,24701,-27.870,15.728,213.797,32.001,2.628,175
202,117,0,0,0,2,13,24691,-27.768,15.940,241.904,32.018,2.620,175
202,117,0,0,0,2,14,24682,-27.966,15.529,246.210,31.988,2.635,175
202,117,0,0,0,2,15,24899,-27.255,15.864,281.068,31.535,2.614,191
202,117,0,0,0,4,0,30457,-62.511,37.359,81.988,72.824,2.603,286
202,117,0,0,0,4,1,30455,-62.796,36.579,111.186,72.673,2.614,286
202,117,0,0,0,4,2,31008,-63.265,33.857,139.277,71.755,2.650,318
202,117,0,0,0,4,3,30460,-63.701,34.106,140.252,72.257,2.650,286
202,117,0,0,0,4,4,31009,-62.407,36.201,179.776,72.147,2.616,318
202,117,0,0,0,4,5,30991,-62.534,35.855,180.376,72.084,2.621,318
202,117,0,0,0,4,6,30992,-63.044,34.463,196.847,71.848,2.641,318
202,117,0,0,0,4,7,31007,-62.714,35.362,202.828,71.997,2.628,318
202,117,0,0,0,4,8,30999,-62.785,35.170,209.038,71.964,2.631,318
202,117,0,0,0,4,9,31419,-63.239,35.368,210.510,72.458,2.632,350
202,117,0,0,0,4,10,31411,-62.515,37.348,231.975,72.822,2.603,350
202,117,0,0,0,4,11,31405,-63.474,34.727,250.318,72.353,2.641,350
202,117,0,0,0,4,12,31412,-63.144,35.629,260.175,72.502,2.628,350
202,117,0,0,0,4,13,31401,-63.554,34.509,273.905,72.319,2.644,350
202,117,0,0,0,4,14,31399,-63.413,34.894,277.712,72.379,2.639,350
202,117,0,0,0,4,15,31770,-62.642,35.560,320.658,72.031,2.625,382
202,117,0,0,0,6,0,36938,-100.576,57.585,81.122,115.895,2.622,464
202,117,0,0,0,6,1,36935,-101.283,55.932,82.194,115.701,2.637,464
202,117,0,0,0,6,2,36942,-100.291,58.252,108.283,115.981,2.615,464
202,117,0,0,0,6,3,36947,-100.708,57.277,108.355,115.857,2.624,464
202,117,0,0,0,6,4,36936,-101.178,56.177,129.071,115.728,2.635,464
202,117,0,0,0,6,5,36943,-100.078,58.750,132.907,116.048,2.611,464
202,117,0,0,0,6,6,37855,-100.785,57.097,229.351,115.835,2.626,568
202,117,0,0,0,6,7,37850,-101.685,54.990,236.570,115.602,2.646,568
202,117,0,0,0,6,8,37853,-101.577,55.243,254.924,115.628,2.643,568
202,117,0,0,0,6,9,37852,-99.979,58.984,276.413,116.081,2.609,568
202,117,0,0,0,6,10,38190,-100.491,56.523,283.741,115.297,2.629,620
202,117,0,0,0,6,11,38191,-99.584,58.647,285.407,115.570,2.609,620
202,117,0,0,0,6,12,38189,-100.773,55.864,320.888,115.221,2.635,620
202,117,0,0,0,6,13,38186,-101.253,54.741,323.962,115.103,2.646,620
202,117,0,0,0,6,14,38487,-99.739,59.545,356.414,116.161,2.603,672
202,117,0,0,0,6,15,38489,-101.603,55.181,400.948,115.621,2.644,672
202,117,0,0,0,8,0,42835,-150.455,82.949,119.101,171.806,2.638,696
202,117,0,0,0,8,1,43305,-147.745,88.339,178.917,172.140,2.603,774
202,117,0,0,0,8,2,43307,-148.110,87.437,191.727,171.993,2.608,774
202,117,0,0,0,8,3,43306,-149.617,83.701,198.175,171.438,2.632,774
202,117,0,0,0,8,4,43704,-148.432,87.960,235.422,172.537,2.607,852
202,117,0,0,0,8,5,43705,-150.240,83.482,240.697,171.876,2.634,852
202,117,0,0,0,8,6,43702,-150.344,83.222,273.598,171.841,2.636,852
202,117,0,0,0,8,7,43706,-149.868,84.403,274.120,172.001,2.629,852
202,117,0,0,0,8,8,44020,-148.251,87.087,293.665,171.937,2.610,930
202,117,0,0,0,8,9,44361,-151.168,81.181,349.984,171.587,2.649,1008
202,117,0,0,0,8,10,44021,-150.779,80.823,350.016,171.075,2.650,930
202,117,0,0,0,8,11,44365,-149.352,85.682,380.921,172.184,2.621,1008
202,117,0,0,0,8,12,44363,-149.559,85.168,406.486,172.109,2.624,1008
202,117,0,0,0,8,13,44360,-151.106,81.336,419.934,171.606,2.648,1008
202,117,0,0,0,8,14,44647,-147.957,87.815,438.979,172.055,2.606,1086
202,117,0,0,0,8,15,44649,-150.166,82.342,465.684,171.260,2.640,1086
203,118,0,0,1,2,0,23562,-28.261,14.916,98.086,31.956,2.656,143
203,118,0,0,1,2,1,23616,-28.366,14.698,105.440,31.948,2.664,143
203,118,0,0,1,2,2,23617,-28.272,14.894,110.567,31.955,2.657,143
203,118,0,0,1,2,3,23590,-28.779,13.842,115.239,31.934,2.693,143
203,118,0,0,1,2,4,23557,-28.795,13.808,115.798,31.935,2.694,143
203,118,0,0,1,2,5,23593,-28.232,14.977,118.184,31.958,2.654,143
203,118,0,0,1,2,6,23571,-28.816,13.765,120.024,31.935,2.696,143
203,118,0,0,1,2,7,24261,-28.264,13.769,143.537,31.440,2.688,159
203,118,0,0,1,2,8,24243,-28.350,13.592,166.602,31.439,2.695,159
203,118,0,0,1,2,9,24248,-28.415,13.457,166.736,31.440,2.699,159
203,118,0,0,1,2,10,24241,-28.256,13.786,205.038,31.440,2.688,159
203,118,0,0,1,2,11,24681,-28.473,14.477,216.988,31.942,2.671,175
203,118,0,0,1,2,12,24678,-28.526,14.367,250.918,31.939,2.675,175
203,118,0,0,1,2,13,24697,-28.334,14.764,270.149,31.950,2.661,175
203,118,0,0,1,2,14,24890,-28.237,13.826,311.537,31.440,2.686,191
203,118,0,0,1,2,15,24888,-27.985,14.349,312.863,31.449,2.668,191
203,118,0,0,1,4,0,29679,-63.549,33.082,46.421,71.644,2.662,254
203,118,0,0,1,4,1,30462,-63.831,33.752,80.523,72.205,2.655,286
203,118,0,0,1,4,2,30458,-64.883,30.878,92.797,71.856,2.697,286
203,118,0,0,1,4,3,30465,-64.789,31.134,95.781,71.882,2.694,286
203,118,0,0,1,4,4,30470,-64.538,31.821,100.151,71.956,2.684,286
203,118,0,0,1,4,5,30468,-64.878,30.890,101.496,71.857,2.697,286
203,118,0,0,1,4,6,31003,-63.629,32.865,144.488,71.615,2.665,318
203,118,0,0,1,4,7,31011,-63.526,33.146,157.420,71.653,2.661,318
203,118,0,0,1,4,8,31407,-64.066,33.110,221.944,72.116,2.665,350
203,118,0,0,1,4,9,31403,-63.919,33.513,240.986,72.171,2.659,350
203,118,0,0,1,4,10,31406,-64.109,32.992,253.486,72.100,2.666,350
203,118,0,0,1,4,11,31417,-63.793,33.856,257.265,72.220,2.654,350
203,118,0,0,1,4,12,31409,-64.179,32.800,260.433,72.075,2.669,350
203,118,0,0,1,4,13,31763,-64.008,31.828,299.058,71.485,2.680,382
203,118,0,0,1,4,14,31769,-63.896,32.135,326.744,71.521,2.676,382
203,118,0,0,1,4,15,31773,-63.582,32.992,348.850,71.632,2.663,382
203,118,0,0,1,6,0,36325,-104.763,50.222,51.607,116.179,2.695,413
203,118,0,0,1,6,1,36315,-102.160,52.617,59.693,114.914,2.666,412
203,118,0,0,1,6,2,36319,-103.807,53.511,60.633,116.787,2.666,413
203,118,0,0,1,6,3,36945,-102.765,52.462,128.233,115.382,2.670,464
203,118,0,0,1,6,4,36956,-104.431,53.136,130.299,117.172,2.671,465
203,118,0,0,1,6,5,37465,-102.345,52.185,161.238,114.881,2.670,516
203,118,0,0,1,6,6,37472,-103.917,53.130,163.778,116.711,2.669,517
203,118,0,0,1,6,7,37860,-105.151,50.659,235.783,116.718,2.693,569
203,118,0,0,1,6,8,38193,-104.238,52.026,295.049,116.500,2.679,621
203,118,0,0,1,6,9,38198,-104.665,50.558,341.815,116.236,2.692,621
203,118,0,0,1,6,10,38188,-102.123,52.704,344.930,114.921,2.665,620
203,118,0,0,1,6,11,38200,-103.738,53.745,350.470,116.834,2.664,621
203,118,0,0,1,6,12,38499,-104.173,54.023,351.968,117.348,2.663,673
203,118,0,0,1,6,13,38502,-104.534,52.781,360.512,117.103,2.674,673
203,118,0,0,1,6,14,38495,-104.567,52.667,366.719,117.082,2.675,673
203,118,0,0,1,6,15,38497,-104.908,51.497,390.436,116.866,2.685,673
203,118,0,0,1,8,0,42832,-151.507,80.342,112.085,171.491,2.654,696
203,118,0,0,1,8,1,42838,-153.300,81.261,113.371,173.506,2.654,697
203,118,0,0,1,8,2,42837,-154.444,77.602,120.912,172.844,2.676,697
203,118,0,0,1,8,3,42846,-155.483,74.278,121.680,172.314,2.696,697
203,118,0,0,1,8,4,42834,-152.293,78.394,122.861,171.286,2.666,696
203,118,0,0,1,8,5,42844,-153.870,79.437,124.299,173.165,2.665,697
203,118,0,0,1,8,6,43304,-151.245,79.667,163.700,170.944,2.657,774
203,118,0,0,1,8,7,43313,-153.070,80.336,165.649,172.871,2.658,775
203,118,0,0,1,8,8,43710,-153.618,80.244,238.062,173.313,2.660,853
203,118,0,0,1,8,9,43703,-152.010,79.096,273.093,171.357,2.662,852
203,118,0,0,1,8,10,44022,-151.264,79.622,319.681,170.940,2.657,930
203,118,0,0,1,8,11,44025,-153.119,80.181,323.325,172.842,2.659,931
203,118,0,0,1,8,12,44023,-153.561,78.767,343.307,172.584,2.668,931
203,118,0,0,1,8,13,44366,-154.338,77.941,392.093,172.902,2.674,1009
203,118,0,0,1,8,14,44362,-152.211,78.597,417.103,171.306,2.665,1008
203,118,0,0,1,8,15,44369,-153.816,79.610,418.953,173.197,2.664,1009
204,118,0,1,1,2,0,23562,-28.261,14.916,98.086,31.956,2.656,143
204,118,0,1,1,2,1,23616,-28.366,14.698,105.440,31.948,2.664,143
204,118,0,1,1,2,2,23617,-28.272,14.894,110.567,31.955,2.657,143
204,118,0,1,1,2,3,23590,-28.779,13.842,115.239,31.934,2.693,143
204,118,0,1,1,2,4,23557,-28.795,13.808,115.798,31.935,2.694,143
204,118,0,1,1,2,5,23593,-28.232,14.977,118.184,31.958,2.654,143
204,118,0,1,1,2,6,23571,-28.816,13.765,120.024,31.935,2.696,143
204,118,0,1,1,2,7,24261,-28.264,13.769,143.537,31.440,2.688,159
204,118,0,1,1,2,8,24243,-28.350,13.592,166.602,31.439,2.695,159
204,118,0,1,1,2,9,24248,-28.415,13.457,166.736,31.440,2.699,159
204,118,0,1,1,2,10,24241,-28.256,13.786,205.038,31.440,2.688,159
204,118,0,1,1,2,11,24681,-28.473,14.477,216.988,31.942,2.671,175
204,118,0,1,1,2,12,24678,-28.526,14.367,250.918,31.939,2.675,175
204,118,0,1,1,2,13,24697,-28.334,14.764,270.149,31.950,2.661,175
204,118,0,1,1,2,14,24890,-28.237,13.826,311.537,31.440,2.686,191
204,118,0,1,1,2,15,24888,-27.985,14.349,312.863,31.449,2.668,191
204,118,0,1,1,4,0,29674,-63.361,33.594,30.296,71.716,2.654,254
204,118,0,1,1,4,1,29685,-63.796,32.408,37.266,71.555,2.672,254
204,118,0,1,1,4,2,29688,-63.851,32.257,37.898,71.536,2.674,254
204,118,0,1,1,4,3,29697,-63.800,32.396,40.044,71.554,2.672,254
204,118,0,1,1,4,4,29679,-63.549,33.082,46.421,71.644,2.662,254
204,118,0,1,1,4,5,30462,-63.831,33.752,80.523,72.205,2.655,286
204,118,0,1,1,4,6,30458,-64.883,30.878,92.797,71.856,2.697,286
204,118,0,1,1,4,7,30465,-64.789,31.134,95.781,71.882,2.694,286
204,118,0,1,1,4,8,30470,-64.538,31.821,100.151,71.956,2.684,286
204,118,0,1,1,4,9,30468,-64.878,30.890,101.496,71.857,2.697,286
204,118,0,1,1,4,10,31003,-63.629,32.865,144.488,71.615,2.665,318
204,118,0,1,1,4,11,31011,-63.526,33.146,157.420,71.653,2.661,318
204,118,0,1,1,4,12,31407,-64.066,33.110,221.944,72.116,2.665,350
204,118,0,1,1,4,13,31403,-63.919,33.513,240.986,72.171,2.659,350
204,118,0,1,1,4,14,31406,-64.109,32.992,253.486,72.100,2.666,350
204,118,0,1,1,4,15,31417,-63.793,33.856,257.265,72.220,2.654,350
204,118,0,1,1,6,0,35591,-105.223,50.412,-52.727,116.676,2.695,361
204,118,0,1,1,6,1,35593,-104.523,52.820,-50.163,117.111,2.674,361
204,118,0,1,1,6,2,35587,-105.227,50.399,-34.127,116.674,2.695,361
204,118,0,1,1,6,3,35594,-104.070,54.377,-30.323,117.420,2.660,361
204,118,0,1,1,6,4,35581,-102.304,53.541,-29.834,115.467,2.659,360
204,118,0,1,1,6,5,36322,-103.468,54.677,22.252,117.026,2.655,413
204,118,0,1,1,6,6,36330,-104.339,51.678,34.387,116.436,2.682,413
204,118,0,1,1,6,7,36333,-104.652,50.601,36.316,116.243,2.691,413
204,118,0,1,1,6,8,36325,-104.763,50.222,51.607,116.179,2.695,413
204,118,0,1,1,6,9,36315,-102.160,52.617,59.693,114.914,2.666,412
204,118,0,1,1,6,10,36319,-103.807,53.511,60.633,116.787,2.666,413
204,118,0,1,1,6,11,36945,-102.765,52.462,128.233,115.382,2.670,464
204,118,0,1,1,6,12,36956,-104.431,53.136,130.299,117.172,2.671,465
204,118,0,1,1,6,13,37465,-102.345,52.185,161.238,114.881,2.670,516
204,118,0,1,1,6,14,37472,-103.917,53.130,163.778,116.711,2.669,517
204,118,0,1,1,6,15,37860,-105.151,50.659,235.783,116.718,2.693,569
204,118,0,1,1,8,0,41110,-154.304,76.389,-72.216,172.177,2.682,463
204,118,0,1,1,8,1,41748,-154.296,78.075,-49.059,172.925,2.673,541
204,118,0,1,1,8,2,41747,-154.521,77.355,-43.900,172.802,2.677,541
204,118,0,1,1,8,3,41742,-154.642,76.969,-39.009,172.738,2.680,541
204,118,0,1,1,8,4,41744,-153.474,80.704,-23.724,173.399,2.657,541
204,118,0,1,1,8,5,41737,-151.662,79.957,-23.485,171.448,2.656,540
204,118,0,1,1,8,6,41741,-154.751,76.619,-1.616,172.680,2.682,541
204,118,0,1,1,8,7,42324,-154.745,74.980,23.497,171.953,2.690,619
204,118,0,1,1,8,8,42319,-150.874,80.587,66.472,171.048,2.651,618
204,118,0,1,1,8,9,42831,-151.632,80.032,77.825,171.457,2.656,696
204,118,0,1,1,8,10,42843,-153.404,80.928,78.755,173.442,2.656,697
204,118,0,1,1,8,11,42840,-153.578,80.370,79.627,173.336,2.659,697
204,118,0,1,1,8,12,42836,-151.600,80.112,88.097,171.466,2.655,696
204,118,0,1,1,8,13,42842,-155.340,74.736,88.328,172.383,2.693,697
204,118,0,1,1,8,14,42845,-153.347,81.109,89.109,173.476,2.655,697
204,118,0,1,1,8,15,42832,-151.507,80.342,112.085,171.491,2.654,696
205,118,0,2,0,2,0,23562,-28.261,14.916,98.086,31.956,2.656,143
205,118,0,2,0,2,1,23616,-28.366,14.698,105.440,31.948,2.664,143
205,118,0,2,0,2,2,23617,-28.272,14.894,110.567,31.955,2.657,143
205,118,0,2,0,2,3,23590,-28.779,13.842,115.239,31.934,2.693,143
205,118,0,2,0,2,4,23557,-28.795,13.808,115.798,31.935,2.694,143
205,118,0,2,0,2,5,23593,-28.232,14.977,118.184,31.958,2.654,143
205,118,0,2,0,2,6,23571,-28.816,13.765,120.024,31.935,2.696,143
205,118,0,2,0,2,7,24261,-28.264,13.769,143.537,31.440,2.688,159
205,118,0,2,0,2,8,24243,-28.350,13.592,166.602,31.439,2.695,159
205,118,0,2,0,2,9,24248,-28.415,13.457,166.736,31.440,2.699,159
205,118,0,2,0,2,10,24241,-28.256,13.786,205.038,31.440,2.688,159
205,118,0,2,0,2,11,24681,-28.473,14.477,216.988,31.942,2.671,175
205,118,0,2,0,2,12,24678,-28.526,14.367,250.918,31.939,2.675,175
205,118,0,2,0,2,13,24697,-28.334,14.764,270.149,31.950,2.661,175
205,118,0,2,0,2,14,24890,-28.237,13.826,311.537,31.440,2.686,191
205,118,0,2,0,2,15,24888,-27.985,14.349,312.863,31.449,2.668,191
205,118,0,2,0,4,0,28642,-64.864,30.929,-27.643,71.861,2.697,222
205,118,0,2,0,4,1,28636,-64.084,33.062,-27.596,72.110,2.665,222
205,118,0,2,0,4,2,29696,-64.162,31.407,17.446,71.436,2.686,254
205,118,0,2,0,4,3,29686,-63.473,33.289,21.280,71.673,2.659,254
205,118,0,2,0,4,4,29674,-63.361,33.594,30.296,71.716,2.654,254
205,118,0,2,0,4,5,29685,-63.796,32.408,37.266,71.555,2.672,254
205,118,0,2,0,4,6,29688,-63.851,32.257,37.898,71.536,2.674,254
205,118,0,2,0,4,7,29697,-63.800,32.396,40.044,71.554,2.672,254
205,118,0,2,0,4,8,29679,-63.549,33.082,46.421,71.644,2.662,254
205,118,0,2,0,4,9,30462,-63.831,33.752,80.523,72.205,2.655,286
205,118,0,2,0,4,10,30458,-64.883,30.878,92.797,71.856,2.697,286
205,118,0,2,0,4,11,30465,-64.789,31.134,95.781,71.882,2.694,286
205,118,0,2,0,4,12,30470,-64.538,31.821,100.151,71.956,2.684,286
205,118,0,2,0,4,13,30468,-64.878,30.890,101.496,71.857,2.697,286
205,118,0,2,0,4,14,31003,-63.629,32.865,144.488,71.615,2.665,318
205,118,0,2,0,4,15,31011,-63.526,33.146,157.420,71.653,2.661,318
205,118,0,2,0,6,0,34131,-102.594,52.862,-155.431,115.412,2.666,256
205,118,0,2,0,6,1,34784,-103.619,54.158,-125.101,116.919,2.660,309
205,118,0,2,0,6,2,34774,-101.847,53.351,-122.883,114.975,2.659,308
205,118,0,2,0,6,3,34789,-103.474,54.653,-114.889,117.021,2.656,309
205,118,0,2,0,6,4,34783,-101.612,53.900,-113.054,115.023,2.654,308
205,118,0,2,0,6,5,35591,-105.223,50.412,-52.727,116.676,2.695,361
205,118,0,2,0,6,6,35593,-104.523,52.820,-50.163,117.111,2.674,361
205,118,0,2,0,6,7,35587,-105.227,50.399,-34.127,116.674,2.695,361
205,118,0,2,0,6,8,35594,-104.070,54.377,-30.323,117.420,2.660,361
205,118,0,2,0,6,9,35581,-102.304,53.541,-29.834,115.467,2.659,360
205,118,0,2,0,6,10,36322,-103.468,54.677,22.252,117.026,2.655,413
205,118,0,2,0,6,11,36330,-104.339,51.678,34.387,116.436,2.682,413
205,118,0,2,0,6,12,36333,-104.652,50.601,36.316,116.243,2.691,413
205,118,0,2,0,6,13,36325,-104.763,50.222,51.607,116.179,2.695,413
205,118,0,2,0,6,14,36315,-102.160,52.617,59.693,114.914,2.666,412
205,118,0,2,0,6,15,36319,-103.807,53.511,60.633,116.787,2.666,413
205,118,0,2,0,8,0,39680,-154.068,78.805,-349.945,173.052,2.669,229
205,118,0,2,0,8,1,39679,-154.808,76.436,-309.471,172.650,2.683,229
205,118,0,2,0,8,2,40093,-154.686,75.170,-268.580,171.983,2.689,307
205,118,0,2,0,8,3,40091,-153.066,80.350,-233.200,172.874,2.658,307
205,118,0,2,0,8,4,40086,-151.350,79.407,-230.561,170.916,2.658,306
205,118,0,2,0,8,5,40094,-155.121,73.778,-215.368,171.772,2.698,307
205,118,0,2,0,8,6,40568,-155.091,75.531,-188.482,172.506,2.688,385
205,118,0,2,0,8,7,40573,-154.255,78.204,-158.161,172.947,2.672,385
205,118,0,2,0,8,8,40572,-154.011,78.986,-156.487,173.084,2.668,385
205,118,0,2,0,8,9,40567,-152.278,78.433,-154.882,171.290,2.666,384
205,118,0,2,0,8,10,41115,-154.300,76.402,-103.994,172.180,2.682,463
205,118,0,2,0,8,11,41111,-152.722,81.449,-100.346,173.084,2.652,463
205,118,0,2,0,8,12,41108,-153.325,79.520,-94.372,172.719,2.663,463
205,118,0,2,0,8,13,41106,-151.507,79.019,-93.352,170.875,2.661,462
205,118,0,2,0,8,14,41114,-154.031,77.264,-83.381,172.323,2.677,463
205,118,0,2,0,8,15,41110,-154.304,76.389,-72.216,172.177,2.682,463
206,119,0,0,1,2,0,23664,-31.167,14.507,140.472,34.378,2.706,144
206,119,0,0,1,2,1,24246,-28.654,12.961,140.932,31.449,2.717,159
206,119,0,0,1,2,2,24311,-30.714,13.743,150.857,33.649,2.721,160
206,119,0,0,1,2,3,24254,-28.936,12.376,152.086,31.471,2.737,159
206,119,0,0,1,2,4,24295,-30.751,13.087,161.367,33.420,2.739,160
206,119,0,0,1,2,5,24315,-30.687,14.231,173.450,33.826,2.707,160
206,119,0,0,1,2,6,24272,-28.480,13.322,179.942,31.441,2.704,159
206,119,0,0,1,2,7,24290,-30.675,14.437,179.982,33.902,2.702,160
206,119,0,0,1,2,8,24306,-30.683,14.291,194.587,33.848,2.706,160
206,119,0,0,1,2,9,24700,-28.956,13.473,236.456,31.937,2.706,175
206,119,0,0,1,2,10,24727,-31.167,14.499,254.193,34.375,2.706,176
206,119,0,0,1,2,11,24696,-29.383,12.587,276.745,31.966,2.737,175
206,119,0,0,1,2,12,24903,-30.744,13.213,289.682,33.463,2.736,192
206,119,0,0,1,2,13,24898,-28.681,12.904,290.657,31.450,2.719,191
206,119,0,0,1,2,14,24909,-30.708,13.853,311.050,33.688,2.718,192
206,119,0,0,1,2,15,24886,-28.849,12.556,318.701,31.463,2.731,191
206,119,0,0,1,4,0,30995,-65.172,28.648,150.906,71.190,2.727,318
206,119,0,0,1,4,1,31023,-67.464,28.509,162.701,73.240,2.742,319
206,119,0,0,1,4,2,31006,-65.632,27.392,171.179,71.118,2.746,318
206,119,0,0,1,4,3,31029,-67.531,28.077,176.113,73.135,2.748,319
206,119,0,0,1,4,4,30998,-65.581,27.532,177.354,71.125,2.744,318
206,119,0,0,1,4,5,31022,-67.456,28.558,182.881,73.252,2.741,319
206,119,0,0,1,4,6,31001,-65.451,27.886,195.309,71.144,2.739,318
206,119,0,0,1,4,7,30996,-65.403,28.018,195.652,71.151,2.737,318
206,119,0,0,1,4,8,31021,-67.544,27.998,198.763,73.117,2.749,319
206,119,0,0,1,4,9,30990,-64.792,29.687,200.520,71.269,2.712,318
206,119,0,0,1,4,10,31016,-67.419,28.800,201.766,73.313,2.738,319
206,119,0,0,1,4,11,31414,-64.961,30.665,220.310,71.835,2.701,350
206,119,0,0,1,4,12,31410,-65.071,30.364,276.808,71.807,2.705,350
206,119,0,0,1,4,13,31772,-64.957,29.235,321.293,71.233,2.719,382
206,119,0,0,1,4,14,31765,-64.826,29.592,322.934,71.261,2.713,382
206,119,0,0,1,4,15,32037,-65.983,27.874,382.104,71.628,2.742,414
206,119,0,0,1,6,0,36955,-105.410,49.769,81.266,116.569,2.700,465
206,119,0,0,1,6,1,36954,-106.869,44.751,101.472,115.861,2.745,465
206,119,0,0,1,6,2,36952,-106.350,46.535,114.506,116.085,2.729,465
206,119,0,0,1,6,3,36953,-106.763,45.115,127.312,115.904,2.742,465
206,119,0,0,1,6,4,37470,-106.107,45.599,157.488,115.490,2.736,517
206,119,0,0,1,6,5,37474,-105.095,49.078,160.363,115.990,2.705,517
206,119,0,0,1,6,6,37473,-106.450,44.416,183.912,115.345,2.746,517
206,119,0,0,1,6,7,37858,-106.679,45.405,242.908,115.940,2.739,569
206,119,0,0,1,6,8,37861,-106.211,47.014,245.703,116.151,2.725,569
206,119,0,0,1,6,9,38195,-105.673,47.089,304.309,115.690,2.722,621
206,119,0,0,1,6,10,38201,-106.384,44.645,315.063,115.372,2.744,621
206,119,0,0,1,6,11,38194,-106.351,44.757,332.039,115.385,2.743,621
206,119,0,0,1,6,12,38192,-105.073,49.154,348.920,116.002,2.704,621
206,119,0,0,1,6,13,38500,-105.504,49.445,350.484,116.516,2.703,673
206,119,0,0,1,6,14,38494,-106.433,46.249,353.191,116.047,2.732,673
206,119,0,0,1,6,15,38501,-106.308,46.680,407.260,116.105,2.728,673
206,119,0,0,1,8,0,43310,-157.527,66.081,197.232,170.826,2.744,775
206,119,0,0,1,8,1,43315,-159.189,67.093,199.361,172.750,2.743,776
206,119,0,0,1,8,2,43709,-155.935,72.832,226.534,172.105,2.705,853
206,119,0,0,1,8,3,43708,-157.375,68.229,236.513,171.529,2.733,853
206,119,0,0,1,8,4,43712,-159.294,68.870,239.288,173.544,2.734,854
206,119,0,0,1,8,5,43707,-158.018,66.172,258.712,171.314,2.745,853
206,119,0,0,1,8,6,43711,-159.662,67.246,261.696,173.245,2.743,854
206,119,0,0,1,8,7,44028,-159.294,66.629,311.544,172.668,2.745,932
206,119,0,0,1,8,8,44024,-156.792,68.433,346.329,171.075,2.730,931
206,119,0,0,1,8,9,44027,-158.753,69.018,350.467,173.107,2.731,932
206,119,0,0,1,8,10,44372,-159.229,69.160,351.473,173.600,2.732,1010
206,119,0,0,1,8,11,44368,-155.739,73.459,355.359,172.194,2.701,1009
206,119,0,0,1,8,12,44373,-159.269,68.984,407.005,173.567,2.733,1010
206,119,0,0,1,8,13,44367,-157.939,66.424,409.792,171.339,2.743,1009
206,119,0,0,1,8,14,44652,-156.334,69.896,440.756,171.248,2.721,1087
206,119,0,0,1,8,15,44651,-156.064,70.760,443.226,171.356,2.716,1087
207,119,0,1,0,2,0,23664,-31.167,14.507,140.472,34.378,2.706,144
207,119,0,1,0,2,1,24246,-28.654,12.961,140.932,31.449,2.717,159
207,119,0,1,0,2,2,24311,-30.714,13.743,150.857,33.649,2.721,160
207,119,0,1,0,2,3,24254,-28.936,12.376,152.086,31.471,2.737,159
207,119,0,1,0,2,4,24295,-30.751,13.087,161.367,33.420,2.739,160
207,119,0,1,0,2,5,24315,-30.687,14.231,173.450,33.826,2.707,160
207,119,0,1,0,2,6,24272,-28.480,13.322,179.942,31.441,2.704,159
207,119,0,1,0,2,7,24290,-30.675,14.437,179.982,33.902,2.702,160
207,119,0,1,0,2,8,24306,-30.683,14.291,194.587,33.848,2.706,160
207,119,0,1,0,2,9,24700,-28.956,13.473,236.456,31.937,2.706,175
207,119,0,1,0,2,10,24727,-31.167,14.499,254.193,34.375,2.706,176
207,119,0,1,0,2,11,24696,-29.383,12.587,276.745,31.966,2.737,175
207,119,0,1,0,2,12,24903,-30.744,13.213,289.682,33.463,2.736,192
207,119,0,1,0,2,13,24898,-28.681,12.904,290.657,31.450,2.719,191
207,119,0,1,0,2,14,24909,-30.708,13.853,311.050,33.688,2.718,192
207,119,0,1,0,2,15,24886,-28.849,12.556,318.701,31.463,2.731,191
207,119,0,1,0,4,0,30459,-65.143,30.168,92.086,71.789,2.708,286
207,119,0,1,0,4,1,30466,-65.435,29.369,99.495,71.724,2.720,286
207,119,0,1,0,4,2,31010,-65.391,28.051,145.825,71.153,2.736,318
207,119,0,1,0,4,3,30995,-65.172,28.648,150.906,71.190,2.727,318
207,119,0,1,0,4,4,31023,-67.464,28.509,162.701,73.240,2.742,319
207,119,0,1,0,4,5,31006,-65.632,27.392,171.179,71.118,2.746,318
207,119,0,1,0,4,6,31029,-67.531,28.077,176.113,73.135,2.748,319
207,119,0,1,0,4,7,30998,-65.581,27.532,177.354,71.125,2.744,318
207,119,0,1,0,4,8,31022,-67.456,28.558,182.881,73.252,2.741,319
207,119,0,1,0,4,9,31001,-65.451,27.886,195.309,71.144,2.739,318
207,119,0,1,0,4,10,30996,-65.403,28.018,195.652,71.151,2.737,318
207,119,0,1,0,4,11,31021,-67.544,27.998,198.763,73.117,2.749,319
207,119,0,1,0,4,12,30990,-64.792,29.687,200.520,71.269,2.712,318
207,119,0,1,0,4,13,31016,-67.419,28.800,201.766,73.313,2.738,319
207,119,0,1,0,4,14,31414,-64.961,30.665,220.310,71.835,2.701,350
207,119,0,1,0,4,15,31410,-65.071,30.364,276.808,71.807,2.705,350
207,119,0,1,0,6,0,36331,-106.404,44.577,9.500,115.364,2.745,413
207,119,0,1,0,6,1,36326,-106.467,44.361,33.255,115.339,2.747,413
207,119,0,1,0,6,2,36329,-106.300,44.934,56.863,115.407,2.742,413
207,119,0,1,0,6,3,36320,-106.458,44.391,61.076,115.342,2.747,413
207,119,0,1,0,6,4,36957,-106.178,47.126,77.538,116.166,2.724,465
207,119,0,1,0,6,5,36951,-105.935,47.964,80.474,116.287,2.716,465
207,119,0,1,0,6,6,36955,-105.410,49.769,81.266,116.569,2.700,465
207,119,0,1,0,6,7,36954,-106.869,44.751,101.472,115.861,2.745,465
207,119,0,1,0,6,8,36952,-106.350,46.535,114.506,116.085,2.729,465
207,119,0,1,0,6,9,36953,-106.763,45.115,127.312,115.904,2.742,465
207,119,0,1,0,6,10,37470,-106.107,45.599,157.488,115.490,2.736,517
207,119,0,1,0,6,11,37474,-105.095,49.078,160.363,115.990,2.705,517
207,119,0,1,0,6,12,37473,-106.450,44.416,183.912,115.345,2.746,517
207,119,0,1,0,6,13,37858,-106.679,45.405,242.908,115.940,2.739,569
207,119,0,1,0,6,14,37861,-106.211,47.014,245.703,116.151,2.725,569
207,119,0,1,0,6,15,38195,-105.673,47.089,304.309,115.690,2.722,621
207,119,0,1,0,8,0,41739,-156.986,69.470,-46.251,171.670,2.725,541
207,119,0,1,0,8,1,41750,-159.261,69.019,-40.107,173.573,2.733,542
207,119,0,1,0,8,2,41746,-157.390,68.179,-39.512,171.522,2.733,541
207,119,0,1,0,8,3,41749,-157.145,68.962,-35.615,171.611,2.728,541
207,119,0,1,0,8,4,42325,-156.154,70.473,32.750,171.320,2.718,619
207,119,0,1,0,8,5,42322,-155.724,71.848,36.668,171.499,2.709,619
207,119,0,1,0,8,6,42328,-159.132,67.343,36.884,172.795,2.741,620
207,119,0,1,0,8,7,42323,-155.786,71.649,50.565,171.473,2.711,619
207,119,0,1,0,8,8,42841,-157.647,67.359,82.820,171.434,2.738,697
207,119,0,1,0,8,9,42849,-159.588,67.573,83.671,173.305,2.741,698
207,119,0,1,0,8,10,42839,-156.329,71.572,115.649,171.934,2.712,697
207,119,0,1,0,8,11,43311,-155.281,73.266,149.853,171.698,2.701,775
207,119,0,1,0,8,12,43312,-155.954,71.114,158.575,171.403,2.714,775
207,119,0,1,0,8,13,43317,-159.340,66.424,171.147,172.631,2.747,776
207,119,0,1,0,8,14,43309,-155.673,72.012,193.526,171.522,2.708,775
207,119,0,1,0,8,15,43310,-157.527,66.081,197.232,170.826,2.744,775
208,120,0,0,0,2,0,23577,-29.612,12.113,139.150,31.994,2.753,143
208,120,0,0,0,2,1,24274,-29.630,10.934,177.424,31.583,2.788,159
208,120,0,0,0,2,2,24271,-29.096,12.042,180.495,31.490,2.749,159
208,120,0,0,0,2,3,24316,-30.847,11.384,184.808,32.881,2.788,160
208,120,0,0,0,2,4,24317,-30.773,12.707,190.706,33.293,2.750,160
208,120,0,0,0,2,5,24245,-29.370,11.475,196.253,31.532,2.769,159
208,120,0,0,0,2,6,24256,-29.609,10.979,202.655,31.579,2.786,159
208,120,0,0,0,2,7,24321,-30.811,12.024,205.269,33.074,2.770,160
208,120,0,0,0,2,8,24702,-31.328,11.647,215.155,33.423,2.786,176
208,120,0,0,0,2,9,24680,-30.003,11.302,229.236,32.061,2.781,175
208,120,0,0,0,2,10,24677,-29.694,11.942,231.393,32.006,2.759,175
208,120,0,0,0,2,11,24724,-31.318,11.835,238.921,33.479,2.780,176
208,120,0,0,0,2,12,24714,-31.269,12.697,243.608,33.748,2.756,176
208,120,0,0,0,2,13,24901,-29.174,11.880,297.362,31.501,2.755,191
208,120,0,0,0,2,14,24897,-29.305,11.610,302.725,31.521,2.764,191
208,120,0,0,0,2,15,24904,-30.799,12.239,317.869,33.142,2.763,192
208,120,0,0,0,4,0,31413,-66.575,26.256,254.391,71.565,2.766,350
208,120,0,0,0,4,1,31421,-68.209,26.942,260.674,73.337,2.765,351
208,120,0,0,0,4,2,31420,-66.455,26.582,262.609,71.575,2.761,350
208,120,0,0,0,4,3,31415,-66.354,26.859,268.150,71.584,2.757,350
208,120,0,0,0,4,4,31423,-68.151,27.314,269.548,73.421,2.760,351
208,120,0,0,0,4,5,31430,-68.500,25.072,272.485,72.945,2.791,351
208,120,0,0,0,4,6,31426,-68.117,27.534,275.385,73.471,2.757,351
208,120,0,0,0,4,7,31427,-68.499,25.081,276.693,72.946,2.791,351
208,120,0,0,0,4,8,31762,-65.965,26.482,279.519,71.082,2.760,382
208,120,0,0,0,4,9,31400,-66.427,26.659,280.742,71.577,2.760,350
208,120,0,0,0,4,10,31777,-67.668,27.197,284.758,72.929,2.759,383
208,120,0,0,0,4,11,31764,-65.868,26.745,291.747,71.091,2.756,382
208,120,0,0,0,4,12,31775,-67.655,27.284,299.412,72.949,2.758,383
208,120,0,0,0,4,13,31766,-65.773,27.006,302.558,71.101,2.752,382
208,120,0,0,0,4,14,31776,-67.587,27.723,310.973,73.051,2.752,383
208,120,0,0,0,4,15,31778,-67.992,25.119,325.824,72.484,2.788,383
208,120,0,0,0,6,0,36966,-110.074,40.163,138.255,117.172,2.792,466
208,120,0,0,0,6,1,37469,-107.197,41.846,146.072,115.075,2.769,517
208,120,0,0,0,6,2,37489,-109.227,42.274,148.633,117.122,2.772,518
208,120,0,0,0,6,3,37475,-107.845,39.619,154.215,114.892,2.790,517
208,120,0,0,0,6,4,37471,-107.728,40.022,157.483,114.922,2.786,517
208,120,0,0,0,6,5,37487,-109.542,40.350,159.930,116.737,2.789,518
208,120,0,0,0,6,6,37857,-107.839,41.413,223.916,115.518,2.775,569
208,120,0,0,0,6,7,37864,-109.675,42.606,228.319,117.660,2.771,570
208,120,0,0,0,6,8,37859,-107.316,43.213,241.290,115.690,2.759,569
208,120,0,0,0,6,9,37856,-107.857,41.350,280.082,115.512,2.775,569
208,120,0,0,0,6,10,38210,-109.308,41.778,283.782,117.020,2.777,622
208,120,0,0,0,6,11,38199,-107.889,39.469,294.203,114.882,2.791,621
208,120,0,0,0,6,12,38209,-109.537,40.381,294.951,116.743,2.788,622
208,120,0,0,0,6,13,38208,-109.629,39.819,309.529,116.637,2.793,622
208,120,0,0,0,6,14,38197,-106.760,43.353,320.803,115.226,2.756,621
208,120,0,0,0,6,15,38196,-106.548,44.080,324.014,115.306,2.749,621
208,120,0,0,0,8,0,42327,-160.063,63.227,14.609,172.098,2.765,620
208,120,0,0,0,8,1,42330,-161.155,58.401,21.182,171.410,2.794,620
208,120,0,0,0,8,2,42332,-159.927,63.830,25.217,172.194,2.762,620
208,120,0,0,0,8,3,42329,-160.417,61.662,26.665,171.860,2.775,620
208,120,0,0,0,8,4,42333,-160.105,63.044,48.055,172.070,2.766,620
208,120,0,0,0,8,5,42326,-159.608,65.238,59.803,172.426,2.754,620
208,120,0,0,0,8,6,42851,-160.726,62.540,82.747,172.465,2.771,698
208,120,0,0,0,8,7,42852,-161.317,59.927,82.881,172.089,2.786,698
208,120,0,0,0,8,8,42847,-159.991,65.793,89.109,172.991,2.751,698
208,120,0,0,0,8,9,42853,-160.868,61.916,90.506,172.372,2.774,698
208,120,0,0,0,8,10,43314,-159.870,64.082,169.097,172.235,2.760,776
208,120,0,0,0,8,11,43316,-161.088,58.699,190.383,171.449,2.792,776
208,120,0,0,0,8,12,43714,-161.560,58.856,237.517,171.947,2.792,854
208,120,0,0,0,8,13,44026,-159.492,65.753,298.676,172.514,2.751,932
208,120,0,0,0,8,14,44029,-159.477,65.820,317.860,172.526,2.750,932
208,120,0,0,0,8,15,44370,-160.067,65.453,360.083,172.932,2.753,1010
209,121,0,0,1,2,0,24276,-30.885,10.706,191.557,32.688,2.808,160
209,121,0,0,1,2,1,24262,-29.869,10.439,199.159,31.641,2.805,159
209,121,0,0,1,2,2,24279,-30.878,10.838,206.237,32.725,2.804,160
209,121,0,0,1,2,3,24244,-29.888,10.398,208.883,31.646,2.807,159
209,121,0,0,1,2,4,24718,-31.363,11.031,209.811,33.246,2.803,176
209,121,0,0,1,2,5,24684,-30.350,10.581,212.286,32.142,2.806,175
209,121,0,0,1,2,6,24708,-31.366,10.974,219.768,33.231,2.805,176
209,121,0,0,1,2,7,24710,-31.408,10.239,225.478,33.034,2.826,176
209,121,0,0,1,2,8,24704,-31.421,9.998,228.961,32.974,2.834,176
209,121,0,0,1,2,9,24689,-30.257,10.773,235.376,32.118,2.800,175
209,121,0,0,1,2,10,24686,-30.306,10.671,247.070,32.130,2.803,175
209,121,0,0,1,2,11,24720,-31.362,11.046,255.391,33.251,2.803,176
209,121,0,0,1,2,12,24717,-31.436,9.742,267.354,32.911,2.841,176
209,121,0,0,1,2,13,24906,-30.919,10.103,283.050,32.528,2.826,192
209,121,0,0,1,2,14,24900,-29.808,10.566,283.509,31.625,2.801,191
209,121,0,0,1,2,15,24893,-29.782,10.619,306.706,31.619,2.799,191
209,121,0,0,1,4,0,29726,-68.576,21.374,56.181,71.829,2.839,255
209,121,0,0,1,4,1,29729,-68.536,21.628,60.284,71.867,2.836,255
209,121,0,0,1,4,2,29731,-68.535,21.634,68.673,71.868,2.836,255
209,121,0,0,1,4,3,30487,-69.008,21.812,69.176,72.373,2.835,287
209,121,0,0,1,4,4,30474,-68.954,22.158,89.030,72.427,2.831,287
209,121,0,0,1,4,5,30488,-68.770,23.339,101.582,72.623,2.814,287
209,121,0,0,1,4,6,30483,-68.785,23.243,103.419,72.606,2.816,287
209,121,0,0,1,4,7,30473,-68.971,22.049,116.847,72.410,2.832,287
209,121,0,0,1,4,8,31018,-68.569,21.416,144.726,71.836,2.839,319
209,121,0,0,1,4,9,31026,-68.620,21.090,177.700,71.788,2.843,319
209,121,0,0,1,4,10,31015,-68.568,21.422,184.930,71.836,2.839,319
209,121,0,0,1,4,11,31028,-68.367,22.712,206.292,72.041,2.821,319
209,121,0,0,1,4,12,31435,-68.665,24.013,265.499,72.743,2.805,351
209,121,0,0,1,4,13,31783,-68.583,21.326,314.637,71.822,2.840,383
209,121,0,0,1,4,14,31779,-68.545,21.569,314.722,71.858,2.837,383
209,121,0,0,1,4,15,32044,-68.705,23.758,356.018,72.697,2.809,415
209,121,0,0,1,6,0,36971,-111.062,34.123,94.779,116.186,2.844,466
209,121,0,0,1,6,1,36963,-110.446,37.892,112.634,116.765,2.811,466
209,121,0,0,1,6,2,36967,-110.275,38.935,113.489,116.947,2.802,466
209,121,0,0,1,6,3,36973,-111.069,34.077,117.733,116.179,2.844,466
209,121,0,0,1,6,4,37488,-110.613,33.799,141.962,115.662,2.845,518
209,121,0,0,1,6,5,37482,-110.120,36.814,150.499,116.111,2.819,518
209,121,0,0,1,6,6,37483,-110.045,37.273,150.968,116.186,2.815,518
209,121,0,0,1,6,7,37478,-110.161,36.565,151.252,116.071,2.821,518
209,121,0,0,1,6,8,37484,-110.162,36.560,151.257,116.070,2.821,518
209,121,0,0,1,6,9,37480,-110.526,34.333,163.867,115.736,2.840,518
209,121,0,0,1,6,10,37486,-110.247,36.040,169.512,115.988,2.826,518
209,121,0,0,1,6,11,37476,-109.798,38.785,174.170,116.447,2.802,518
209,121,0,0,1,6,12,37477,-109.858,38.420,200.191,116.382,2.805,518
209,121,0,0,1,6,13,38207,-109.746,39.105,312.015,116.505,2.799,622
209,121,0,0,1,6,14,38203,-110.185,36.417,327.425,116.047,2.822,622
209,121,0,0,1,6,15,38756,-109.791,38.825,419.704,116.453,2.802,726
209,121,0,0,1,8,0,43321,-164.633,50.133,172.695,172.097,2.846,777
209,121,0,0,1,8,1,43722,-164.919,51.631,225.664,172.812,2.838,855
209,121,0,0,1,8,2,43713,-162.433,54.998,232.052,171.491,2.815,854
209,121,0,0,1,8,3,43724,-164.308,55.907,234.640,173.559,2.814,855
209,121,0,0,1,8,4,43715,-162.710,53.771,241.632,171.365,2.822,854
209,121,0,0,1,8,5,43719,-164.468,54.790,244.438,173.354,2.820,855
209,121,0,0,1,8,6,43717,-164.919,51.631,259.469,172.812,2.838,855
209,121,0,0,1,8,7,44031,-164.235,52.921,302.904,172.551,2.830,933
209,121,0,0,1,8,8,44371,-162.335,55.430,418.260,171.537,2.813,1010
209,121,0,0,1,8,9,44375,-164.472,54.760,420.099,173.349,2.820,1011
209,121,0,0,1,8,10,44659,-163.980,54.703,420.461,172.864,2.820,1089
209,121,0,0,1,8,11,44656,-162.044,54.473,421.894,170.955,2.817,1088
209,121,0,0,1,8,12,44661,-163.832,55.744,422.012,173.056,2.814,1089
209,121,0,0,1,8,13,44664,-164.416,51.656,458.219,172.340,2.837,1089
209,121,0,0,1,8,14,44658,-162.184,53.854,459.976,170.892,2.821,1088
209,121,0,0,1,8,15,44662,-164.033,54.335,465.155,172.798,2.822,1089
210,121,0,1,0,2,0,24276,-30.885,10.706,191.557,32.688,2.808,160
210,121,0,1,0,2,1,24262,-29.869,10.439,199.159,31.641,2.805,159
210,121,0,1,0,2,2,24279,-30.878,10.838,206.237,32.725,2.804,160
210,121,0,1,0,2,3,24244,-29.888,10.398,208.883,31.646,2.807,159
210,121,0,1,0,2,4,24718,-31.363,11.031,209.811,33.246,2.803,176
210,121,0,1,0,2,5,24684,-30.350,10.581,212.286,32.142,2.806,175
210,121,0,1,0,2,6,24708,-31.366,10.974,219.768,33.231,2.805,176
210,121,0,1,0,2,7,24710,-31.408,10.239,225.478,33.034,2.826,176
210,121,0,1,0,2,8,24704,-31.421,9.998,228.961,32.974,2.834,176
210,121,0,1,0,2,9,24689,-30.257,10.773,235.376,32.118,2.800,175
210,121,0,1,0,2,10,24686,-30.306,10.671,247.070,32.130,2.803,175
210,121,0,1,0,2,11,24720,-31.362,11.046,255.391,33.251,2.803,176
210,121,0,1,0,2,12,24717,-31.436,9.742,267.354,32.911,2.841,176
210,121,0,1,0,2,13,24906,-30.919,10.103,283.050,32.528,2.826,192
210,121,0,1,0,2,14,24900,-29.808,10.566,283.509,31.625,2.801,191
210,121,0,1,0,2,15,24893,-29.782,10.619,306.706,31.619,2.799,191
210,121,0,1,0,4,0,29709,-68.255,23.433,53.032,72.165,2.811,255
210,121,0,1,0,4,1,29736,-68.237,23.549,56.115,72.186,2.809,255
210,121,0,1,0,4,2,29726,-68.576,21.374,56.181,71.829,2.839,255
210,121,0,1,0,4,3,29729,-68.536,21.628,60.284,71.867,2.836,255
210,121,0,1,0,4,4,29731,-68.535,21.634,68.673,71.868,2.836,255
210,121,0,1,0,4,5,30487,-69.008,21.812,69.176,72.373,2.835,287
210,121,0,1,0,4,6,30474,-68.954,22.158,89.030,72.427,2.831,287
210,121,0,1,0,4,7,30488,-68.770,23.339,101.582,72.623,2.814,287
210,121,0,1,0,4,8,30483,-68.785,23.243,103.419,72.606,2.816,287
210,121,0,1,0,4,9,30473,-68.971,22.049,116.847,72.410,2.832,287
210,121,0,1,0,4,10,31018,-68.569,21.416,144.726,71.836,2.839,319
210,121,0,1,0,4,11,31026,-68.620,21.090,177.700,71.788,2.843,319
210,121,0,1,0,4,12,31015,-68.568,21.422,184.930,71.836,2.839,319
210,121,0,1,0,4,13,31028,-68.367,22.712,206.292,72.041,2.821,319
210,121,0,1,0,4,14,31435,-68.665,24.013,265.499,72.743,2.805,351
210,121,0,1,0,4,15,31783,-68.583,21.326,314.637,71.822,2.840,383
210,121,0,1,0,6,0,36342,-109.753,39.056,56.008,116.495,2.800,414
210,121,0,1,0,6,1,36964,-111.094,33.927,71.834,116.159,2.845,466
210,121,0,1,0,6,2,36972,-110.942,34.855,81.498,116.288,2.837,466
210,121,0,1,0,6,3,36971,-111.062,34.123,94.779,116.186,2.844,466
210,121,0,1,0,6,4,36963,-110.446,37.892,112.634,116.765,2.811,466
210,121,0,1,0,6,5,36967,-110.275,38.935,113.489,116.947,2.802,466
210,121,0,1,0,6,6,36973,-111.069,34.077,117.733,116.179,2.844,466
210,121,0,1,0,6,7,37488,-110.613,33.799,141.962,115.662,2.845,518
210,121,0,1,0,6,8,37482,-110.120,36.814,150.499,116.111,2.819,518
210,121,0,1,0,6,9,37483,-110.045,37.273,150.968,116.186,2.815,518
210,121,0,1,0,6,10,37478,-110.161,36.565,151.252,116.071,2.821,518
210,121,0,1,0,6,11,37484,-110.162,36.560,151.257,116.070,2.821,518
210,121,0,1,0,6,12,37480,-110.526,34.333,163.867,115.736,2.840,518
210,121,0,1,0,6,13,37486,-110.247,36.040,169.512,115.988,2.826,518
210,121,0,1,0,6,14,37476,-109.798,38.785,174.170,116.447,2.802,518
210,121,0,1,0,6,15,37477,-109.858,38.420,200.191,116.382,2.805,518
210,121,0,1,0,8,0,41129,-164.298,52.482,-124.879,172.477,2.832,465
210,121,0,1,0,8,1,41121,-161.588,56.489,-90.397,171.178,2.805,464
210,121,0,1,0,8,2,41118,-161.547,56.667,-86.866,171.198,2.804,464
210,121,0,1,0,8,3,41761,-164.286,56.062,-67.014,173.588,2.813,543
210,121,0,1,0,8,4,41752,-162.258,55.772,-66.372,171.576,2.811,542
210,121,0,1,0,8,5,41757,-164.968,51.291,-29.627,172.758,2.840,543
210,121,0,1,0,8,6,41754,-162.220,55.937,-14.497,171.593,2.810,542
210,121,0,1,0,8,7,41755,-162.297,55.598,-8.478,171.556,2.812,542
210,121,0,1,0,8,8,42331,-162.348,53.129,15.453,170.820,2.825,620
210,121,0,1,0,8,9,42334,-164.085,53.973,15.509,172.734,2.824,621
210,121,0,1,0,8,10,42862,-164.725,52.988,90.501,173.038,2.830,699
210,121,0,1,0,8,11,42848,-162.500,54.700,109.454,171.459,2.817,698
210,121,0,1,0,8,12,42857,-164.412,55.185,110.872,173.426,2.818,699
210,121,0,1,0,8,13,42850,-162.732,53.675,137.310,171.355,2.823,698
210,121,0,1,0,8,14,42866,-164.599,53.870,138.881,173.190,2.825,699
210,121,0,1,0,8,15,43321,-164.633,50.133,172.695,172.097,2.846,777
211,122,0,0,0,2,0,22644,-30.987,8.900,29.397,32.240,2.862,128
211,122,0,0,0,2,1,22673,-30.991,8.826,44.864,32.224,2.864,128
211,122,0,0,0,2,2,22717,-31.048,7.817,45.515,32.017,2.895,128
211,122,0,0,0,2,3,23636,-31.481,8.944,72.790,32.727,2.865,144
211,122,0,0,0,2,4,23685,-31.478,8.995,75.420,32.738,2.863,144
211,122,0,0,0,2,5,23650,-31.475,9.042,93.482,32.748,2.862,144
211,122,0,0,0,2,6,23681,-31.468,9.161,121.877,32.775,2.858,144
211,122,0,0,0,2,7,23666,-31.512,8.391,139.698,32.610,2.881,144
211,122,0,0,0,2,8,24314,-30.982,9.000,149.364,32.262,2.859,160
211,122,0,0,0,2,9,24287,-31.017,8.376,176.026,32.128,2.878,160
211,122,0,0,0,2,10,24318,-30.980,9.034,180.696,32.270,2.858,160
211,122,0,0,0,2,11,24299,-30.989,8.866,184.573,32.233,2.863,160
211,122,0,0,0,2,12,24300,-30.969,9.226,206.416,32.314,2.852,160
211,122,0,0,0,2,13,24719,-31.456,9.382,209.916,32.825,2.852,176
211,122,0,0,0,2,14,24712,-31.489,8.803,228.874,32.696,2.869,176
211,122,0,0,0,2,15,24910,-31.034,8.072,302.014,32.067,2.887,192
211,122,0,0,0,4,0,28686,-69.530,18.463,-6.397,71.940,2.882,223
211,122,0,0,0,4,1,29708,-68.747,20.273,15.201,71.674,2.855,255
211,122,0,0,0,4,2,29704,-69.009,18.590,31.533,71.469,2.878,255
211,122,0,0,0,4,3,29725,-69.179,17.497,36.209,71.358,2.894,255
211,122,0,0,0,4,4,29703,-69.034,18.428,46.822,71.452,2.881,255
211,122,0,0,0,4,5,29727,-68.781,20.055,61.649,71.645,2.858,255
211,122,0,0,0,4,6,29723,-68.825,19.774,65.993,71.609,2.862,255
211,122,0,0,0,4,7,30486,-69.507,18.609,78.972,71.955,2.880,287
211,122,0,0,0,4,8,30480,-69.168,20.783,106.424,72.223,2.850,287
211,122,0,0,0,4,9,30477,-69.214,20.494,136.001,72.184,2.854,287
211,122,0,0,0,4,10,31013,-68.983,18.757,154.977,71.488,2.876,319
211,122,0,0,0,4,11,31422,-69.341,19.679,214.977,72.079,2.865,351
211,122,0,0,0,4,12,31433,-69.181,20.701,275.650,72.212,2.851,351
211,122,0,0,0,4,13,31781,-69.183,17.470,305.228,71.355,2.894,383
211,122,0,0,0,4,14,31774,-69.183,17.475,329.902,71.356,2.894,383
211,122,0,0,0,4,15,31782,-69.132,17.800,346.310,71.387,2.890,383
211,122,0,0,0,6,0,36960,-111.663,30.447,74.777,115.739,2.875,466
211,122,0,0,0,6,1,36959,-111.897,29.016,99.790,115.598,2.888,466
211,122,0,0,0,6,2,36968,-112.017,28.282,102.725,115.532,2.894,466
211,122,0,0,0,6,3,37485,-110.963,31.659,161.880,115.391,2.864,518
211,122,0,0,0,6,4,37479,-111.488,28.448,162.085,115.060,2.892,518
211,122,0,0,0,6,5,37481,-111.016,31.334,165.431,115.353,2.866,518
211,122,0,0,0,6,6,37866,-111.229,33.099,236.752,116.049,2.852,570
211,122,0,0,0,6,7,37863,-111.979,28.514,245.771,115.552,2.892,570
211,122,0,0,0,6,8,37879,-114.016,28.938,250.063,117.631,2.893,571
211,122,0,0,0,6,9,37867,-111.184,33.377,270.444,116.086,2.850,570
211,122,0,0,0,6,10,37865,-111.295,32.699,277.676,115.999,2.856,570
211,122,0,0,0,6,11,38202,-111.323,29.459,289.722,115.155,2.883,622
211,122,0,0,0,6,12,38211,-111.515,28.285,294.864,115.046,2.893,622
211,122,0,0,0,6,13,38213,-113.539,28.506,300.000,117.063,2.896,623
211,122,0,0,0,6,14,38205,-111.045,31.159,348.572,115.334,2.868,622
211,122,0,0,0,6,15,38506,-111.525,31.288,350.093,115.831,2.868,674
211,122,0,0,0,8,0,42863,-166.121,43.225,96.077,171.653,2.887,699
211,122,0,0,0,8,1,42855,-165.716,46.054,117.531,171.996,2.871,699
211,122,0,0,0,8,2,42854,-165.286,49.068,123.857,172.416,2.853,699
211,122,0,0,0,8,3,42858,-165.752,45.804,129.205,171.964,2.872,699
211,122,0,0,0,8,4,42859,-165.282,49.094,138.629,172.419,2.853,699
211,122,0,0,0,8,5,43318,-165.220,46.026,165.984,171.511,2.870,777
211,122,0,0,0,8,6,43319,-165.690,42.736,200.617,171.113,2.889,777
211,122,0,0,0,8,7,43716,-165.328,48.771,217.444,172.372,2.855,855
211,122,0,0,0,8,8,43718,-165.873,44.960,235.571,171.858,2.877,855
211,122,0,0,0,8,9,43721,-165.816,45.356,244.815,171.907,2.875,855
211,122,0,0,0,8,10,43723,-165.992,44.126,250.225,171.757,2.882,855
211,122,0,0,0,8,11,44030,-165.627,43.182,319.875,171.164,2.887,933
211,122,0,0,0,8,12,44377,-165.727,45.982,353.463,171.988,2.871,1011
211,122,0,0,0,8,13,44378,-165.798,45.481,370.256,171.923,2.874,1011
211,122,0,0,0,8,14,44376,-166.298,41.980,391.060,171.515,2.894,1011
211,122,0,0,0,8,15,44374,-166.179,42.818,403.255,171.607,2.889,1011
212,123,0,0,0,2,0,22694,-31.058,7.638,44.713,31.984,2.900,128
212,123,0,0,0,2,1,22729,-31.076,7.319,55.142,31.927,2.910,128
212,123,0,0,0,2,2,22661,-31.105,6.807,55.709,31.841,2.926,128
212,123,0,0,0,2,3,23670,-31.597,6.876,77.676,32.337,2.927,144
212,123,0,0,0,2,4,23680,-31.626,6.370,77.990,32.261,2.943,144
212,123,0,0,0,2,5,23672,-31.540,7.892,88.340,32.512,2.896,144
212,123,0,0,0,2,6,23646,-31.585,7.085,95.522,32.370,2.921,144
212,123,0,0,0,2,7,23668,-31.560,7.531,96.447,32.447,2.907,144
212,123,0,0,0,2,8,23649,-31.545,7.801,97.030,32.495,2.899,144
212,123,0,0,0,2,9,24298,-31.127,6.428,142.800,31.784,2.938,160
212,123,0,0,0,2,10,24302,-31.052,7.759,151.051,32.006,2.897,160
212,123,0,0,0,2,11,24277,-31.121,6.529,151.686,31.799,2.935,160
212,123,0,0,0,2,12,24293,-31.126,6.443,159.924,31.786,2.937,160
212,123,0,0,0,2,13,24286,-31.063,7.560,161.355,31.970,2.903,160
212,123,0,0,0,2,14,24721,-31.561,7.523,222.528,32.445,2.908,176
212,123,0,0,0,2,15,24905,-31.100,6.900,321.566,31.856,2.923,192
212,123,0,0,0,4,0,30489,-70.198,14.177,93.004,71.615,2.942,287
212,123,0,0,0,4,1,30492,-70.019,15.322,94.898,71.676,2.926,287
212,123,0,0,0,4,2,30513,-72.213,14.515,95.855,73.658,2.943,288
212,123,0,0,0,4,3,30505,-72.213,14.514,103.583,73.657,2.943,288
212,123,0,0,0,4,4,30491,-70.026,15.279,107.190,71.673,2.927,287
212,123,0,0,0,4,5,30482,-70.014,15.355,118.223,71.678,2.926,287
212,123,0,0,0,4,6,31014,-69.504,15.413,165.648,71.192,2.923,319
212,123,0,0,0,4,7,31017,-69.578,14.938,167.104,71.163,2.930,319
212,123,0,0,0,4,8,31038,-71.754,15.381,172.016,73.384,2.930,320
212,123,0,0,0,4,9,31434,-69.691,17.431,217.039,71.838,2.897,351
212,123,0,0,0,4,10,31431,-69.815,16.632,272.026,71.769,2.908,351
212,123,0,0,0,4,11,31429,-69.886,16.174,276.019,71.734,2.914,351
212,123,0,0,0,4,12,31780,-69.586,14.883,345.585,71.160,2.931,383
212,123,0,0,0,4,13,32065,-72.226,14.819,350.983,73.730,2.939,416
212,123,0,0,0,4,14,32049,-70.098,14.815,356.551,71.647,2.933,415
212,123,0,0,0,4,15,32066,-72.251,15.431,358.559,73.881,2.931,416
212,123,0,0,0,6,0,36958,-112.160,27.406,132.370,115.460,2.902,466
212,123,0,0,0,6,1,36985,-114.059,27.911,134.786,117.424,2.902,467
212,123,0,0,0,6,2,37498,-113.687,24.918,154.712,116.386,2.926,519
212,123,0,0,0,6,3,37875,-114.152,25.662,259.863,117.001,2.920,571
212,123,0,0,0,6,4,37869,-114.147,25.781,269.423,117.022,2.919,571
212,123,0,0,0,6,5,37878,-114.191,24.698,271.404,116.831,2.929,571
212,123,0,0,0,6,6,37862,-112.117,27.667,271.448,115.480,2.900,570
212,123,0,0,0,6,7,37873,-114.073,27.556,274.636,117.354,2.905,571
212,123,0,0,0,6,8,38206,-111.858,26.185,321.090,114.882,2.912,622
212,123,0,0,0,6,9,38204,-111.800,26.540,348.671,114.907,2.909,622
212,123,0,0,0,6,10,38504,-112.286,26.636,350.184,115.402,2.909,674
212,123,0,0,0,6,11,38508,-114.097,26.989,355.818,117.246,2.909,675
212,123,0,0,0,6,12,38515,-114.052,28.069,360.072,117.455,2.900,675
212,123,0,0,0,6,13,38505,-112.147,27.486,371.842,115.466,2.901,674
212,123,0,0,0,6,14,38516,-114.257,23.108,371.923,116.570,2.942,675
212,123,0,0,0,6,15,38514,-114.043,28.296,378.506,117.501,2.898,675
212,123,0,0,0,8,0,42873,-168.305,42.004,110.814,173.467,2.897,700
212,123,0,0,0,8,1,42868,-168.792,34.083,126.939,172.199,2.942,700
212,123,0,0,0,8,2,43326,-168.166,36.189,148.850,172.016,2.930,778
212,123,0,0,0,8,3,43320,-165.912,41.184,181.238,170.947,2.898,777
212,123,0,0,0,8,4,43322,-167.821,41.815,183.404,172.952,2.897,778
212,123,0,0,0,8,5,43730,-168.765,34.511,247.954,172.258,2.940,856
212,123,0,0,0,8,6,43720,-166.551,40.213,256.251,171.337,2.905,855
212,123,0,0,0,8,7,43726,-168.817,33.666,257.660,172.141,2.945,856
212,123,0,0,0,8,8,44032,-168.043,38.187,345.071,172.327,2.918,934
212,123,0,0,0,8,9,44379,-168.479,39.172,364.234,172.973,2.913,1012
212,123,0,0,0,8,10,44380,-168.705,35.501,385.361,172.400,2.934,1012
212,123,0,0,0,8,11,44383,-168.496,38.888,396.063,172.925,2.915,1012
212,123,0,0,0,8,12,44381,-168.629,36.735,398.724,172.584,2.927,1012
212,123,0,0,0,8,13,44665,-167.840,41.503,441.719,172.895,2.899,1090
212,123,0,0,0,8,14,44660,-166.142,39.572,444.430,170.790,2.908,1089
212,123,0,0,0,8,15,44668,-167.889,40.699,460.542,172.752,2.904,1090
213,124,0,0,0,2,0,23638,-31.712,4.847,76.092,32.080,2.990,144
213,124,0,0,0,2,1,23669,-31.696,5.129,77.343,32.108,2.981,144
213,124,0,0,0,2,2,23628,-31.645,6.039,86.825,32.216,2.953,144
213,124,0,0,0,2,3,23674,-31.676,5.488,95.541,32.148,2.970,144
213,124,0,0,0,2,4,23625,-31.683,5.354,120.682,32.132,2.974,144
213,124,0,0,0,2,5,23658,-31.690,5.228,121.214,32.119,2.978,144
213,124,0,0,0,2,6,23653,-31.695,5.150,128.330,32.110,2.981,144
213,124,0,0,0,2,7,24308,-31.157,5.884,158.561,31.708,2.955,160
213,124,0,0,0,2,8,24297,-31.163,5.783,163.647,31.695,2.958,160
213,124,0,0,0,2,9,24301,-31.172,5.621,180.073,31.675,2.963,160
213,124,0,0,0,2,10,24296,-31.221,4.759,189.118,31.581,2.990,160
213,124,0,0,0,2,11,24307,-31.209,4.977,203.718,31.603,2.983,160
213,124,0,0,0,2,12,24713,-31.710,4.884,231.955,32.084,2.989,176
213,124,0,0,0,2,13,24716,-31.693,5.177,276.827,32.113,2.980,176
213,124,0,0,0,2,14,24722,-31.720,4.710,278.303,32.067,2.994,176
213,124,0,0,0,2,15,24728,-31.709,4.890,279.798,32.084,2.989,176
213,124,0,0,0,4,0,31039,-71.562,10.786,177.935,72.370,2.992,320
213,124,0,0,0,4,1,31043,-71.583,11.291,198.112,72.468,2.985,320
213,124,0,0,0,4,2,31020,-69.864,13.104,209.506,71.082,2.956,319
213,124,0,0,0,4,3,31025,-69.854,13.168,210.675,71.084,2.955,319
213,124,0,0,0,4,4,31432,-70.349,13.208,210.968,71.578,2.956,351
213,124,0,0,0,4,5,31428,-70.346,13.223,212.263,71.578,2.956,351
213,124,0,0,0,4,6,31444,-72.175,13.597,216.425,73.444,2.955,352
213,124,0,0,0,4,7,31448,-72.168,13.441,217.715,73.409,2.957,352
213,124,0,0,0,4,8,31424,-70.416,12.775,228.326,71.565,2.962,351
213,124,0,0,0,4,9,31449,-72.172,13.528,231.210,73.429,2.956,352
213,124,0,0,0,4,10,31437,-72.065,10.968,231.569,72.895,2.991,352
213,124,0,0,0,4,11,31441,-72.161,13.278,234.229,73.373,2.960,352
213,124,0,0,0,4,12,31446,-72.110,12.057,249.221,73.111,2.976,352
213,124,0,0,0,4,13,31791,-71.570,10.985,285.338,72.408,2.989,384
213,124,0,0,0,4,14,31786,-71.601,11.725,287.604,72.555,2.979,384
213,124,0,0,0,4,15,31793,-71.577,11.164,287.688,72.443,2.987,384
213,124,0,0,0,6,0,36975,-114.340,21.086,114.547,116.268,2.959,467
213,124,0,0,0,6,1,36982,-114.407,19.468,124.620,116.052,2.973,467
213,124,0,0,0,6,2,37495,-113.822,21.631,151.108,115.859,2.954,519
213,124,0,0,0,6,3,37496,-113.869,20.493,154.601,115.698,2.964,519
213,124,0,0,0,6,4,37494,-113.823,21.613,170.179,115.857,2.954,519
213,124,0,0,0,6,5,37492,-113.921,19.250,170.406,115.536,2.974,519
213,124,0,0,0,6,6,37490,-113.859,20.750,174.577,115.734,2.961,519
213,124,0,0,0,6,7,37497,-113.866,20.578,185.311,115.711,2.963,519
213,124,0,0,0,6,8,37491,-113.953,18.466,190.314,115.440,2.981,519
213,124,0,0,0,6,9,37876,-114.345,20.972,216.384,116.252,2.960,571
213,124,0,0,0,6,10,37877,-114.333,21.273,261.721,116.295,2.958,571
213,124,0,0,0,6,11,37874,-114.293,22.235,269.945,116.436,2.949,571
213,124,0,0,0,6,12,37872,-114.499,17.243,276.125,115.790,2.992,571
213,124,0,0,0,6,13,38214,-113.889,20.022,310.564,115.636,2.968,623
213,124,0,0,0,6,14,38212,-114.012,17.025,342.546,115.276,2.993,623
213,124,0,0,0,6,15,38509,-114.338,21.138,374.186,116.275,2.959,675
213,124,0,0,0,8,0,42874,-169.062,29.688,107.328,171.649,2.968,700
213,124,0,0,0,8,1,42875,-171.096,26.074,126.328,173.071,2.990,701
213,124,0,0,0,8,2,43325,-168.478,31.122,142.291,171.328,2.959,778
213,124,0,0,0,8,3,43327,-168.679,27.844,160.317,170.962,2.978,778
213,124,0,0,0,8,4,43332,-170.589,25.468,167.079,172.480,2.993,779
213,124,0,0,0,8,5,43323,-168.376,32.773,181.385,171.536,2.949,778
213,124,0,0,0,8,6,43324,-168.562,29.752,205.140,171.168,2.967,778
213,124,0,0,0,8,7,43725,-169.273,26.247,221.696,171.296,2.988,856
213,124,0,0,0,8,8,43734,-171.101,26.338,224.018,173.116,2.989,857
213,124,0,0,0,8,9,43733,-171.092,25.875,234.679,173.038,2.991,857
213,124,0,0,0,8,10,43729,-169.006,30.598,239.322,171.754,2.962,856
213,124,0,0,0,8,11,43727,-168.839,33.320,253.885,172.095,2.947,856
213,124,0,0,0,8,12,43728,-168.840,33.306,269.617,172.094,2.947,856
213,124,0,0,0,8,13,44382,-168.904,32.252,396.557,171.956,2.953,1012
213,124,0,0,0,8,14,44389,-171.093,25.927,408.289,173.046,2.991,1013
213,124,0,0,0,8,15,44667,-168.515,30.519,439.475,171.256,2.962,1090
214,125,0,0,0,2,0,23651,-31.744,4.278,90.232,32.031,3.008,144
214,125,0,0,0,2,1,23691,-31.797,3.334,99.144,31.971,3.037,144
214,125,0,0,0,2,2,23688,-31.753,4.115,99.667,32.019,3.013,144
214,125,0,0,0,2,3,23639,-31.720,4.702,100.067,32.067,2.994,144
214,125,0,0,0,2,4,23627,-31.788,3.492,100.621,31.979,3.032,144
214,125,0,0,0,2,5,23662,-31.732,4.485,108.941,32.048,3.001,144
214,125,0,0,0,2,6,23631,-31.776,3.715,121.682,31.992,3.025,144
214,125,0,0,0,2,7,23684,-31.755,4.076,126.352,32.016,3.014,144
214,125,0,0,0,2,8,23655,-31.750,4.177,126.799,32.023,3.011,144
214,125,0,0,0,2,9,24319,-31.243,4.362,148.151,31.546,3.003,160
214,125,0,0,0,2,10,24294,-31.251,4.221,157.050,31.535,3.007,160
214,125,0,0,0,2,11,24312,-31.257,4.118,158.582,31.527,3.011,160
214,125,0,0,0,2,12,24292,-31.290,3.533,158.861,31.489,3.029,160
214,125,0,0,0,2,13,24309,-31.294,3.467,202.408,31.485,3.031,160
214,125,0,0,0,2,14,24729,-31.770,3.820,242.420,31.999,3.022,176
214,125,0,0,0,2,15,24902,-31.258,4.095,308.266,31.525,3.011,192
214,125,0,0,0,4,0,30499,-71.999,9.394,72.741,72.609,3.012,288
214,125,0,0,0,4,1,30504,-71.976,8.854,82.872,72.519,3.019,288
214,125,0,0,0,4,2,30500,-71.916,7.407,84.851,72.296,3.039,288
214,125,0,0,0,4,3,30502,-72.042,10.429,104.500,72.793,2.998,288
214,125,0,0,0,4,4,30515,-72.037,10.313,126.459,72.772,2.999,288
214,125,0,0,0,4,5,30507,-71.979,8.916,134.887,72.529,3.018,288
214,125,0,0,0,4,6,31036,-71.444,7.968,160.064,71.887,3.031,320
214,125,0,0,0,4,7,31030,-71.513,9.618,165.757,72.157,3.008,320
214,125,0,0,0,4,8,31035,-71.409,7.144,177.315,71.766,3.042,320
214,125,0,0,0,4,9,31046,-71.428,7.599,195.703,71.831,3.036,320
214,125,0,0,0,4,10,31443,-71.995,9.301,228.585,72.593,3.013,352
214,125,0,0,0,4,11,31447,-72.044,10.483,232.709,72.803,2.997,352
214,125,0,0,0,4,12,31440,-72.040,10.387,266.502,72.785,2.998,352
214,125,0,0,0,4,13,31445,-71.907,7.207,273.987,72.268,3.042,352
214,125,0,0,0,4,14,31438,-71.990,9.176,274.102,72.572,3.015,352
214,125,0,0,0,4,15,32068,-72.049,10.586,376.058,72.822,2.996,416
214,125,0,0,0,6,0,37493,-114.102,14.866,200.216,115.066,3.012,519
214,125,0,0,0,6,1,37505,-116.182,15.059,203.863,117.154,3.013,520
214,125,0,0,0,6,2,37889,-116.412,11.707,246.624,116.999,3.041,572
214,125,0,0,0,6,3,37880,-114.670,13.108,254.026,115.417,3.028,571
214,125,0,0,0,6,4,37882,-116.542,13.343,258.106,117.303,3.028,572
214,125,0,0,0,6,5,37868,-114.690,12.610,261.823,115.381,3.032,571
214,125,0,0,0,6,6,37871,-114.590,15.045,262.595,115.573,3.011,571
214,125,0,0,0,6,7,37886,-116.699,15.305,267.334,117.698,3.011,572
214,125,0,0,0,6,8,37870,-114.669,13.124,274.190,115.418,3.028,571
214,125,0,0,0,6,9,37890,-116.553,13.484,278.673,117.330,3.026,572
214,125,0,0,0,6,10,38215,-114.123,14.346,315.605,115.021,3.017,623
214,125,0,0,0,6,11,38220,-116.132,14.428,321.154,117.025,3.018,624
214,125,0,0,0,6,12,38520,-116.654,14.744,355.720,117.582,3.016,676
214,125,0,0,0,6,13,38511,-114.685,12.725,357.536,115.389,3.031,675
214,125,0,0,0,6,14,38507,-114.690,12.619,364.386,115.382,3.032,675
214,125,0,0,0,6,15,38518,-116.493,12.727,370.110,117.186,3.033,676
214,125,0,0,0,8,0,42877,-170.939,17.902,87.261,171.874,3.037,701
214,125,0,0,0,8,1,42876,-171.034,22.857,117.153,172.554,3.009,701
214,125,0,0,0,8,2,42878,-170.975,19.783,127.768,172.116,3.026,701
214,125,0,0,0,8,3,43330,-170.494,20.507,163.116,171.723,3.022,779
214,125,0,0,0,8,4,43331,-170.456,18.518,191.941,171.459,3.033,779
214,125,0,0,0,8,5,43333,-170.485,20.035,201.712,171.658,3.025,779
214,125,0,0,0,8,6,43732,-171.028,22.556,217.366,172.509,3.010,857
214,125,0,0,0,8,7,44035,-170.561,24.011,285.003,172.243,3.002,935
214,125,0,0,0,8,8,44033,-170.468,19.164,298.557,171.542,3.030,935
214,125,0,0,0,8,9,44034,-170.476,19.559,350.188,171.594,3.027,935
214,125,0,0,0,8,10,44388,-170.970,19.520,351.202,172.081,3.028,1013
214,125,0,0,0,8,11,44385,-170.968,19.397,360.470,172.065,3.029,1013
214,125,0,0,0,8,12,44387,-170.977,19.869,366.879,172.128,3.026,1013
214,125,0,0,0,8,13,44386,-170.986,20.343,376.675,172.192,3.023,1013
214,125,0,0,0,8,14,44391,-171.015,21.833,389.392,172.403,3.015,1013
214,125,0,0,0,8,15,44384,-171.065,24.481,411.595,172.808,2.999,1013
215,126,0,0,1,2,0,22639,-31.355,2.381,63.618,31.445,3.066,128
215,126,0,0,1,2,1,22699,-31.346,2.546,69.749,31.449,3.061,128
215,126,0,0,1,2,2,23692,-31.839,2.589,70.765,31.944,3.060,144
215,126,0,0,1,2,3,23660,-31.829,2.772,74.149,31.949,3.055,144
215,126,0,0,1,2,4,23635,-31.871,2.029,79.388,31.935,3.078,144
215,126,0,0,1,2,5,23675,-31.891,1.672,117.861,31.935,3.089,144
215,126,0,0,1,2,6,23630,-31.882,1.831,117.869,31.935,3.084,144
215,126,0,0,1,2,7,23676,-31.886,1.755,131.376,31.934,3.087,144
215,126,0,0,1,2,8,23656,-31.855,2.301,136.991,31.938,3.069,144
215,126,0,0,1,2,9,24291,-31.361,2.271,163.032,31.443,3.069,160
215,126,0,0,1,2,10,24288,-31.344,2.570,171.096,31.450,3.060,160
215,126,0,0,1,2,11,24284,-31.338,2.681,192.714,31.453,3.056,160
215,126,0,0,1,2,12,24723,-31.826,2.828,232.355,31.951,3.053,176
215,126,0,0,1,2,13,24709,-31.842,2.531,233.183,31.943,3.062,176
215,126,0,0,1,2,14,24711,-31.821,2.909,276.034,31.954,3.050,176
215,126,0,0,1,2,15,24907,-31.400,1.582,313.843,31.440,3.091,192
215,126,0,0,1,4,0,30506,-71.832,5.403,82.263,72.035,3.067,288
215,126,0,0,1,4,1,30493,-71.857,6.004,104.800,72.107,3.058,288
215,126,0,0,1,4,2,30511,-71.787,4.319,117.994,71.916,3.082,288
215,126,0,0,1,4,3,30510,-71.844,5.690,125.544,72.069,3.063,288
215,126,0,0,1,4,4,30509,-71.826,5.254,139.645,72.018,3.069,288
215,126,0,0,1,4,5,31042,-71.379,6.433,152.953,71.669,3.052,320
215,126,0,0,1,4,6,31047,-71.366,6.122,160.432,71.629,3.056,320
215,126,0,0,1,4,7,31037,-71.368,6.157,171.747,71.633,3.056,320
215,126,0,0,1,4,8,31041,-71.402,6.981,195.730,71.743,3.044,320
215,126,0,0,1,4,9,31033,-71.391,6.716,195.934,71.706,3.048,320
215,126,0,0,1,4,10,31436,-71.797,4.562,215.526,71.942,3.078,352
215,126,0,0,1,4,11,31439,-71.852,5.873,240.944,72.091,3.060,352
215,126,0,0,1,4,12,31450,-71.828,5.308,246.104,72.024,3.068,352
215,126,0,0,1,4,13,31788,-71.268,3.776,312.796,71.368,3.089,384
215,126,0,0,1,4,14,31789,-71.335,5.373,332.697,71.537,3.066,384
215,126,0,0,1,4,15,32062,-71.880,6.545,366.799,72.177,3.051,416
215,126,0,0,1,6,0,36994,-116.186,8.870,139.382,116.524,3.065,468
215,126,0,0,1,6,1,37500,-115.801,10.282,139.832,116.257,3.053,520
215,126,0,0,1,6,2,36989,-116.300,10.306,140.460,116.756,3.053,468
215,126,0,0,1,6,3,37503,-115.450,5.869,140.892,115.599,3.091,520
215,126,0,0,1,6,4,37502,-115.733,9.430,170.168,116.117,3.060,520
215,126,0,0,1,6,5,37506,-115.589,7.619,190.007,115.840,3.076,520
215,126,0,0,1,6,6,37887,-115.974,6.217,210.069,116.141,3.088,572
215,126,0,0,1,6,7,37499,-115.552,7.150,210.254,115.773,3.080,520
215,126,0,0,1,6,8,37885,-116.125,8.110,222.816,116.408,3.072,572
215,126,0,0,1,6,9,37884,-116.262,9.827,258.392,116.677,3.057,572
215,126,0,0,1,6,10,37891,-116.093,7.706,263.077,116.348,3.075,572
215,126,0,0,1,6,11,37888,-116.138,8.278,270.340,116.433,3.070,572
215,126,0,0,1,6,12,38219,-115.764,9.815,286.124,116.179,3.057,624
215,126,0,0,1,6,13,38216,-115.687,8.843,314.087,116.024,3.065,624
215,126,0,0,1,6,14,38218,-115.734,9.438,319.504,116.118,3.060,624
215,126,0,0,1,6,15,38764,-115.658,8.485,431.214,115.969,3.068,728
215,126,0,0,1,8,0,43339,-171.875,9.562,191.700,172.141,3.086,780
215,126,0,0,1,8,1,43329,-170.337,12.311,208.052,170.781,3.069,779
215,126,0,0,1,8,2,43334,-172.155,12.353,210.332,172.598,3.070,780
215,126,0,0,1,8,3,43736,-172.653,12.359,210.950,173.095,3.070,858
215,126,0,0,1,8,4,44036,-170.342,12.588,280.076,170.807,3.068,935
215,126,0,0,1,8,5,43731,-170.838,12.628,280.824,171.304,3.068,857
215,126,0,0,1,8,6,44038,-172.197,12.773,283.128,172.670,3.068,936
215,126,0,0,1,8,7,44037,-172.052,11.323,327.784,172.424,3.076,936
215,126,0,0,1,8,8,44390,-170.868,14.183,377.512,171.456,3.059,1013
215,126,0,0,1,8,9,44392,-172.850,14.333,381.846,173.443,3.059,1014
215,126,0,0,1,8,10,44394,-172.470,10.535,386.541,172.791,3.081,1014
215,126,0,0,1,8,11,44677,-172.056,11.368,423.885,172.431,3.076,1092
215,126,0,0,1,8,12,44670,-170.370,14.014,431.116,170.945,3.060,1091
215,126,0,0,1,8,13,44672,-170.417,16.479,432.211,171.212,3.045,1091
215,126,0,0,1,8,14,44673,-172.378,14.580,436.364,172.994,3.057,1092
215,126,0,0,1,8,15,44671,-170.375,14.310,470.688,170.975,3.058,1091
216,126,0,1,0,2,0,22639,-31.355,2.381,63.618,31.445,3.066,128
216,126,0,1,0,2,1,22699,-31.346,2.546,69.749,31.449,3.061,128
216,126,0,1,0,2,2,23692,-31.839,2.589,70.765,31.944,3.060,144
216,126,0,1,0,2,3,23660,-31.829,2.772,74.149,31.949,3.055,144
216,126,0,1,0,2,4,23635,-31.871,2.029,79.388,31.935,3.078,144
216,126,0,1,0,2,5,23675,-31.891,1.672,117.861,31.935,3.089,144
216,126,0,1,0,2,6,23630,-31.882,1.831,117.869,31.935,3.084,144
216,126,0,1,0,2,7,23676,-31.886,1.755,131.376,31.934,3.087,144
216,126,0,1,0,2,8,23656,-31.855,2.301,136.991,31.938,3.069,144
216,126,0,1,0,2,9,24291,-31.361,2.271,163.032,31.443,3.069,160
216,126,0,1,0,2,10,24288,-31.344,2.570,171.096,31.450,3.060,160
216,126,0,1,0,2,11,24284,-31.338,2.681,192.714,31.453,3.056,160
216,126,0,1,0,2,12,24723,-31.826,2.828,232.355,31.951,3.053,176
216,126,0,1,0,2,13,24709,-31.842,2.531,233.183,31.943,3.062,176
216,126,0,1,0,2,14,24711,-31.821,2.909,276.034,31.954,3.050,176
216,126,0,1,0,2,15,24907,-31.400,1.582,313.843,31.440,3.091,192
216,126,0,1,0,4,0,29760,-71.394,6.793,69.686,71.717,3.047,256
216,126,0,1,0,4,1,30512,-71.892,6.848,70.148,72.218,3.047,288
216,126,0,1,0,4,2,30516,-71.759,3.656,77.167,71.852,3.091,288
216,126,0,1,0,4,3,30506,-71.832,5.403,82.263,72.035,3.067,288
216,126,0,1,0,4,4,30493,-71.857,6.004,104.800,72.107,3.058,288
216,126,0,1,0,4,5,30511,-71.787,4.319,117.994,71.916,3.082,288
216,126,0,1,0,4,6,30510,-71.844,5.690,125.544,72.069,3.063,288
216,126,0,1,0,4,7,30509,-71.826,5.254,139.645,72.018,3.069,288
216,126,0,1,0,4,8,31042,-71.379,6.433,152.953,71.669,3.052,320
216,126,0,1,0,4,9,31047,-71.366,6.122,160.432,71.629,3.056,320
216,126,0,1,0,4,10,31037,-71.368,6.157,171.747,71.633,3.056,320
216,126,0,1,0,4,11,31041,-71.402,6.981,195.730,71.743,3.044,320
216,126,0,1,0,4,12,31033,-71.391,6.716,195.934,71.706,3.048,320
216,126,0,1,0,4,13,31436,-71.797,4.562,215.526,71.942,3.078,352
216,126,0,1,0,4,14,31439,-71.852,5.873,240.944,72.091,3.060,352
216,126,0,1,0,4,15,31450,-71.828,5.308,246.104,72.024,3.068,352
216,126,0,1,0,6,0,36361,-115.609,7.873,32.514,115.877,3.074,416
216,126,0,1,0,6,1,36371,-115.667,8.598,33.791,115.986,3.067,416
216,126,0,1,0,6,2,36366,-115.485,6.309,56.248,115.657,3.087,416
216,126,0,1,0,6,3,36996,-116.266,9.881,71.409,116.685,3.057,468
216,126,0,1,0,6,4,36990,-115.937,5.754,75.811,116.080,3.092,468
216,126,0,1,0,6,5,36999,-116.208,9.148,91.176,116.568,3.063,468
216,126,0,1,0,6,6,36992,-116.355,10.991,131.312,116.873,3.047,468
216,126,0,1,0,6,7,36994,-116.186,8.870,139.382,116.524,3.065,468
216,126,0,1,0,6,8,37500,-115.801,10.282,139.832,116.257,3.053,520
216,126,0,1,0,6,9,36989,-116.300,10.306,140.460,116.756,3.053,468
216,126,0,1,0,6,10,37503,-115.450,5.869,140.892,115.599,3.091,520
216,126,0,1,0,6,11,37502,-115.733,9.430,170.168,116.117,3.060,520
216,126,0,1,0,6,12,37506,-115.589,7.619,190.007,115.840,3.076,520
216,126,0,1,0,6,13,37887,-115.974,6.217,210.069,116.141,3.088,572
216,126,0,1,0,6,14,37499,-115.552,7.150,210.254,115.773,3.080,520
216,126,0,1,0,6,15,37885,-116.125,8.110,222.816,116.408,3.072,572
216,126,0,1,0,8,0,39703,-172.918,15.012,-281.233,173.568,3.055,234
216,126,0,1,0,8,1,40109,-172.412,14.924,-280.408,173.057,3.055,312
216,126,0,1,0,8,2,40108,-170.380,14.543,-277.078,171.000,3.056,311
216,126,0,1,0,8,3,40112,-171.966,10.469,-258.018,172.284,3.081,312
216,126,0,1,0,8,4,41155,-172.059,11.400,-103.355,172.436,3.075,468
216,126,0,1,0,8,5,41150,-171.830,9.112,-80.820,172.071,3.089,468
216,126,0,1,0,8,6,41152,-172.213,12.933,-80.279,172.698,3.067,468
216,126,0,1,0,8,7,41146,-170.344,12.707,-79.403,170.817,3.067,467
216,126,0,1,0,8,8,41787,-172.803,13.858,-25.241,173.358,3.062,546
216,126,0,1,0,8,9,41783,-170.866,14.071,-25.016,171.444,3.059,545
216,126,0,1,0,8,10,41786,-172.406,9.891,-2.572,172.689,3.084,546
216,126,0,1,0,8,11,42349,-170.389,15.010,52.156,171.049,3.054,623
216,126,0,1,0,8,12,42352,-172.388,14.684,52.754,173.012,3.057,624
216,126,0,1,0,8,13,42354,-171.800,8.803,54.206,172.025,3.090,624
216,126,0,1,0,8,14,43328,-170.383,14.720,154.696,171.018,3.055,779
216,126,0,1,0,8,15,43339,-171.875,9.562,191.700,172.141,3.086,780
217,127,0,0,1,2,0,23654,-31.906,1.409,93.286,31.937,3.097,144
217,127,0,0,1,2,1,22763,-34.258,1.224,95.692,34.280,3.106,129
217,127,0,0,1,2,2,22816,-34.361,1.517,100.382,34.394,3.097,129
217,127,0,0,1,2,3,23647,-31.978,0.127,110.904,31.978,3.138,144
217,127,0,0,1,2,4,22789,-33.923,0.267,117.523,33.925,3.134,129
217,127,0,0,1,2,5,23659,-31.899,1.526,140.005,31.936,3.094,144
217,127,0,0,1,2,6,24283,-31.483,0.111,143.042,31.483,3.138,160
217,127,0,0,1,2,7,23697,-33.863,1.595,148.498,33.901,3.095,145
217,127,0,0,1,2,8,23699,-33.384,0.224,152.073,33.385,3.135,145
217,127,0,0,1,2,9,24310,-31.454,0.628,175.981,31.460,3.122,160
217,127,0,0,1,2,10,24281,-31.449,0.710,181.031,31.457,3.119,160
217,127,0,0,1,2,11,23717,-33.528,0.637,187.452,33.534,3.123,145
217,127,0,0,1,2,12,23703,-33.586,0.802,193.390,33.595,3.118,145
217,127,0,0,1,2,13,24726,-31.942,0.757,221.869,31.951,3.118,176
217,127,0,0,1,2,14,24335,-34.083,0.722,238.016,34.090,3.120,161
217,127,0,0,1,2,15,24725,-31.907,1.393,272.505,31.937,3.098,176
217,127,0,0,1,4,0,28702,-71.632,0.624,-26.712,71.635,3.133,224
217,127,0,0,1,4,1,29743,-71.225,2.743,-0.578,71.278,3.103,256
217,127,0,0,1,4,2,28714,-71.718,2.692,-0.547,71.769,3.104,224
217,127,0,0,1,4,3,29762,-71.252,3.399,14.486,71.334,3.094,256
217,127,0,0,1,4,4,29753,-71.200,2.134,35.830,71.231,3.112,256
217,127,0,0,1,4,5,29767,-71.246,3.255,61.958,71.321,3.096,256
217,127,0,0,1,4,6,30501,-71.746,3.360,74.071,71.825,3.095,288
217,127,0,0,1,4,7,31040,-71.150,0.945,143.175,71.156,3.128,320
217,127,0,0,1,4,8,30538,-73.321,0.862,147.682,73.326,3.130,289
217,127,0,0,1,4,9,31032,-71.229,2.843,177.180,71.286,3.102,320
217,127,0,0,1,4,10,31034,-71.227,2.785,206.810,71.281,3.103,320
217,127,0,0,1,4,11,31442,-71.716,2.643,262.394,71.765,3.105,352
217,127,0,0,1,4,12,31787,-71.211,2.402,293.974,71.251,3.108,384
217,127,0,0,1,4,13,31785,-71.204,2.248,309.925,71.240,3.110,384
217,127,0,0,1,4,14,31790,-71.219,2.612,312.913,71.267,3.105,384
217,127,0,0,1,4,15,32059,-71.682,1.818,370.970,71.705,3.116,416
217,127,0,0,1,6,0,36362,-115.301,4.004,19.399,115.370,3.107,416
217,127,0,0,1,6,1,36365,-115.027,0.566,39.884,115.028,3.137,416
217,127,0,0,1,6,2,35654,-117.021,0.310,40.478,117.021,3.139,365
217,127,0,0,1,6,3,36368,-115.177,2.457,58.260,115.203,3.120,416
217,127,0,0,1,6,4,36369,-115.070,1.114,59.990,115.075,3.132,416
217,127,0,0,1,6,5,35657,-117.138,0.885,61.058,117.141,3.134,365
217,127,0,0,1,6,6,36997,-115.787,3.869,100.813,115.852,3.108,468
217,127,0,0,1,6,7,36987,-115.873,4.957,125.294,115.979,3.099,468
217,127,0,0,1,6,8,36998,-115.879,5.021,128.793,115.988,3.098,468
217,127,0,0,1,6,9,37504,-115.189,2.605,168.751,115.218,3.119,520
217,127,0,0,1,6,10,37501,-115.114,1.663,201.157,115.126,3.127,520
217,127,0,0,1,6,11,38217,-115.177,2.449,289.166,115.203,3.120,624
217,127,0,0,1,6,12,38222,-115.283,3.776,333.997,115.345,3.109,624
217,127,0,0,1,6,13,38221,-115.149,2.101,348.452,115.168,3.123,624
217,127,0,0,1,6,14,38521,-115.654,2.206,350.050,115.675,3.123,676
217,127,0,0,1,6,15,38519,-115.813,4.201,409.271,115.889,3.105,676
217,127,0,0,1,8,0,43338,-171.646,7.271,139.325,171.800,3.099,780
217,127,0,0,1,8,1,42880,-172.135,7.181,139.725,172.285,3.100,702
217,127,0,0,1,8,2,43335,-171.244,3.254,149.168,171.275,3.123,780
217,127,0,0,1,8,3,43337,-171.586,6.669,160.528,171.716,3.103,780
217,127,0,0,1,8,4,43336,-171.488,5.687,185.939,171.582,3.108,780
217,127,0,0,1,8,5,43340,-170.995,0.759,191.406,170.997,3.137,780
217,127,0,0,1,8,6,42886,-173.045,0.953,193.702,173.048,3.136,703
217,127,0,0,1,8,7,43735,-171.760,3.437,216.423,171.794,3.122,858
217,127,0,0,1,8,8,43737,-171.860,4.429,258.974,171.917,3.116,858
217,127,0,0,1,8,9,44040,-171.256,3.368,326.317,171.289,3.122,936
217,127,0,0,1,8,10,44397,-171.730,3.130,357.672,171.759,3.123,1014
217,127,0,0,1,8,11,44393,-171.480,0.637,390.132,171.481,3.138,1014
217,127,0,0,1,8,12,44396,-172.263,8.461,414.428,172.471,3.093,1014
217,127,0,0,1,8,13,44398,-172.884,0.073,420.838,172.884,3.141,1015
217,127,0,0,1,8,14,44674,-171.228,3.088,445.528,171.256,3.124,1092
217,127,0,0,1,8,15,44675,-171.545,6.264,463.219,171.659,3.105,1092
218,127,0,1,1,2,0,23654,-31.906,1.409,93.286,31.937,3.097,144
218,127,0,1,1,2,1,22763,-34.258,1.224,95.692,34.280,3.106,129
218,127,0,1,1,2,2,22816,-34.361,1.517,100.382,34.394,3.097,129
218,127,0,1,1,2,3,23647,-31.978,0.127,110.904,31.978,3.138,144
218,127,0,1,1,2,4,22789,-33.923,0.267,117.523,33.925,3.134,129
218,127,0,1,1,2,5,23659,-31.899,1.526,140.005,31.936,3.094,144
218,127,0,1,1,2,6,24283,-31.483,0.111,143.042,31.483,3.138,160
218,127,0,1,1,2,7,23697,-33.863,1.595,148.498,33.901,3.095,145
218,127,0,1,1,2,8,23699,-33.384,0.224,152.073,33.385,3.135,145
218,127,0,1,1,2,9,24310,-31.454,0.628,175.981,31.460,3.122,160
218,127,0,1,1,2,10,24281,-31.449,0.710,181.031,31.457,3.119,160
218,127,0,1,1,2,11,23717,-33.528,0.637,187.452,33.534,3.123,145
218,127,0,1,1,2,12,23703,-33.586,0.802,193.390,33.595,3.118,145
218,127,0,1,1,2,13,24726,-31.942,0.757,221.869,31.951,3.118,176
218,127,0,1,1,2,14,24335,-34.083,0.722,238.016,34.090,3.120,161
218,127,0,1,1,2,15,24725,-31.907,1.393,272.505,31.937,3.098,176
218,127,0,1,1,4,0,27552,-71.213,2.467,-77.722,71.256,3.107,192
218,127,0,1,1,4,1,28724,-71.703,2.328,-64.488,71.741,3.109,224
218,127,0,1,1,4,2,28716,-71.748,3.407,-32.833,71.829,3.094,224
218,127,0,1,1,4,3,27571,-73.738,0.481,-27.544,73.740,3.135,193
218,127,0,1,1,4,4,28702,-71.632,0.624,-26.712,71.635,3.133,224
218,127,0,1,1,4,5,29743,-71.225,2.743,-0.578,71.278,3.103,256
218,127,0,1,1,4,6,28714,-71.718,2.692,-0.547,71.769,3.104,224
218,127,0,1,1,4,7,29762,-71.252,3.399,14.486,71.334,3.094,256
218,127,0,1,1,4,8,29753,-71.200,2.134,35.830,71.231,3.112,256
218,127,0,1,1,4,9,29767,-71.246,3.255,61.958,71.321,3.096,256
218,127,0,1,1,4,10,30501,-71.746,3.360,74.071,71.825,3.095,288
218,127,0,1,1,4,11,31040,-71.150,0.945,143.175,71.156,3.128,320
218,127,0,1,1,4,12,30538,-73.321,0.862,147.682,73.326,3.130,289
218,127,0,1,1,4,13,31032,-71.229,2.843,177.180,71.286,3.102,320
218,127,0,1,1,4,14,31034,-71.227,2.785,206.810,71.281,3.103,320
218,127,0,1,1,4,15,31442,-71.716,2.643,262.394,71.765,3.105,352
218,127,0,1,1,6,0,34827,-115.196,2.690,-103.482,115.227,3.118,312
218,127,0,1,1,6,1,34829,-115.219,2.980,-70.994,115.258,3.116,312
218,127,0,1,1,6,2,35639,-115.924,5.591,-63.851,116.059,3.093,364
218,127,0,1,1,6,3,35645,-115.901,5.302,-51.835,116.022,3.096,364
218,127,0,1,1,6,4,35641,-115.574,1.201,-25.579,115.580,3.131,364
218,127,0,1,1,6,5,36362,-115.301,4.004,19.399,115.370,3.107,416
218,127,0,1,1,6,6,36365,-115.027,0.566,39.884,115.028,3.137,416
218,127,0,1,1,6,7,35654,-117.021,0.310,40.478,117.021,3.139,365
218,127,0,1,1,6,8,36368,-115.177,2.457,58.260,115.203,3.120,416
218,127,0,1,1,6,9,36369,-115.070,1.114,59.990,115.075,3.132,416
218,127,0,1,1,6,10,35657,-117.138,0.885,61.058,117.141,3.134,365
218,127,0,1,1,6,11,36997,-115.787,3.869,100.813,115.852,3.108,468
218,127,0,1,1,6,12,36987,-115.873,4.957,125.294,115.979,3.099,468
218,127,0,1,1,6,13,36998,-115.879,5.021,128.793,115.988,3.098,468
218,127,0,1,1,6,14,37504,-115.189,2.605,168.751,115.218,3.119,520
218,127,0,1,1,6,15,37501,-115.114,1.663,201.157,115.126,3.127,520
218,127,0,1,1,8,0,40596,-172.156,7.391,-175.257,172.315,3.099,390
218,127,0,1,1,8,1,40599,-172.093,6.767,-162.863,172.226,3.102,390
218,127,0,1,1,8,2,40121,-173.440,0.360,-154.715,173.440,3.140,313
218,127,0,1,1,8,3,40597,-171.428,0.118,-153.034,171.428,3.141,390
218,127,0,1,1,8,4,41151,-171.093,1.737,-126.300,171.102,3.131,468
218,127,0,1,1,8,5,41154,-171.495,5.756,-94.339,171.592,3.108,468
218,127,0,1,1,8,6,41156,-171.341,4.216,-76.351,171.393,3.117,468
218,127,0,1,1,8,7,41788,-171.984,5.670,-37.624,172.077,3.109,546
218,127,0,1,1,8,8,42353,-171.353,4.337,25.799,171.408,3.116,624
218,127,0,1,1,8,9,42355,-171.191,2.720,30.392,171.213,3.126,624
218,127,0,1,1,8,10,42356,-171.553,6.339,37.799,171.670,3.105,624
218,127,0,1,1,8,11,42882,-172.261,8.444,107.273,172.468,3.093,702
218,127,0,1,1,8,12,42883,-172.000,5.828,114.865,172.099,3.108,702
218,127,0,1,1,8,13,42884,-171.720,3.039,128.137,171.747,3.124,702
218,127,0,1,1,8,14,42881,-171.683,2.664,135.859,171.704,3.126,702
218,127,0,1,1,8,15,43338,-171.646,7.271,139.325,171.800,3.099,780
219,127,1,0,1,2,0,18572,-34.383,1.581,-12.096,34.419,3.096,97
219,127,1,0,1,2,1,20659,-31.900,1.503,-7.642,31.936,3.095,112
219,127,1,0,1,2,2,20668,-31.953,0.570,-4.709,31.958,3.124,112
219,127,1,0,1,2,3,18616,-34.026,0.561,-4.653,34.031,3.125,97
219,127,1,0,1,2,4,18636,-33.852,0.064,0.298,33.852,3.140,97
219,127,1,0,1,2,5,20848,-33.317,0.034,0.481,33.317,3.141,113
219,127,1,0,1,2,6,22669,-31.441,0.860,17.991,31.453,3.114,128
219,127,1,0,1,2,7,22645,-31.440,0.876,18.729,31.452,3.114,128
219,127,1,0,1,2,8,20762,-33.649,0.981,19.117,33.663,3.112,113
219,127,1,0,1,2,9,20770,-33.655,1.000,19.406,33.670,3.112,113
219,127,1,0,1,2,10,22667,-31.418,1.264,60.831,31.443,3.101,128
219,127,1,0,1,2,11,20792,-33.766,1.317,65.736,33.792,3.103,113
219,127,1,0,1,2,12,23626,-31.942,0.757,84.142,31.951,3.118,144
219,127,1,0,1,2,13,23657,-31.924,1.083,88.207,31.942,3.108,144
219,127,1,0,1,2,14,22794,-34.073,0.694,90.209,34.080,3.121,129
219,127,1,0,1,2,15,23654,-31.906,1.409,93.286,31.937,3.097,144
219,127,1,0,1,4,0,27546,-71.236,2.993,-84.487,71.298,3.100,192
219,127,1,0,1,4,1,27552,-71.213,2.467,-77.722,71.256,3.107,192
219,127,1,0,1,4,2,28724,-71.703,2.328,-64.488,71.741,3.109,224
219,127,1,0,1,4,3,28716,-71.748,3.407,-32.833,71.829,3.094,224
219,127,1,0,1,4,4,27571,-73.738,0.481,-27.544,73.740,3.135,193
219,127,1,0,1,4,5,28702,-71.632,0.624,-26.712,71.635,3.133,224
219,127,1,0,1,4,6,29743,-71.225,2.743,-0.578,71.278,3.103,256
219,127,1,0,1,4,7,28714,-71.718,2.692,-0.547,71.769,3.104,224
219,127,1,0,1,4,8,29762,-71.252,3.399,14.486,71.334,3.094,256
219,127,1,0,1,4,9,29753,-71.200,2.134,35.830,71.231,3.112,256
219,127,1,0,1,4,10,29767,-71.246,3.255,61.958,71.321,3.096,256
219,127,1,0,1,4,11,30501,-71.746,3.360,74.071,71.825,3.095,288
219,127,1,0,1,4,12,31040,-71.150,0.945,143.175,71.156,3.128,320
219,127,1,0,1,4,13,30538,-73.321,0.862,147.682,73.326,3.130,289
219,127,1,0,1,4,14,31032,-71.229,2.843,177.180,71.286,3.102,320
219,127,1,0,1,4,15,31034,-71.227,2.785,206.810,71.281,3.103,320
219,127,1,0,1,6,0,35639,-115.924,5.591,-63.851,116.059,3.093,364
219,127,1,0,1,6,1,35645,-115.901,5.302,-51.835,116.022,3.096,364
219,127,1,0,1,6,2,35641,-115.574,1.201,-25.579,115.580,3.131,364
219,127,1,0,1,6,3,36362,-115.301,4.004,19.399,115.370,3.107,416
219,127,1,0,1,6,4,36365,-115.027,0.566,39.884,115.028,3.137,416
219,127,1,0,1,6,5,35654,-117.021,0.310,40.478,117.021,3.139,365
219,127,1,0,1,6,6,36368,-115.177,2.457,58.260,115.203,3.120,416
219,127,1,0,1,6,7,36369,-115.070,1.114,59.990,115.075,3.132,416
219,127,1,0,1,6,8,35657,-117.138,0.885,61.058,117.141,3.134,365
219,127,1,0,1,6,9,36997,-115.787,3.869,100.813,115.852,3.108,468
219,127,1,0,1,6,10,36987,-115.873,4.957,125.294,115.979,3.099,468
219,127,1,0,1,6,11,36998,-115.879,5.021,128.793,115.988,3.098,468
219,127,1,0,1,6,12,37504,-115.189,2.605,168.751,115.218,3.119,520
219,127,1,0,1,6,13,37501,-115.114,1.663,201.157,115.126,3.127,520
219,127,1,0,1,6,14,38217,-115.177,2.449,289.166,115.203,3.120,624
219,127,1,0,1,6,15,38222,-115.283,3.776,333.997,115.345,3.109,624
219,127,1,0,1,8,0,43338,-171.646,7.271,139.325,171.800,3.099,780
219,127,1,0,1,8,1,42880,-172.135,7.181,139.725,172.285,3.100,702
219,127,1,0,1,8,2,43335,-171.244,3.254,149.168,171.275,3.123,780
219,127,1,0,1,8,3,43337,-171.586,6.669,160.528,171.716,3.103,780
219,127,1,0,1,8,4,43336,-171.488,5.687,185.939,171.582,3.108,780
219,127,1,0,1,8,5,43340,-170.995,0.759,191.406,170.997,3.137,780
219,127,1,0,1,8,6,42886,-173.045,0.953,193.702,173.048,3.136,703
219,127,1,0,1,8,7,43735,-171.760,3.437,216.423,171.794,3.122,858
219,127,1,0,1,8,8,43737,-171.860,4.429,258.974,171.917,3.116,858
219,127,1,0,1,8,9,44040,-171.256,3.368,326.317,171.289,3.122,936
219,127,1,0,1,8,10,44397,-171.730,3.130,357.672,171.759,3.123,1014
219,127,1,0,1,8,11,44393,-171.480,0.637,390.132,171.481,3.138,1014
219,127,1,0,1,8,12,44396,-172.263,8.461,414.428,172.471,3.093,1014
219,127,1,0,1,8,13,44398,-172.884,0.073,420.838,172.884,3.141,1015
219,127,1,0,1,8,14,44674,-171.228,3.088,445.528,171.256,3.124,1092
219,127,1,0,1,8,15,44675,-171.545,6.264,463.219,171.659,3.105,1092
220,127,1,1,1,2,0,18572,-34.383,1.581,-12.096,34.419,3.096,97
220,127,1,1,1,2,1,20659,-31.900,1.503,-7.642,31.936,3.095,112
220,127,1,1,1,2,2,20668,-31.953,0.570,-4.709,31.958,3.124,112
220,127,1,1,1,2,3,18616,-34.026,0.561,-4.653,34.031,3.125,97
220,127,1,1,1,2,4,18636,-33.852,0.064,0.298,33.852,3.140,97
220,127,1,1,1,2,5,20848,-33.317,0.034,0.481,33.317,3.141,113
220,127,1,1,1,2,6,22669,-31.441,0.860,17.991,31.453,3.114,128
220,127,1,1,1,2,7,22645,-31.440,0.876,18.729,31.452,3.114,128
220,127,1,1,1,2,8,20762,-33.649,0.981,19.117,33.663,3.112,113
220,127,1,1,1,2,9,20770,-33.655,1.000,19.406,33.670,3.112,113
220,127,1,1,1,2,10,22667,-31.418,1.264,60.831,31.443,3.101,128
220,127,1,1,1,2,11,20792,-33.766,1.317,65.736,33.792,3.103,113
220,127,1,1,1,2,12,23626,-31.942,0.757,84.142,31.951,3.118,144
220,127,1,1,1,2,13,23657,-31.924,1.083,88.207,31.942,3.108,144
220,127,1,1,1,2,14,22794,-34.073,0.694,90.209,34.080,3.121,129
220,127,1,1,1,2,15,23654,-31.906,1.409,93.286,31.937,3.097,144
220,127,1,1,1,4,0,27556,-71.197,2.074,-116.172,71.227,3.112,192
220,127,1,1,1,4,1,27541,-71.137,0.631,-113.976,71.139,3.133,192
220,127,1,1,1,4,2,27549,-71.169,1.411,-106.745,71.183,3.122,192
220,127,1,1,1,4,3,27546,-71.236,2.993,-84.487,71.298,3.100,192
220,127,1,1,1,4,4,27552,-71.213,2.467,-77.722,71.256,3.107,192
220,127,1,1,1,4,5,28724,-71.703,2.328,-64.488,71.741,3.109,224
220,127,1,1,1,4,6,28716,-71.748,3.407,-32.833,71.829,3.094,224
220,127,1,1,1,4,7,27571,-73.738,0.481,-27.544,73.740,3.135,193
220,127,1,1,1,4,8,28702,-71.632,0.624,-26.712,71.635,3.133,224
220,127,1,1,1,4,9,29743,-71.225,2.743,-0.578,71.278,3.103,256
220,127,1,1,1,4,10,28714,-71.718,2.692,-0.547,71.769,3.104,224
220,127,1,1,1,4,11,29762,-71.252,3.399,14.486,71.334,3.094,256
220,127,1,1,1,4,12,29753,-71.200,2.134,35.830,71.231,3.112,256
220,127,1,1,1,4,13,29767,-71.246,3.255,61.958,71.321,3.096,256
220,127,1,1,1,4,14,30501,-71.746,3.360,74.071,71.825,3.095,288
220,127,1,1,1,4,15,31040,-71.150,0.945,143.175,71.156,3.128,320
220,127,1,1,1,6,0,34166,-115.541,0.791,-156.258,115.544,3.135,260
220,127,1,1,1,6,1,34825,-115.183,2.532,-111.315,115.211,3.120,312
220,127,1,1,1,6,2,34823,-115.183,2.533,-111.311,115.211,3.120,312
220,127,1,1,1,6,3,34827,-115.196,2.690,-103.482,115.227,3.118,312
220,127,1,1,1,6,4,34829,-115.219,2.980,-70.994,115.258,3.116,312
220,127,1,1,1,6,5,35639,-115.924,5.591,-63.851,116.059,3.093,364
220,127,1,1,1,6,6,35645,-115.901,5.302,-51.835,116.022,3.096,364
220,127,1,1,1,6,7,35641,-115.574,1.201,-25.579,115.580,3.131,364
220,127,1,1,1,6,8,36362,-115.301,4.004,19.399,115.370,3.107,416
220,127,1,1,1,6,9,36365,-115.027,0.566,39.884,115.028,3.137,416
220,127,1,1,1,6,10,35654,-117.021,0.310,40.478,117.021,3.139,365
220,127,1,1,1,6,11,36368,-115.177,2.457,58.260,115.203,3.120,416
220,127,1,1,1,6,12,36369,-115.070,1.114,59.990,115.075,3.132,416
220,127,1,1,1,6,13,35657,-117.138,0.885,61.058,117.141,3.134,365
220,127,1,1,1,6,14,36997,-115.787,3.869,100.813,115.852,3.108,468
220,127,1,1,1,6,15,36987,-115.873,4.957,125.294,115.979,3.099,468
220,127,1,1,1,8,0,40596,-172.156,7.391,-175.257,172.315,3.099,390
220,127,1,1,1,8,1,40599,-172.093,6.767,-162.863,172.226,3.102,390
220,127,1,1,1,8,2,40121,-173.440,0.360,-154.715,173.440,3.140,313
220,127,1,1,1,8,3,40597,-171.428,0.118,-153.034,171.428,3.141,390
220,127,1,1,1,8,4,41151,-171.093,1.737,-126.300,171.102,3.131,468
220,127,1,1,1,8,5,41154,-171.495,5.756,-94.339,171.592,3.108,468
220,127,1,1,1,8,6,41156,-171.341,4.216,-76.351,171.393,3.117,468
220,127,1,1,1,8,7,41788,-171.984,5.670,-37.624,172.077,3.109,546
220,127,1,1,1,8,8,42353,-171.353,4.337,25.799,171.408,3.116,624
220,127,1,1,1,8,9,42355,-171.191,2.720,30.392,171.213,3.126,624
220,127,1,1,1,8,10,42356,-171.553,6.339,37.799,171.670,3.105,624
220,127,1,1,1,8,11,42882,-172.261,8.444,107.273,172.468,3.093,702
220,127,1,1,1,8,12,42883,-172.000,5.828,114.865,172.099,3.108,702
220,127,1,1,1,8,13,42884,-171.720,3.039,128.137,171.747,3.124,702
220,127,1,1,1,8,14,42881,-171.683,2.664,135.859,171.704,3.126,702
220,127,1,1,1,8,15,43338,-171.646,7.271,139.325,171.800,3.099,780
221,127,2,0,1,2,0,18564,-33.893,0.179,-50.999,33.893,3.136,97
221,127,2,0,1,2,1,20675,-31.977,0.154,-48.124,31.977,3.137,112
221,127,2,0,1,2,2,18648,-34.099,0.769,-41.205,34.108,3.119,97
221,127,2,0,1,2,3,20738,-31.948,0.658,-38.835,31.955,3.121,112
221,127,2,0,1,2,4,18585,-34.335,1.444,-30.980,34.365,3.100,97
221,127,2,0,1,2,5,18577,-33.880,0.141,-29.768,33.880,3.137,97
221,127,2,0,1,2,6,20610,-31.974,0.208,-27.834,31.974,3.135,112
221,127,2,0,1,2,7,18638,-34.197,1.051,-25.689,34.214,3.111,97
221,127,2,0,1,2,8,20704,-31.934,0.908,-23.826,31.947,3.113,112
221,127,2,0,1,2,9,18630,-34.194,1.041,-17.028,34.210,3.111,97
221,127,2,0,1,2,10,20694,-31.972,0.240,-16.803,31.973,3.134,112
221,127,2,0,1,2,11,18582,-34.053,0.637,-15.944,34.059,3.123,97
221,127,2,0,1,2,12,18539,-34.280,1.286,-15.089,34.304,3.104,97
221,127,2,0,1,2,13,20641,-31.948,0.658,-14.895,31.955,3.121,112
221,127,2,0,1,2,14,20681,-31.919,1.171,-13.972,31.941,3.105,112
221,127,2,0,1,2,15,18572,-34.383,1.581,-12.096,34.419,3.096,97
221,127,2,0,1,4,0,27556,-71.197,2.074,-116.172,71.227,3.112,192
221,127,2,0,1,4,1,27541,-71.137,0.631,-113.976,71.139,3.133,192
221,127,2,0,1,4,2,27549,-71.169,1.411,-106.745,71.183,3.122,192
221,127,2,0,1,4,3,27546,-71.236,2.993,-84.487,71.298,3.100,192
221,127,2,0,1,4,4,27552,-71.213,2.467,-77.722,71.256,3.107,192
221,127,2,0,1,4,5,28724,-71.703,2.328,-64.488,71.741,3.109,224
221,127,2,0,1,4,6,28716,-71.748,3.407,-32.833,71.829,3.094,224
221,127,2,0,1,4,7,27571,-73.738,0.481,-27.544,73.740,3.135,193
221,127,2,0,1,4,8,28702,-71.632,0.624,-26.712,71.635,3.133,224
221,127,2,0,1,4,9,29743,-71.225,2.743,-0.578,71.278,3.103,256
221,127,2,0,1,4,10,28714,-71.718,2.692,-0.547,71.769,3.104,224
221,127,2,0,1,4,11,29762,-71.252,3.399,14.486,71.334,3.094,256
221,127,2,0,1,4,12,29753,-71.200,2.134,35.830,71.231,3.112,256
221,127,2,0,1,4,13,29767,-71.246,3.255,61.958,71.321,3.096,256
221,127,2,0,1,4,14,30501,-71.746,3.360,74.071,71.825,3.095,288
221,127,2,0,1,4,15,31040,-71.150,0.945,143.175,71.156,3.128,320
221,127,2,0,1,6,0,34829,-115.219,2.980,-70.994,115.258,3.116,312
221,127,2,0,1,6,1,35639,-115.924,5.591,-63.851,116.059,3.093,364
221,127,2,0,1,6,2,35645,-115.901,5.302,-51.835,116.022,3.096,364
221,127,2,0,1,6,3,35641,-115.574,1.201,-25.579,115.580,3.131,364
221,127,2,0,1,6,4,36362,-115.301,4.004,19.399,115.370,3.107,416
221,127,2,0,1,6,5,36365,-115.027,0.566,39.884,115.028,3.137,416
221,127,2,0,1,6,6,35654,-117.021,0.310,40.478,117.021,3.139,365
221,127,2,0,1,6,7,36368,-115.177,2.457,58.260,115.203,3.120,416
221,127,2,0,1,6,8,36369,-115.070,1.114,59.990,115.075,3.132,416
221,127,2,0,1,6,9,35657,-117.138,0.885,61.058,117.141,3.134,365
221,127,2,0,1,6,10,36997,-115.787,3.869,100.813,115.852,3.108,468
221,127,2,0,1,6,11,36987,-115.873,4.957,125.294,115.979,3.099,468
221,127,2,0,1,6,12,36998,-115.879,5.021,128.793,115.988,3.098,468
221,127,2,0,1,6,13,37504,-115.189,2.605,168.751,115.218,3.119,520
221,127,2,0,1,6,14,37501,-115.114,1.663,201.157,115.126,3.127,520
221,127,2,0,1,6,15,38217,-115.177,2.449,289.166,115.203,3.120,624
221,127,2,0,1,8,0,43338,-171.646,7.271,139.325,171.800,3.099,780
221,127,2,0,1,8,1,42880,-172.135,7.181,139.725,172.285,3.100,702
221,127,2,0,1,8,2,43335,-171.244,3.254,149.168,171.275,3.123,780
221,127,2,0,1,8,3,43337,-171.586,6.669,160.528,171.716,3.103,780
221,127,2,0,1,8,4,43336,-171.488,5.687,185.939,171.582,3.108,780
221,127,2,0,1,8,5,43340,-170.995,0.759,191.406,170.997,3.137,780
221,127,2,0,1,8,6,42886,-173.045,0.953,193.702,173.048,3.136,703
221,127,2,0,1,8,7,43735,-171.760,3.437,216.423,171.794,3.122,858
221,127,2,0,1,8,8,43737,-171.860,4.429,258.974,171.917,3.116,858
221,127,2,0,1,8,9,44040,-171.256,3.368,326.317,171.289,3.122,936
221,127,2,0,1,8,10,44397,-171.730,3.130,357.672,171.759,3.123,1014
221,127,2,0,1,8,11,44393,-171.480,0.637,390.132,171.481,3.138,1014
221,127,2,0,1,8,12,44396,-172.263,8.461,414.428,172.471,3.093,1014
221,127,2,0,1,8,13,44398,-172.884,0.073,420.838,172.884,3.141,1015
221,127,2,0,1,8,14,44674,-171.228,3.088,445.528,171.256,3.124,1092
221,127,2,0,1,8,15,44675,-171.545,6.264,463.219,171.659,3.105,1092
222,127,2,1,1,2,0,18564,-33.893,0.179,-50.999,33.893,3.136,97
222,127,2,1,1,2,1,20675,-31.977,0.154,-48.124,31.977,3.137,112
222,127,2,1,1,2,2,18648,-34.099,0.769,-41.205,34.108,3.119,97
222,127,2,1,1,2,3,20738,-31.948,0.658,-38.835,31.955,3.121,112
222,127,2,1,1,2,4,18585,-34.335,1.444,-30.980,34.365,3.100,97
222,127,2,1,1,2,5,18577,-33.880,0.141,-29.768,33.880,3.137,97
222,127,2,1,1,2,6,20610,-31.974,0.208,-27.834,31.974,3.135,112
222,127,2,1,1,2,7,18638,-34.197,1.051,-25.689,34.214,3.111,97
222,127,2,1,1,2,8,20704,-31.934,0.908,-23.826,31.947,3.113,112
222,127,2,1,1,2,9,18630,-34.194,1.041,-17.028,34.210,3.111,97
222,127,2,1,1,2,10,20694,-31.972,0.240,-16.803,31.973,3.134,112
222,127,2,1,1,2,11,18582,-34.053,0.637,-15.944,34.059,3.123,97
222,127,2,1,1,2,12,18539,-34.280,1.286,-15.089,34.304,3.104,97
222,127,2,1,1,2,13,20641,-31.948,0.658,-14.895,31.955,3.121,112
222,127,2,1,1,2,14,20681,-31.919,1.171,-13.972,31.941,3.105,112
222,127,2,1,1,2,15,18572,-34.383,1.581,-12.096,34.419,3.096,97
222,127,2,1,1,4,0,26768,-73.199,0.359,-129.056,73.200,3.137,161
222,127,2,1,1,4,1,27542,-71.196,2.044,-119.427,71.225,3.113,192
222,127,2,1,1,4,2,26752,-73.256,0.595,-117.343,73.259,3.133,161
222,127,2,1,1,4,3,27556,-71.197,2.074,-116.172,71.227,3.112,192
222,127,2,1,1,4,4,27541,-71.137,0.631,-113.976,71.139,3.133,192
222,127,2,1,1,4,5,27549,-71.169,1.411,-106.745,71.183,3.122,192
222,127,2,1,1,4,6,27546,-71.236,2.993,-84.487,71.298,3.100,192
222,127,2,1,1,4,7,27552,-71.213,2.467,-77.722,71.256,3.107,192
222,127,2,1,1,4,8,28724,-71.703,2.328,-64.488,71.741,3.109,224
222,127,2,1,1,4,9,28716,-71.748,3.407,-32.833,71.829,3.094,224
222,127,2,1,1,4,10,27571,-73.738,0.481,-27.544,73.740,3.135,193
222,127,2,1,1,4,11,28702,-71.632,0.624,-26.712,71.635,3.133,224
222,127,2,1,1,4,12,29743,-71.225,2.743,-0.578,71.278,3.103,256
222,127,2,1,1,4,13,28714,-71.718,2.692,-0.547,71.769,3.104,224
222,127,2,1,1,4,14,29762,-71.252,3.399,14.486,71.334,3.094,256
222,127,2,1,1,4,15,29753,-71.200,2.134,35.830,71.231,3.112,256
222,127,2,1,1,6,0,34175,-115.621,1.793,-157.383,115.635,3.126,260
222,127,2,1,1,6,1,34166,-115.541,0.791,-156.258,115.544,3.135,260
222,127,2,1,1,6,2,34825,-115.183,2.532,-111.315,115.211,3.120,312
222,127,2,1,1,6,3,34823,-115.183,2.533,-111.311,115.211,3.120,312
222,127,2,1,1,6,4,34827,-115.196,2.690,-103.482,115.227,3.118,312
222,127,2,1,1,6,5,34829,-115.219,2.980,-70.994,115.258,3.116,312
222,127,2,1,1,6,6,35639,-115.924,5.591,-63.851,116.059,3.093,364
222,127,2,1,1,6,7,35645,-115.901,5.302,-51.835,116.022,3.096,364
222,127,2,1,1,6,8,35641,-115.574,1.201,-25.579,115.580,3.131,364
222,127,2,1,1,6,9,36362,-115.301,4.004,19.399,115.370,3.107,416
222,127,2,1,1,6,10,36365,-115.027,0.566,39.884,115.028,3.137,416
222,127,2,1,1,6,11,35654,-117.021,0.310,40.478,117.021,3.139,365
222,127,2,1,1,6,12,36368,-115.177,2.457,58.260,115.203,3.120,416
222,127,2,1,1,6,13,36369,-115.070,1.114,59.990,115.075,3.132,416
222,127,2,1,1,6,14,35657,-117.138,0.885,61.058,117.141,3.134,365
222,127,2,1,1,6,15,36997,-115.787,3.869,100.813,115.852,3.108,468
222,127,2,1,1,8,0,40596,-172.156,7.391,-175.257,172.315,3.099,390
222,127,2,1,1,8,1,40599,-172.093,6.767,-162.863,172.226,3.102,390
222,127,2,1,1,8,2,40121,-173.440,0.360,-154.715,173.440,3.140,313
222,127,2,1,1,8,3,40597,-171.428,0.118,-153.034,171.428,3.141,390
222,127,2,1,1,8,4,41151,-171.093,1.737,-126.300,171.102,3.131,468
222,127,2,1,1,8,5,41154,-171.495,5.756,-94.339,171.592,3.108,468
222,127,2,1,1,8,6,41156,-171.341,4.216,-76.351,171.393,3.117,468
222,127,2,1,1,8,7,41788,-171.984,5.670,-37.624,172.077,3.109,546
222,127,2,1,1,8,8,42353,-171.353,4.337,25.799,171.408,3.116,624
222,127,2,1,1,8,9,42355,-171.191,2.720,30.392,171.213,3.126,624
222,127,2,1,1,8,10,42356,-171.553,6.339,37.799,171.670,3.105,624
222,127,2,1,1,8,11,42882,-172.261,8.444,107.273,172.468,3.093,702
222,127,2,1,1,8,12,42883,-172.000,5.828,114.865,172.099,3.108,702
222,127,2,1,1,8,13,42884,-171.720,3.039,128.137,171.747,3.124,702
222,127,2,1,1,8,14,42881,-171.683,2.664,135.859,171.704,3.126,702
222,127,2,1,1,8,15,43338,-171.646,7.271,139.325,171.800,3.099,780
223,127,3,0,1,2,0,16957,-34.289,1.312,-173.310,34.314,3.103,65
223,127,3,0,1,2,1,17509,-31.924,1.090,-161.497,31.942,3.107,80
223,127,3,0,1,2,2,16966,-34.296,1.333,-156.109,34.322,3.103,65
223,127,3,0,1,2,3,17512,-31.924,1.088,-144.773,31.942,3.108,80
223,127,3,0,1,2,4,17593,-33.492,0.533,-114.017,33.496,3.126,81
223,127,3,0,1,2,5,17560,-33.663,1.023,-109.861,33.679,3.111,81
223,127,3,0,1,2,6,18530,-31.461,0.510,-107.559,31.465,3.125,96
223,127,3,0,1,2,7,17587,-33.885,1.658,-92.263,33.926,3.093,81
223,127,3,0,1,2,8,18491,-31.419,1.246,-86.376,31.444,3.102,96
223,127,3,0,1,2,9,18610,-33.969,0.399,-66.427,33.972,3.130,97
223,127,3,0,1,2,10,20705,-31.967,0.328,-63.042,31.968,3.131,112
223,127,3,0,1,2,11,18595,-33.931,0.287,-56.329,33.932,3.133,97
223,127,3,0,1,2,12,18624,-34.075,0.701,-55.178,34.082,3.121,97
223,127,3,0,1,2,13,20623,-31.972,0.232,-53.176,31.973,3.134,112
223,127,3,0,1,2,14,20725,-31.947,0.677,-51.799,31.954,3.120,112
223,127,3,0,1,2,15,18564,-33.893,0.179,-50.999,33.893,3.136,97
223,127,3,0,1,4,0,27556,-71.197,2.074,-116.172,71.227,3.112,192
223,127,3,0,1,4,1,27541,-71.137,0.631,-113.976,71.139,3.133,192
223,127,3,0,1,4,2,27549,-71.169,1.411,-106.745,71.183,3.122,192
223,127,3,0,1,4,3,27546,-71.236,2.993,-84.487,71.298,3.100,192
223,127,3,0,1,4,4,27552,-71.213,2.467,-77.722,71.256,3.107,192
223,127,3,0,1,4,5,28724,-71.703,2.328,-64.488,71.741,3.109,224
223,127,3,0,1,4,6,28716,-71.748,3.407,-32.833,71.829,3.094,224
223,127,3,0,1,4,7,27571,-73.738,0.481,-27.544,73.740,3.135,193
223,127,3,0,1,4,8,28702,-71.632,0.624,-26.712,71.635,3.133,224
223,127,3,0,1,4,9,29743,-71.225,2.743,-0.578,71.278,3.103,256
223,127,3,0,1,4,10,28714,-71.718,2.692,-0.547,71.769,3.104,224
223,127,3,0,1,4,11,29762,-71.252,3.399,14.486,71.334,3.094,256
223,127,3,0,1,4,12,29753,-71.200,2.134,35.830,71.231,3.112,256
223,127,3,0,1,4,13,29767,-71.246,3.255,61.958,71.321,3.096,256
223,127,3,0,1,4,14,30501,-71.746,3.360,74.071,71.825,3.095,288
223,127,3,0,1,4,15,31040,-71.150,0.945,143.175,71.156,3.128,320
223,127,3,0,1,6,0,34829,-115.219,2.980,-70.994,115.258,3.116,312
223,127,3,0,1,6,1,35639,-115.924,5.591,-63.851,116.059,3.093,364
223,127,3,0,1,6,2,35645,-115.901,5.302,-51.835,116.022,3.096,364
223,127,3,0,1,6,3,35641,-115.574,1.201,-25.579,115.580,3.131,364
223,127,3,0,1,6,4,36362,-115.301,4.004,19.399,115.370,3.107,416
223,127,3,0,1,6,5,36365,-115.027,0.566,39.884,115.028,3.137,416
223,127,3,0,1,6,6,35654,-117.021,0.310,40.478,117.021,3.139,365
223,127,3,0,1,6,7,36368,-115.177,2.457,58.260,115.203,3.120,416
223,127,3,0,1,6,8,36369,-115.070,1.114,59.990,115.075,3.132,416
223,127,3,0,1,6,9,35657,-117.138,0.885,61.058,117.141,3.134,365
223,127,3,0,1,6,10,36997,-115.787,3.869,100.813,115.852,3.108,468
223,127,3,0,1,6,11,36987,-115.873,4.957,125.294,115.979,3.099,468
223,127,3,0,1,6,12,36998,-115.879,5.021,128.793,115.988,3.098,468
223,127,3,0,1,6,13,37504,-115.189,2.605,168.751,115.218,3.119,520
223,127,3,0,1,6,14,37501,-115.114,1.663,201.157,115.126,3.127,520
223,127,3,0,1,6,15,38217,-115.177,2.449,289.166,115.203,3.120,624
223,127,3,0,1,8,0,43338,-171.646,7.271,139.325,171.800,3.099,780
223,127,3,0,1,8,1,42880,-172.135,7.181,139.725,172.285,3.100,702
223,127,3,0,1,8,2,43335,-171.244,3.254,149.168,171.275,3.123,780
223,127,3,0,1,8,3,43337,-171.586,6.669,160.528,171.716,3.103,780
223,127,3,0,1,8,4,43336,-171.488,5.687,185.939,171.582,3.108,780
223,127,3,0,1,8,5,43340,-170.995,0.759,191.406,170.997,3.137,780
223,127,3,0,1,8,6,42886,-173.045,0.953,193.702,173.048,3.136,703
223,127,3,0,1,8,7,43735,-171.760,3.437,216.423,171.794,3.122,858
223,127,3,0,1,8,8,43737,-171.860,4.429,258.974,171.917,3.116,858
223,127,3,0,1,8,9,44040,-171.256,3.368,326.317,171.289,3.122,936
223,127,3,0,1,8,10,44397,-171.730,3.130,357.672,171.759,3.123,1014
223,127,3,0,1,8,11,44393,-171.480,0.637,390.132,171.481,3.138,1014
223,127,3,0,1,8,12,44396,-172.263,8.461,414.428,172.471,3.093,1014
223,127,3,0,1,8,13,44398,-172.884,0.073,420.838,172.884,3.141,1015
223,127,3,0,1,8,14,44674,-171.228,3.088,445.528,171.256,3.124,1092
223,127,3,0,1,8,15,44675,-171.545,6.264,463.219,171.659,3.105,1092
224,127,3,1,0,2,0,16957,-34.289,1.312,-173.310,34.314,3.103,65
224,127,3,1,0,2,1,17509,-31.924,1.090,-161.497,31.942,3.107,80
224,127,3,1,0,2,2,16966,-34.296,1.333,-156.109,34.322,3.103,65
224,127,3,1,0,2,3,17512,-31.924,1.088,-144.773,31.942,3.108,80
224,127,3,1,0,2,4,17593,-33.492,0.533,-114.017,33.496,3.126,81
224,127,3,1,0,2,5,17560,-33.663,1.023,-109.861,33.679,3.111,81
224,127,3,1,0,2,6,18530,-31.461,0.510,-107.559,31.465,3.125,96
224,127,3,1,0,2,7,17587,-33.885,1.658,-92.263,33.926,3.093,81
224,127,3,1,0,2,8,18491,-31.419,1.246,-86.376,31.444,3.102,96
224,127,3,1,0,2,9,18610,-33.969,0.399,-66.427,33.972,3.130,97
224,127,3,1,0,2,10,20705,-31.967,0.328,-63.042,31.968,3.131,112
224,127,3,1,0,2,11,18595,-33.931,0.287,-56.329,33.932,3.133,97
224,127,3,1,0,2,12,18624,-34.075,0.701,-55.178,34.082,3.121,97
224,127,3,1,0,2,13,20623,-31.972,0.232,-53.176,31.973,3.134,112
224,127,3,1,0,2,14,20725,-31.947,0.677,-51.799,31.954,3.120,112
224,127,3,1,0,2,15,18564,-33.893,0.179,-50.999,33.893,3.136,97
224,127,3,1,0,4,0,27553,-71.157,1.128,-131.053,71.166,3.126,192
224,127,3,1,0,4,1,27550,-71.225,2.739,-129.542,71.277,3.103,192
224,127,3,1,0,4,2,26768,-73.199,0.359,-129.056,73.200,3.137,161
224,127,3,1,0,4,3,27542,-71.196,2.044,-119.427,71.225,3.113,192
224,127,3,1,0,4,4,26752,-73.256,0.595,-117.343,73.259,3.133,161
224,127,3,1,0,4,5,27556,-71.197,2.074,-116.172,71.227,3.112,192
224,127,3,1,0,4,6,27541,-71.137,0.631,-113.976,71.139,3.133,192
224,127,3,1,0,4,7,27549,-71.169,1.411,-106.745,71.183,3.122,192
224,127,3,1,0,4,8,27546,-71.236,2.993,-84.487,71.298,3.100,192
224,127,3,1,0,4,9,27552,-71.213,2.467,-77.722,71.256,3.107,192
224,127,3,1,0,4,10,28724,-71.703,2.328,-64.488,71.741,3.109,224
224,127,3,1,0,4,11,28716,-71.748,3.407,-32.833,71.829,3.094,224
224,127,3,1,0,4,12,27571,-73.738,0.481,-27.544,73.740,3.135,193
224,127,3,1,0,4,13,28702,-71.632,0.624,-26.712,71.635,3.133,224
224,127,3,1,0,4,14,29743,-71.225,2.743,-0.578,71.278,3.103,256
224,127,3,1,0,4,15,28714,-71.718,2.692,-0.547,71.769,3.104,224
224,127,3,1,0,6,0,33639,-117.642,0.877,-159.126,117.645,3.134,209
224,127,3,1,0,6,1,34175,-115.621,1.793,-157.383,115.635,3.126,260
224,127,3,1,0,6,2,34166,-115.541,0.791,-156.258,115.544,3.135,260
224,127,3,1,0,6,3,34825,-115.183,2.532,-111.315,115.211,3.120,312
224,127,3,1,0,6,4,34823,-115.183,2.533,-111.311,115.211,3.120,312
224,127,3,1,0,6,5,34827,-115.196,2.690,-103.482,115.227,3.118,312
224,127,3,1,0,6,6,34829,-115.219,2.980,-70.994,115.258,3.116,312
224,127,3,1,0,6,7,35639,-115.924,5.591,-63.851,116.059,3.093,364
224,127,3,1,0,6,8,35645,-115.901,5.302,-51.835,116.022,3.096,364
224,127,3,1,0,6,9,35641,-115.574,1.201,-25.579,115.580,3.131,364
224,127,3,1,0,6,10,36362,-115.301,4.004,19.399,115.370,3.107,416
224,127,3,1,0,6,11,36365,-115.027,0.566,39.884,115.028,3.137,416
224,127,3,1,0,6,12,35654,-117.021,0.310,40.478,117.021,3.139,365
224,127,3,1,0,6,13,36368,-115.177,2.457,58.260,115.203,3.120,416
224,127,3,1,0,6,14,36369,-115.070,1.114,59.990,115.075,3.132,416
224,127,3,1,0,6,15,35657,-117.138,0.885,61.058,117.141,3.134,365
224,127,3,1,0,8,0,40596,-172.156,7.391,-175.257,172.315,3.099,390
224,127,3,1,0,8,1,40599,-172.093,6.767,-162.863,172.226,3.102,390
224,127,3,1,0,8,2,40121,-173.440,0.360,-154.715,173.440,3.140,313
224,127,3,1,0,8,3,40597,-171.428,0.118,-153.034,171.428,3.141,390
224,127,3,1,0,8,4,41151,-171.093,1.737,-126.300,171.102,3.131,468
224,127,3,1,0,8,5,41154,-171.495,5.756,-94.339,171.592,3.108,468
224,127,3,1,0,8,6,41156,-171.341,4.216,-76.351,171.393,3.117,468
224,127,3,1,0,8,7,41788,-171.984,5.670,-37.624,172.077,3.109,546
224,127,3,1,0,8,8,42353,-171.353,4.337,25.799,171.408,3.116,624
224,127,3,1,0,8,9,42355,-171.191,2.720,30.392,171.213,3.126,624
224,127,3,1,0,8,10,42356,-171.553,6.339,37.799,171.670,3.105,624
224,127,3,1,0,8,11,42882,-172.261,8.444,107.273,172.468,3.093,702
224,127,3,1,0,8,12,42883,-172.000,5.828,114.865,172.099,3.108,702
224,127,3,1,0,8,13,42884,-171.720,3.039,128.137,171.747,3.124,702
224,127,3,1,0,8,14,42881,-171.683,2.664,135.859,171.704,3.126,702
224,127,3,1,0,8,15,43338,-171.646,7.271,139.325,171.800,3.099,780
